ST_CASE,VEH_NO,PER_NO,P1,P2,P3,P4,P5,P6,P7,P8,P9,P10
10001,1,1,7,7,7,7,7,7,7,7,7,7
10002,1,1,16,16,16,16,16,16,16,16,16,16
10003,1,1,0,15,15,15,0,33,8,0,23,6
10004,1,1,18,6,23,31,19,17,14,16,28,31
10005,1,1,10,0,0,0,0,0,9,0,0,29
10006,1,1,23,7,0,32,11,0,8,0,0,0
10007,1,1,0,0,0,0,0,0,0,0,0,0
10008,1,1,21,21,21,21,21,21,21,21,21,21
10009,1,1,0,0,0,0,0,0,0,0,0,0
10009,2,1,0,0,0,0,0,0,0,0,14,0
10010,1,1,10,10,10,10,10,10,10,10,10,10
10011,1,1,0,0,0,0,0,0,0,0,0,0
10011,2,1,23,0,13,0,0,0,9,12,0,0
10012,1,1,0,0,0,0,0,0,0,0,0,0
10013,0,1,0,0,0,0,0,0,0,0,0,0
10013,0,2,20,0,14,15,0,0,0,0,0,0
10013,1,1,0,0,0,0,0,0,0,0,0,0
10014,1,1,22,22,22,22,22,22,22,22,22,22
10014,2,1,0,0,0,0,13,0,0,0,0,0
10015,1,1,0,0,0,0,0,0,0,0,0,0
10015,2,1,0,0,0,0,0,0,0,0,0,0
10016,1,1,26,26,26,26,26,26,26,26,26,26
10017,1,1,12,12,12,12,12,12,12,12,12,12
10018,1,1,0,0,0,0,0,0,0,0,0,0
10019,1,1,0,0,0,0,0,0,0,0,0,0
10020,1,1,13,17,16,17,25,7,0,8,16,28
10020,2,1,9,9,9,9,9,9,9,9,9,9
10021,1,1,0,0,0,0,0,0,0,0,0,0
10021,2,1,0,0,0,0,0,0,0,0,0,0
10022,1,1,0,0,0,0,0,0,0,0,19,12
10022,2,1,0,0,0,0,0,0,0,0,0,0
10023,1,1,0,0,0,0,0,0,0,0,0,0
10024,0,1,0,0,0,0,0,0,0,0,0,0
10024,1,1,0,0,0,0,0,0,0,0,0,0
10025,1,1,21,19,22,22,24,22,12,0,33,29
10025,2,1,0,0,0,0,0,0,0,0,0,0
10026,1,1,0,0,0,0,0,0,0,0,0,0
10026,2,1,8,0,0,0,0,0,0,0,3,0
10026,3,1,0,0,0,0,0,0,0,0,0,0
10027,1,1,25,25,25,25,25,25,25,25,25,25
10028,1,1,0,0,0,0,0,0,0,0,0,0
10029,1,1,0,0,0,0,0,0,0,0,0,0
10029,2,1,0,0,0,0,0,0,0,0,0,0
10030,1,1,15,0,24,21,17,0,20,0,0,34
10031,1,1,0,0,0,0,0,0,0,0,0,0
10031,2,1,0,0,0,0,0,0,0,0,0,0
10031,3,1,0,0,0,0,0,0,0,0,0,0
10032,1,1,0,0,0,0,0,0,0,0,0,0
10032,2,1,0,0,0,0,0,0,0,0,0,0
10033,1,1,0,0,0,0,0,0,0,0,0,0
10033,2,1,0,0,0,0,0,0,0,0,0,0
10034,1,1,0,0,0,0,0,0,0,0,0,0
10034,2,1,0,0,0,11,0,0,0,0,0,0
10035,1,1,0,0,0,0,0,0,0,0,0,0
10035,2,1,0,0,0,0,0,0,0,0,0,0
10036,0,1,0,0,0,0,0,0,0,0,0,0
10036,1,1,0,0,0,0,0,0,0,0,0,0
10037,1,1,0,0,0,0,0,0,0,0,0,0
10038,1,1,0,0,0,0,0,0,0,0,0,0
10038,2,1,0,0,0,0,0,0,0,0,0,0
10039,0,1,0,0,0,0,0,0,0,0,0,0
10039,1,1,0,0,0,0,0,0,0,0,0,0
10040,1,1,0,0,0,0,0,0,0,0,0,0
10040,2,1,0,0,0,0,0,0,0,0,0,0
10041,1,1,0,0,4,0,0,0,0,0,0,0
10041,2,1,0,0,0,0,0,0,0,0,0,0
10041,3,1,0,0,0,0,0,0,0,0,0,0
10042,1,1,33,21,14,22,0,0,10,11,17,15
10042,2,1,0,0,0,0,0,0,0,0,0,0
10043,1,1,13,7,21,14,6,19,12,13,12,32
10044,1,1,0,0,0,0,0,0,24,0,0,0
10045,1,1,0,0,0,0,0,0,0,0,0,0
10046,1,1,0,0,0,0,0,0,0,0,0,0
10047,1,1,13,18,26,16,5,12,27,25,19,38
10047,2,1,0,0,0,23,0,13,0,0,9,0
10048,1,1,0,0,0,0,0,0,0,0,0,0
10048,2,1,0,0,0,0,0,0,0,0,0,0
10048,3,1,0,0,0,0,0,0,0,0,0,0
10049,1,1,0,0,0,15,0,0,0,0,0,0
10049,2,1,0,0,0,0,0,0,0,0,0,0
10050,1,1,0,0,0,0,0,0,0,0,0,0
10050,2,1,0,0,0,0,0,0,0,0,0,0
10051,1,1,0,0,0,0,0,0,0,7,0,0
10051,2,1,0,0,0,0,0,0,0,0,0,0
10052,0,1,35,35,35,35,35,35,35,35,35,35
10052,1,1,0,0,0,0,0,0,0,0,0,0
10053,1,1,14,14,14,14,14,14,14,14,14,14
10054,1,1,0,0,0,0,0,0,0,0,0,0
10054,2,1,0,0,0,0,0,0,0,0,0,0
10055,1,1,0,0,0,0,0,0,0,0,0,0
10055,2,1,0,0,13,0,0,0,0,19,0,24
10056,1,1,8,8,8,8,8,8,8,8,8,8
10057,1,1,0,0,0,0,0,0,0,0,0,0
10057,2,1,0,0,0,0,0,15,0,21,0,0
10058,1,1,10,24,0,36,0,0,0,0,0,0
10059,1,1,0,0,0,0,0,0,0,0,0,0
10059,2,1,5,0,0,0,0,0,0,0,0,0
10059,3,1,7,7,7,7,7,7,7,7,7,7
10060,1,1,0,0,0,0,0,0,0,0,0,0
10060,2,1,0,0,0,0,0,0,0,0,0,0
10061,1,1,0,0,0,0,0,0,0,0,0,0
10061,2,1,0,0,0,0,0,0,0,0,0,0
10061,3,1,0,0,0,0,0,0,0,20,0,0
10062,1,1,0,0,0,13,0,0,0,0,0,0
10063,1,1,16,18,5,8,0,23,6,15,3,8
10063,2,1,0,0,0,0,0,0,0,0,0,0
10063,3,1,0,6,0,0,0,0,0,0,0,0
10063,4,1,0,0,0,0,0,0,0,0,0,0
10064,1,1,32,8,12,9,13,16,0,9,19,7
10064,2,1,8,9,0,0,0,3,13,0,9,8
10065,0,1,0,0,0,0,0,0,0,0,0,0
10065,1,1,0,0,5,0,0,23,0,0,0,0
10065,2,1,0,0,0,0,0,0,0,0,0,0
10066,1,1,7,7,7,7,7,7,7,7,7,7
10067,1,1,8,8,8,8,8,8,8,8,8,8
10068,1,1,0,0,0,0,0,0,0,0,21,0
10069,1,1,0,0,0,0,0,0,0,0,0,0
10070,1,1,0,0,0,0,0,0,6,9,0,0
10071,1,1,24,23,25,18,28,6,23,27,15,18
10072,1,1,0,0,0,0,0,0,0,0,0,0
10073,0,1,27,0,8,22,0,0,12,31,13,0
10073,1,1,0,0,0,0,0,0,0,0,0,0
10074,1,1,33,8,0,0,0,0,25,0,0,18
10075,1,1,0,0,0,0,0,0,0,0,0,0
10076,1,1,0,0,0,0,0,0,0,0,0,0
10076,2,1,0,0,0,0,0,0,0,0,0,0
10076,3,1,4,4,4,4,4,4,4,4,4,4
10077,1,1,0,0,0,0,0,0,0,0,0,0
10077,2,1,0,0,0,0,0,0,0,0,0,0
10078,1,1,0,0,0,0,0,0,0,0,0,0
10079,1,1,15,15,15,15,15,15,15,15,15,15
10080,1,1,34,0,0,0,19,0,20,0,0,0
10081,1,1,0,0,0,0,0,0,0,0,0,0
10081,2,1,0,0,0,0,0,0,0,0,0,0
10082,1,1,14,14,14,14,14,14,14,14,14,14
10082,2,1,7,7,7,7,7,7,7,7,7,7
10083,0,1,0,0,0,0,0,0,0,0,0,0
10083,1,1,0,0,0,0,0,0,0,0,0,0
10084,1,1,0,0,18,0,0,0,0,0,0,0
10085,0,1,0,0,0,0,0,0,0,0,0,0
10085,1,1,0,0,15,0,0,8,0,0,0,0
10086,1,1,0,0,0,0,0,0,0,0,0,0
10086,2,1,0,0,0,0,0,0,0,0,0,0
10086,3,1,0,0,0,0,0,0,0,0,0,0
10087,1,1,0,0,0,0,0,0,0,0,0,0
10088,1,1,0,0,0,0,0,0,0,0,0,0
10088,2,1,0,0,6,0,0,0,0,0,0,0
10089,1,1,0,0,0,0,0,0,19,0,0,0
10090,1,1,26,26,26,26,26,26,26,26,26,26
10091,0,1,24,24,24,24,24,24,24,24,24,24
10091,1,1,0,0,0,0,0,0,0,0,0,0
10092,1,1,0,0,0,0,0,0,0,0,0,0
10093,1,1,0,0,0,0,0,0,0,0,0,0
10093,2,1,0,0,0,0,0,0,0,0,0,0
10094,1,1,6,6,6,6,6,6,6,6,6,6
10095,1,1,0,0,0,0,0,0,0,0,0,0
10096,1,1,0,0,0,0,0,0,0,0,0,0
10097,1,1,25,25,25,25,25,25,25,25,25,25
10098,1,1,1,1,1,1,1,1,1,1,1,1
10098,2,1,0,0,0,0,0,0,7,0,0,0
10099,1,1,20,20,20,20,20,20,20,20,20,20
10100,1,1,0,0,0,0,0,0,0,0,0,0
10101,1,1,0,0,0,0,0,0,0,0,0,0
10102,0,1,0,0,0,0,0,0,0,0,0,0
10102,1,1,0,0,0,0,0,0,0,0,0,0
10103,1,1,0,0,0,0,0,0,0,0,0,0
10104,1,1,24,24,24,24,24,24,24,24,24,24
10105,1,1,0,0,0,10,0,0,20,0,1,0
10106,1,1,15,15,15,15,15,15,15,15,15,15
10107,1,1,4,4,4,4,4,4,4,4,4,4
10108,1,1,0,0,0,0,0,0,0,0,0,0
10108,2,1,0,0,0,0,0,0,0,0,0,0
10109,0,1,19,19,19,19,19,19,19,19,19,19
10109,1,1,0,0,0,0,0,0,0,0,0,0
10110,0,1,22,24,0,23,0,0,0,6,6,24
10110,1,1,0,0,0,0,0,0,0,0,0,0
10111,1,1,0,0,0,0,0,0,0,0,0,0
10111,2,1,0,0,0,0,0,0,0,0,0,0
10112,1,1,2,2,2,2,2,2,2,2,2,2
10112,2,1,0,0,0,0,0,0,0,0,0,0
10113,0,1,24,24,24,24,24,24,24,24,24,24
10113,1,1,16,3,0,0,0,0,0,7,0,0
10114,1,1,0,0,18,0,0,0,0,0,9,0
10115,0,1,0,0,0,0,0,0,0,0,0,0
10115,1,1,0,0,0,0,0,0,0,0,0,0
10116,1,1,0,0,0,0,0,0,0,0,0,0
10116,2,1,0,0,0,0,0,0,0,0,0,0
10117,1,1,0,0,0,0,0,0,13,0,22,0
10117,2,1,0,0,0,0,0,0,0,0,0,0
10117,3,1,0,0,0,0,0,0,0,0,0,0
10118,1,1,17,23,0,0,0,0,0,0,0,0
10119,1,1,0,0,0,0,0,0,0,0,0,0
10119,2,1,0,0,0,0,0,0,0,0,0,0
10120,1,1,19,19,19,19,19,19,19,19,19,19
10121,1,1,22,22,22,22,22,22,22,22,22,22
10121,2,1,0,0,0,0,0,0,0,0,0,0
10122,1,1,0,11,0,10,20,0,37,0,0,0
10123,1,1,19,19,19,19,19,19,19,19,19,19
10124,1,1,0,0,0,0,0,0,0,0,0,0
10125,1,1,0,0,0,0,0,0,0,0,0,28
10126,1,1,0,22,0,0,0,0,0,0,0,0
10127,0,1,0,0,0,0,0,0,0,0,0,0
10127,1,1,16,16,16,16,16,16,16,16,16,16
10128,1,1,11,0,0,0,0,0,0,0,0,15
10129,1,1,0,0,0,0,0,0,0,0,0,0
10130,0,1,0,0,0,0,0,36,31,0,0,0
10130,1,1,0,0,0,0,0,0,0,0,0,0
10131,1,1,0,0,0,0,0,0,0,0,0,0
10132,1,1,0,0,0,0,0,0,0,0,0,0
10133,1,1,20,20,20,20,20,20,20,20,20,20
10134,1,1,0,0,0,0,0,0,0,0,0,0
10134,2,1,0,0,0,0,0,0,0,0,0,0
10134,3,1,0,0,0,0,0,0,0,0,0,0
10135,1,1,0,0,0,0,0,0,0,0,0,0
10136,1,1,16,16,16,16,16,16,16,16,16,16
10137,1,1,0,12,0,23,0,0,0,0,0,0
10138,1,1,0,0,13,0,0,0,0,0,26,0
10138,2,1,0,0,12,0,0,0,0,0,0,0
10139,1,1,16,20,0,0,21,23,0,0,0,20
10140,1,1,7,7,7,7,7,7,7,7,7,7
10141,1,1,4,4,4,4,4,4,4,4,4,4
10142,1,1,24,24,24,24,24,24,24,24,24,24
10143,1,1,0,0,0,0,0,0,0,0,0,0
10143,2,1,0,0,0,0,0,0,0,0,0,0
10144,1,1,0,0,0,0,0,0,0,0,0,0
10144,2,1,21,0,0,0,0,0,0,0,0,0
10145,1,1,0,0,0,0,0,0,0,0,0,0
10145,2,1,4,4,4,4,4,4,4,4,4,4
10146,0,1,23,10,17,32,14,5,16,41,13,22
10146,0,2,13,40,27,22,16,39,13,27,22,8
10146,1,1,8,18,0,12,0,15,0,4,4,5
10147,0,1,0,0,0,0,0,0,0,0,0,0
10147,1,1,0,0,0,0,0,0,0,0,0,0
10148,0,1,16,0,0,0,0,0,0,0,0,0
10148,1,1,0,0,0,0,0,0,0,0,0,0
10148,2,1,0,20,0,0,0,0,0,0,0,0
10149,1,1,0,0,12,16,25,0,0,15,0,0
10150,1,1,0,0,0,0,0,0,0,0,0,0
10150,2,1,0,0,0,0,0,0,0,0,0,0
10151,1,1,0,0,0,0,0,0,0,0,0,0
10151,2,1,8,0,0,0,0,0,0,0,0,0
10152,1,1,0,0,0,0,0,0,0,0,0,0
10152,2,1,0,0,0,0,0,0,0,0,0,0
10153,0,1,4,4,4,4,4,4,4,4,4,4
10153,1,1,0,0,0,0,0,0,0,0,0,0
10154,1,1,0,0,0,0,0,0,0,0,0,0
10155,1,1,0,0,0,0,0,0,0,0,0,0
10155,2,1,0,0,0,0,0,0,0,0,0,0
10156,1,1,22,22,22,22,22,22,22,22,22,22
10157,1,1,0,0,0,0,0,0,0,0,0,0
10158,1,1,24,24,24,24,24,24,24,24,24,24
10159,1,1,0,0,0,0,0,0,0,0,0,0
10159,2,1,25,25,25,25,25,25,25,25,25,25
10160,1,1,0,0,0,0,0,0,0,0,0,0
10161,0,1,4,4,4,4,4,4,4,4,4,4
10161,1,1,0,0,0,0,0,0,0,0,0,0
10162,1,1,0,0,0,0,0,0,0,0,0,0
10163,1,1,0,0,0,0,0,0,0,0,0,0
10164,1,1,0,0,0,0,0,0,0,0,0,0
10164,2,1,0,0,0,0,0,0,0,0,0,0
10165,1,1,0,0,0,0,0,0,0,0,16,16
10166,1,1,0,0,0,0,0,0,0,0,0,0
10167,1,1,0,0,0,0,0,0,0,0,0,0
10167,2,1,0,0,0,0,0,0,0,0,0,0
10168,1,1,0,0,0,0,0,0,0,0,0,0
10168,2,1,0,0,0,0,0,0,0,0,0,0
10169,1,1,7,7,7,7,7,7,7,7,7,7
10170,1,1,20,20,20,20,20,20,20,20,20,20
10171,0,1,0,0,0,0,0,0,0,0,0,0
10171,0,2,0,0,0,0,0,0,0,0,0,0
10171,1,1,0,0,0,0,0,0,0,0,0,0
10171,2,1,0,0,0,0,0,13,0,18,0,12
10172,1,1,0,0,0,0,0,0,0,0,0,0
10172,2,1,0,0,0,0,0,0,0,0,0,0
10173,1,1,28,25,9,25,23,18,22,0,6,26
10174,2,1,16,16,16,16,16,16,16,16,16,16
10175,1,1,0,0,0,0,0,0,0,0,0,0
10176,1,1,29,29,29,29,29,29,29,29,29,29
10177,1,1,21,21,21,21,21,21,21,21,21,21
10178,1,1,0,0,0,0,0,0,0,0,0,0
10179,1,1,0,0,0,0,0,0,0,0,0,0
10180,1,1,12,12,12,12,12,12,12,12,12,12
10181,1,1,13,13,13,13,13,13,13,13,13,13
10182,1,1,0,0,0,23,0,0,0,0,0,10
10183,1,1,0,0,0,0,0,0,0,0,0,0
10184,0,1,0,39,27,0,0,8,23,11,11,0
10184,1,1,0,0,0,0,0,0,0,0,0,0
10185,1,1,0,0,0,0,0,0,0,0,0,0
10185,2,1,0,0,0,0,0,0,0,0,0,0
10186,1,1,0,0,0,0,0,0,0,0,0,0
10186,2,1,0,0,0,0,0,0,0,0,0,0
10187,1,1,29,29,29,29,29,29,29,29,29,29
10188,1,1,0,0,0,0,0,0,0,0,0,0
10188,2,1,0,0,0,17,0,0,0,0,0,10
10189,1,1,17,17,25,12,18,17,13,12,4,22
10190,1,1,0,0,0,0,0,0,0,0,0,0
10190,2,1,0,0,0,0,0,0,0,0,0,0
10191,1,1,0,0,0,0,0,0,0,0,0,0
10191,2,1,0,0,0,0,0,0,0,0,0,0
10192,1,1,0,42,0,0,18,13,0,8,0,0
10192,2,1,0,0,0,0,0,0,0,0,0,0
10193,1,1,0,0,0,0,0,0,0,0,0,0
10193,2,1,0,0,0,0,0,0,0,0,0,0
10194,1,1,0,0,0,0,0,0,0,0,0,0
10195,1,1,0,0,0,0,0,0,0,0,8,0
10195,2,1,0,0,0,0,0,0,0,6,0,21
10196,1,1,0,0,0,0,0,0,0,0,0,0
10197,1,1,0,0,0,0,0,0,0,0,0,0
10198,1,1,0,9,31,0,0,14,0,0,0,17
10199,1,1,35,35,35,35,35,35,35,35,35,35
10199,2,1,0,0,0,0,0,11,0,0,0,0
10200,1,1,0,0,0,0,0,0,0,0,0,0
10201,1,1,0,0,0,0,0,0,0,0,0,0
10201,2,1,4,4,4,4,4,4,4,4,4,4
10202,1,1,0,0,0,0,0,0,0,12,0,22
10203,1,1,9,9,9,9,9,9,9,9,9,9
10203,2,1,0,0,0,0,0,0,0,0,0,0
10204,1,1,0,0,0,0,0,0,0,0,0,0
10205,1,1,0,0,0,0,0,0,0,0,0,0
10205,2,1,0,0,0,0,0,0,0,0,0,0
10206,1,1,0,0,0,0,0,0,0,0,0,0
10206,2,1,0,0,0,0,0,0,0,0,0,0
10207,1,1,0,0,0,4,0,0,0,23,0,0
10208,1,1,0,0,0,22,11,0,0,0,0,0
10209,1,1,24,24,24,24,24,24,24,24,24,24
10209,2,1,0,0,0,0,0,0,0,0,0,0
10210,1,1,0,0,0,0,0,0,0,0,0,0
10210,2,1,0,0,0,0,0,0,0,0,16,0
10211,1,1,0,0,0,0,0,0,0,0,0,0
10211,2,1,0,0,0,0,0,0,0,0,0,0
10212,1,1,0,0,0,0,0,0,0,0,0,0
10212,2,1,0,0,0,0,0,0,0,0,0,0
10213,1,1,0,0,0,0,0,0,0,0,0,0
10214,1,1,20,20,20,20,20,20,20,20,20,20
10215,1,1,0,0,0,0,0,0,0,0,0,0
10215,2,1,0,0,0,0,0,0,0,0,0,0
10216,1,1,0,0,0,0,0,0,0,0,0,0
10216,2,1,0,0,0,0,0,0,0,0,0,0
10217,1,1,0,0,0,0,0,0,0,0,0,0
10217,2,1,0,0,0,0,0,0,0,0,0,0
10218,1,1,30,30,30,30,30,30,30,30,30,30
10219,1,1,0,0,0,0,0,0,0,0,0,0
10220,1,1,0,0,0,0,0,0,0,0,0,0
10221,1,1,0,0,0,0,0,0,0,0,0,0
10221,2,1,0,0,0,0,0,0,0,0,0,0
10222,1,1,0,0,0,0,0,0,0,0,0,0
10223,1,1,0,0,0,0,0,19,0,0,0,0
10223,2,1,0,0,0,0,0,0,0,0,0,0
10224,1,1,0,0,0,0,0,0,0,0,0,0
10224,2,1,0,0,0,0,0,0,0,0,0,0
10225,1,1,0,0,0,0,0,0,0,0,0,0
10225,2,1,0,0,0,0,0,0,0,0,0,0
10225,3,1,0,0,0,0,0,0,0,0,0,0
10226,1,1,0,0,0,0,0,0,0,0,0,0
10226,2,1,0,0,0,0,0,0,0,0,0,0
10227,1,1,0,0,0,0,0,0,0,0,0,0
10227,2,1,0,0,0,0,0,0,0,0,0,0
10227,3,1,0,0,0,0,0,0,0,0,0,0
10228,1,1,0,12,0,0,0,0,0,0,0,0
10229,0,1,13,13,13,13,13,13,13,13,13,13
10229,1,1,5,0,0,0,0,0,0,19,0,0
10230,0,1,0,0,0,0,0,0,0,0,0,0
10230,0,2,0,0,0,0,11,0,0,0,16,40
10230,1,1,0,0,0,0,0,0,0,0,0,0
10231,1,1,27,13,23,8,0,21,13,14,11,14
10232,1,1,14,14,14,14,14,14,14,14,14,14
10232,2,1,0,0,0,0,0,0,0,0,0,0
10233,1,1,25,25,25,25,25,25,25,25,25,25
10234,0,1,0,0,0,0,0,0,0,0,0,0
10234,1,1,0,0,0,0,0,0,0,0,0,0
10235,1,1,0,0,0,0,0,0,0,0,0,0
10236,1,1,0,0,0,0,0,0,0,0,0,0
10237,1,1,17,17,17,17,17,17,17,17,17,17
10238,1,1,0,0,20,0,0,0,0,0,0,0
10239,1,1,0,0,0,0,0,0,0,0,0,0
10240,1,1,9,9,9,9,9,9,9,9,9,9
10241,0,1,0,0,0,0,0,0,0,0,0,0
10241,1,1,0,0,0,0,0,0,0,0,0,0
10242,1,1,0,0,0,0,0,0,0,0,0,0
10243,1,1,1,1,1,1,1,1,1,1,1,1
10243,2,1,0,0,0,0,0,0,0,0,0,0
10244,1,1,0,0,0,0,0,0,0,0,0,0
10245,1,1,15,0,0,0,0,0,0,0,0,0
10246,1,1,0,0,0,0,0,0,20,0,18,0
10246,2,1,0,0,0,0,0,0,0,0,0,0
10247,1,1,0,0,0,0,0,0,0,0,0,0
10247,2,1,0,0,0,0,0,0,0,0,0,0
10248,1,1,0,0,0,0,0,0,0,0,0,0
10249,1,1,0,0,0,0,0,0,0,0,0,0
10250,1,1,16,16,16,16,16,16,16,16,16,16
10250,2,1,4,4,4,4,4,4,4,4,4,4
10251,1,1,0,0,0,0,0,0,0,0,0,0
10252,1,1,0,0,0,0,0,0,0,0,0,0
10253,1,1,0,0,0,0,0,0,0,0,0,0
10253,2,1,0,0,0,0,0,0,0,0,0,0
10254,1,1,0,0,3,0,2,0,0,0,0,0
10254,2,1,0,0,0,0,0,0,0,0,0,0
10255,1,1,0,0,0,0,0,0,0,0,0,0
10255,2,1,0,0,16,0,0,0,0,0,0,0
10256,1,1,26,26,26,26,26,26,26,26,26,26
10257,1,1,27,27,27,27,27,27,27,27,27,27
10258,1,1,0,0,0,0,0,0,0,0,0,0
10258,2,1,0,0,0,0,0,0,0,0,0,0
10259,1,1,0,0,0,0,6,13,0,0,0,22
10260,1,1,0,0,0,0,0,0,0,0,0,0
10261,1,1,24,24,24,24,24,24,24,24,24,24
10262,0,1,16,12,33,18,25,15,23,39,38,0
10262,1,1,0,0,0,0,0,0,0,0,0,0
10263,0,1,17,17,17,17,17,17,17,17,17,17
10263,1,1,0,0,0,0,0,0,0,0,0,0
10264,1,1,0,0,0,0,0,0,0,0,0,0
10264,2,1,0,0,0,0,0,0,0,0,0,0
10264,3,1,0,0,0,0,0,0,0,0,0,0
10264,4,1,0,0,0,0,0,0,0,0,0,0
10264,5,1,0,0,0,0,0,0,0,0,0,0
10265,1,1,0,0,0,0,0,0,0,0,0,0
10265,2,1,0,31,2,13,0,0,2,0,0,0
10266,1,1,0,0,0,0,0,0,0,0,0,0
10266,2,1,0,0,0,0,0,0,0,0,0,0
10267,1,1,20,20,20,20,20,20,20,20,20,20
10268,0,1,12,12,12,12,12,12,12,12,12,12
10268,1,1,0,0,0,0,0,0,0,0,0,0
10269,1,1,0,0,0,0,0,0,0,0,0,0
10269,2,1,0,0,0,0,0,0,0,0,0,0
10271,1,1,0,0,0,0,0,0,0,0,0,0
10271,2,1,0,0,0,0,0,0,0,0,0,0
10272,1,1,0,0,0,0,0,0,0,0,0,0
10272,2,1,0,0,0,0,0,0,0,0,0,0
10273,1,1,0,0,0,0,0,0,0,0,0,0
10273,2,1,0,0,0,0,0,0,0,0,0,0
10274,0,1,0,0,0,0,0,0,0,0,0,0
10274,1,1,0,0,0,0,0,0,0,0,0,0
10275,0,1,33,33,33,33,33,33,33,33,33,33
10275,1,1,5,17,7,0,13,6,25,0,0,0
10276,1,1,8,8,8,8,8,8,8,8,8,8
10277,0,1,0,0,0,0,38,0,28,0,0,0
10277,1,1,0,0,21,0,0,0,0,0,0,0
10278,1,1,0,0,0,0,0,0,0,0,0,0
10279,1,1,0,0,0,0,0,0,0,0,0,0
10280,0,1,13,13,13,13,13,13,13,13,13,13
10280,1,1,0,0,0,0,0,0,0,0,0,0
10281,1,1,24,24,24,24,24,24,24,24,24,24
10281,2,1,0,0,0,0,0,0,0,0,0,0
10282,1,1,0,0,0,0,0,0,0,0,0,0
10282,2,1,0,0,0,0,0,0,0,0,0,0
10283,0,1,0,0,0,0,0,0,0,0,0,0
10283,1,1,0,0,0,0,0,0,0,0,0,0
10284,0,1,0,0,0,0,0,0,0,0,0,0
10284,1,1,0,0,0,0,0,0,0,0,0,0
10285,1,1,0,0,0,0,0,0,0,0,0,0
10286,1,1,0,0,11,0,0,0,12,19,20,11
10287,1,1,0,0,0,0,0,0,0,0,0,0
10287,2,1,12,0,0,0,0,0,23,0,11,9
10287,3,1,0,0,0,8,0,0,0,0,0,0
10288,1,1,0,0,0,0,0,0,0,0,0,0
10289,1,1,0,0,0,0,0,0,0,0,0,0
10289,2,1,0,0,0,0,0,0,0,0,0,0
10290,0,1,0,0,0,0,0,0,0,0,0,0
10290,1,1,0,0,0,0,0,0,0,0,0,0
10291,1,1,0,0,0,0,0,0,0,0,0,0
10291,2,1,0,0,0,0,0,0,0,0,0,0
10292,0,1,0,16,34,0,0,0,0,0,0,0
10292,1,1,0,0,0,0,0,0,0,0,0,0
10293,1,1,0,0,0,0,0,0,0,0,0,0
10294,1,1,10,10,10,10,10,10,10,10,10,10
10295,1,1,0,0,0,0,0,0,0,13,0,0
10296,1,1,1,1,1,1,1,1,1,1,1,1
10296,2,1,0,0,0,0,0,0,0,0,0,0
10297,1,1,19,19,19,19,19,19,19,19,19,19
10298,1,1,19,19,19,19,19,19,19,19,19,19
10299,1,1,3,3,3,3,3,3,3,3,3,3
10300,1,1,0,0,0,0,0,0,0,0,0,0
10301,0,1,9,14,0,0,0,0,23,22,30,21
10301,1,1,0,0,0,0,0,0,0,0,0,0
10302,1,1,0,0,0,0,0,0,0,0,0,0
10303,1,1,0,0,0,0,0,0,0,0,0,0
10304,1,1,29,29,29,29,29,29,29,29,29,29
10305,1,1,18,18,18,18,18,18,18,18,18,18
10306,0,1,0,0,0,0,0,0,0,0,0,0
10306,1,1,0,0,0,0,0,0,0,0,0,0
10307,1,1,0,0,0,0,0,0,16,0,0,0
10307,2,1,0,0,0,0,0,0,0,0,0,0
10308,1,1,0,0,0,0,0,0,0,0,0,0
10309,1,1,0,11,0,0,0,10,0,0,0,19
10310,1,1,0,0,0,0,0,0,0,0,0,0
10310,2,1,0,0,0,0,0,0,0,0,0,0
10311,0,1,24,24,24,24,24,24,24,24,24,24
10311,1,1,0,0,0,0,0,0,0,0,0,0
10312,1,1,0,0,0,0,0,0,0,0,0,0
10313,1,1,14,14,14,14,14,14,14,14,14,14
10314,0,1,30,30,30,30,30,30,30,30,30,30
10314,1,1,0,12,0,0,11,0,0,0,0,0
10315,1,1,0,0,0,0,0,0,0,0,0,0
10315,2,1,0,0,0,0,0,0,0,0,0,0
10316,1,1,0,9,5,29,0,0,24,3,25,17
10317,0,1,14,0,0,0,0,0,0,0,0,0
10317,1,1,0,0,0,11,0,0,0,0,0,0
10318,1,1,0,0,0,0,0,0,0,0,0,0
10318,2,1,0,0,0,0,0,0,0,0,0,0
10319,1,1,0,0,0,0,0,0,0,0,0,0
10320,1,1,17,17,17,17,17,17,17,17,17,17
10321,1,1,0,0,0,0,0,0,0,0,0,0
10321,2,1,0,0,0,0,0,0,0,0,0,0
10322,1,1,17,17,17,17,17,17,17,17,17,17
10322,2,1,0,0,0,15,0,0,0,0,0,0
10323,1,1,0,0,0,31,0,0,0,0,0,0
10323,2,1,0,0,0,0,0,0,0,0,0,0
10324,0,1,0,0,0,0,0,0,0,0,0,0
10324,1,1,0,0,0,0,0,0,0,0,0,0
10325,1,1,0,0,0,0,0,0,0,0,0,0
10325,2,1,0,0,0,0,0,0,0,0,0,0
10326,1,1,15,15,15,15,15,15,15,15,15,15
10326,2,1,0,0,0,0,0,0,0,0,0,0
10327,1,1,5,5,5,5,5,5,5,5,5,5
10328,1,1,0,0,0,0,0,0,0,0,0,0
10329,1,1,21,6,8,10,18,22,28,23,20,29
10330,1,1,0,0,0,0,0,0,0,0,0,0
10331,1,1,0,0,0,0,0,0,0,0,0,0
10332,0,1,1,1,1,1,1,1,1,1,1,1
10332,1,1,0,0,0,0,0,0,0,0,0,0
10333,1,1,10,6,13,0,4,13,22,19,10,11
10333,2,1,0,0,0,0,0,0,0,0,0,0
10333,3,1,0,19,0,0,0,0,0,20,0,9
10333,4,1,0,0,0,18,0,0,0,0,0,0
10334,1,1,0,0,0,0,0,0,0,0,0,0
10335,1,1,0,0,0,0,0,0,0,0,0,0
10336,0,1,0,0,0,0,0,0,0,0,7,0
10336,1,1,0,0,0,0,0,0,21,0,0,7
10337,1,1,21,21,21,21,21,21,21,21,21,21
10338,1,1,25,16,27,26,19,6,15,0,16,17
10338,2,1,0,0,0,0,0,0,0,22,0,0