ST_CASE,VEH_NO,PER_NO,P1,P2,P3,P4,P5,P6,P7,P8,P9,P10
80426,1,1,0,0,0,0,0,0,0,0,0,0
80426,2,1,0,0,0,0,0,0,0,0,0,0
80427,1,1,0,0,0,0,0,0,0,0,0,0
80427,2,1,0,0,0,0,0,0,0,0,0,0
80428,0,1,0,0,0,0,0,0,0,0,0,0
80428,1,1,0,0,0,0,0,0,0,0,0,0
80429,1,1,0,0,0,0,0,0,0,0,0,0
80429,2,1,0,0,0,0,0,0,0,0,0,0
80430,0,1,0,0,0,0,0,0,0,0,0,0
80430,1,1,0,0,0,0,0,0,0,0,0,0
80431,1,1,5,5,5,5,5,5,5,5,5,5
80432,1,1,14,14,14,14,14,14,14,14,14,14
80433,1,1,0,0,0,0,0,0,0,0,0,0
80433,2,1,0,0,0,0,0,0,0,0,0,0
80434,1,1,4,4,4,4,4,4,4,4,4,4
80435,0,1,0,0,0,0,0,0,0,0,0,0
80435,1,1,0,0,0,0,0,0,0,0,7,0
80436,1,1,0,11,0,0,0,0,0,0,0,0
80436,2,1,0,0,0,0,0,0,0,0,0,0
80437,1,1,0,0,0,0,0,0,0,0,0,0
80437,2,1,0,0,15,0,0,0,0,0,0,0
80437,3,1,0,0,0,0,0,0,0,0,0,0
80438,0,1,0,0,0,0,0,0,0,0,0,0
80438,1,1,11,0,0,0,0,0,0,0,0,0
80439,1,1,0,0,0,0,0,0,0,0,0,0
80439,2,1,0,0,0,0,0,0,0,0,0,0
80440,1,1,27,27,27,27,27,27,27,27,27,27
80441,1,1,0,0,0,0,14,0,0,0,0,0
80441,2,1,0,0,0,0,0,0,0,0,0,0
80442,1,1,18,18,18,18,18,18,18,18,18,18
80443,1,1,0,0,0,0,0,0,0,0,0,0
80444,1,1,0,0,0,0,0,0,0,0,0,0
80444,2,1,0,0,0,0,0,0,0,0,0,0
80444,3,1,0,0,0,0,0,0,0,0,0,0
80444,4,1,0,0,0,0,0,0,0,0,0,0
80445,1,1,0,0,0,0,0,0,0,0,0,0
80446,1,1,6,6,6,6,6,6,6,6,6,6
80447,1,1,0,0,0,0,0,0,0,0,0,0
80448,0,1,0,0,0,0,0,0,0,0,0,0
80448,1,1,0,0,0,0,0,0,0,0,0,0
80449,0,1,1,1,1,1,1,1,1,1,1,1
80449,1,1,0,0,0,0,0,0,0,0,0,0
80450,1,1,0,0,0,0,0,0,0,0,0,0
80450,2,1,0,0,0,0,0,0,0,0,0,0
80451,0,1,0,0,0,0,0,0,0,0,0,0
80451,1,1,0,0,0,0,0,0,0,0,0,0
80452,1,1,6,6,6,6,6,6,6,6,6,6
80453,0,1,10,10,10,10,10,10,10,10,10,10
80453,1,1,0,0,0,0,0,0,0,0,0,0
80454,1,1,0,0,0,0,0,0,0,0,0,0
80454,2,1,0,0,0,0,0,0,0,0,0,0
80455,1,1,0,0,0,0,0,0,0,0,0,0
80455,2,1,0,0,0,0,0,0,0,0,0,0
80456,1,1,10,10,10,10,10,10,10,10,10,10
80456,2,1,0,0,0,0,0,0,0,0,0,0
80457,1,1,31,31,31,31,31,31,31,31,31,31
80457,2,1,0,0,0,0,11,0,0,0,0,0
80458,1,1,0,0,0,0,0,0,0,0,0,0
80459,0,1,23,23,23,23,23,23,23,23,23,23
80459,1,1,0,0,0,0,0,0,0,0,0,0
80460,1,1,32,32,32,32,32,32,32,32,32,32
80461,1,1,0,0,0,0,0,0,0,0,0,0
80461,2,1,0,0,0,0,0,0,0,0,0,0
80461,3,1,0,0,0,0,0,0,0,0,0,0
80462,1,1,0,0,0,0,0,0,0,0,0,0
80462,2,1,0,0,0,0,0,0,0,0,0,0
80462,3,1,0,0,0,0,0,0,0,0,0,0
80462,4,1,0,0,0,0,0,0,0,0,0,0
80462,5,1,0,0,15,0,0,0,0,0,0,0
80463,1,1,0,0,0,0,0,0,0,0,0,0
80463,2,1,0,0,0,0,0,0,0,0,0,0
80464,1,1,0,0,0,0,0,0,0,0,0,0
80464,2,1,0,0,0,0,0,0,0,0,0,0
80464,3,1,0,0,0,0,0,0,0,0,0,0
80465,1,1,0,0,0,0,0,0,0,0,0,0
80465,2,1,0,0,0,0,0,0,0,0,0,0
80466,1,1,0,0,0,0,0,0,0,0,0,0
80467,1,1,19,19,19,19,19,19,19,19,19,19
80468,0,1,38,38,38,38,38,38,38,38,38,38
80468,1,1,0,0,0,0,0,0,0,0,0,0
80469,0,1,0,0,0,0,0,0,0,0,0,0
80469,1,1,0,0,0,0,0,0,0,0,19,0
80470,1,1,10,10,10,10,10,10,10,10,10,10
80471,0,1,21,21,21,21,21,21,21,21,21,21
80471,0,2,20,19,24,16,0,11,0,0,0,0
80471,1,1,11,0,12,0,13,0,24,0,19,17
80472,1,1,0,0,0,0,0,0,0,0,0,0
80472,2,1,0,0,0,0,0,0,8,0,0,0
80473,1,1,1,1,1,1,1,1,1,1,1,1
80474,0,1,31,31,31,31,31,31,31,31,31,31
80474,1,1,0,0,0,19,0,0,17,0,0,0
80475,1,1,0,0,0,0,0,0,0,0,0,0
80476,1,1,0,0,0,0,0,0,0,0,0,0
80476,2,1,0,0,0,0,0,0,0,0,0,0
80476,3,1,0,0,0,0,0,0,0,0,0,0
80477,0,1,19,19,19,19,19,19,19,19,19,19
80477,1,1,0,0,0,0,0,0,0,0,0,0
80478,1,1,0,0,0,0,0,0,0,0,0,0
80479,1,1,0,0,0,6,7,0,0,0,0,3
80479,2,1,0,0,0,0,0,0,0,0,0,0
80480,1,1,16,16,16,16,16,16,16,16,16,16
80480,2,1,0,0,0,0,0,0,0,0,0,0
80481,1,1,0,0,0,0,0,0,0,0,0,0
80481,2,1,0,0,0,0,0,0,0,0,0,0
80482,0,1,0,0,0,0,8,0,0,0,0,19
80483,1,1,29,29,29,29,29,29,29,29,29,29
80483,2,1,0,0,0,0,0,17,0,0,0,0
80484,1,1,0,0,0,0,0,0,0,0,0,0
80484,2,1,0,0,0,0,0,0,0,0,0,0
80485,1,1,0,0,0,0,0,0,0,0,0,0
80485,2,1,0,0,0,0,0,0,0,0,0,0
80485,3,1,0,0,0,0,0,0,0,0,0,0
80486,0,1,0,0,0,0,0,0,0,0,0,0
80486,1,1,0,0,9,0,0,0,0,0,0,0
80487,1,1,0,0,0,6,12,0,0,0,0,0
80488,1,1,0,0,0,29,0,0,0,0,0,0
80488,2,1,0,0,0,0,0,0,9,0,0,0
80488,3,1,0,0,0,0,0,0,28,0,0,0
80489,1,1,0,0,0,0,0,0,0,0,0,0
80490,0,1,0,0,0,0,0,16,0,0,0,0
80490,1,1,0,0,0,0,0,0,0,0,0,0
80491,1,1,0,0,0,0,0,0,0,0,0,0
80491,2,1,0,0,0,0,0,0,0,0,0,0
80491,3,1,0,0,0,0,0,0,0,0,0,0
80492,1,1,0,0,0,0,0,0,0,0,0,0
80493,1,1,0,0,0,0,0,0,0,0,0,0
80494,0,1,0,0,0,0,0,0,0,0,0,0
80494,1,1,0,0,19,0,0,0,0,0,0,0
80495,0,1,18,18,18,18,18,18,18,18,18,18
80495,1,1,17,0,0,0,0,0,0,0,0,0
80496,0,1,0,0,0,0,0,0,0,0,0,0
80496,1,1,7,7,7,7,7,7,7,7,7,7
80497,0,1,3,3,3,3,3,3,3,3,3,3
80497,1,1,0,0,39,0,0,0,0,0,0,0
80498,1,1,0,0,0,0,0,0,0,0,0,7
80499,1,1,0,0,0,0,0,0,0,0,0,0
80499,2,1,0,0,0,0,0,0,0,0,0,0
80500,1,1,0,0,0,0,0,0,0,0,0,0
80500,2,1,0,0,0,0,0,0,0,0,0,0
80501,0,1,0,0,0,0,0,0,0,0,0,0
80501,1,1,0,0,0,0,0,0,0,0,0,0
80502,0,1,0,0,0,0,0,0,0,0,0,0
80502,1,1,0,0,0,0,0,0,0,0,0,0
80503,0,1,40,0,19,19,20,6,2,29,0,11
80503,1,1,0,0,0,0,0,0,0,0,0,0
80504,1,1,18,18,18,18,18,18,18,18,18,18
80505,1,1,0,0,0,0,0,0,0,0,0,0
80506,0,1,0,0,0,0,0,0,0,0,0,0
80506,1,1,0,0,0,0,0,0,0,0,0,0
80507,0,1,0,0,0,0,0,0,0,0,0,0
80507,1,1,0,0,0,0,0,0,0,0,0,0
80508,1,1,0,0,0,0,0,0,0,0,0,0
80508,2,1,0,0,0,0,0,0,0,0,0,0
80509,1,1,25,25,25,25,25,25,25,25,25,25
80510,1,1,0,0,0,0,0,0,0,0,18,5
80511,1,1,0,0,0,0,0,0,0,0,0,0
80511,2,1,0,0,0,0,0,0,0,0,0,0
80512,0,1,0,0,0,5,0,0,35,0,0,0
80512,1,1,0,0,0,0,0,0,0,0,0,0
80513,1,1,0,0,0,0,0,0,0,0,0,0
80513,2,1,0,0,0,15,15,0,0,0,0,0
80513,3,1,0,0,0,0,0,0,0,0,0,0
80514,1,1,0,0,0,0,0,0,0,0,0,0
80515,1,1,1,1,1,1,1,1,1,1,1,1
80516,0,1,18,18,18,18,18,18,18,18,18,18
80516,1,1,0,0,0,0,0,0,0,0,0,20
80517,1,1,0,0,0,0,0,0,0,0,0,0
80517,2,1,0,0,0,0,0,0,0,0,0,0
80517,3,1,0,0,0,0,0,0,0,0,0,0
80518,1,1,26,11,9,22,11,20,10,5,0,0
80518,2,1,0,0,0,0,0,0,0,0,0,0
80519,1,1,9,9,9,9,9,9,9,9,9,9
80519,2,1,0,0,0,0,14,0,0,0,0,0
80520,1,1,27,27,27,27,27,27,27,27,27,27
80521,0,1,0,0,0,0,0,0,0,0,0,0
80521,1,1,0,0,0,0,0,0,0,0,0,0
80522,1,1,1,1,1,1,1,1,1,1,1,1
80523,1,1,0,0,0,0,0,0,0,0,0,0
80523,2,1,0,0,0,0,0,14,0,0,0,29
80524,0,1,0,0,0,0,0,0,0,0,0,0
80524,1,1,0,0,0,0,0,0,0,0,0,0
80524,2,1,0,0,0,0,0,0,0,18,0,0
80524,3,1,0,0,0,0,0,0,0,0,0,0
80525,1,1,0,0,0,0,0,0,0,0,0,0
80526,0,1,0,0,0,0,0,0,0,0,0,0
80526,1,1,0,0,0,0,0,0,0,0,0,0
80527,1,1,0,0,0,0,0,0,0,0,0,0
80527,2,1,0,0,0,0,0,0,0,0,0,0
80528,1,1,0,27,0,0,0,0,0,0,26,0
80528,2,1,0,0,0,0,0,0,0,0,0,0
80529,1,1,0,0,0,0,0,21,0,0,0,0
80530,1,1,0,0,0,0,0,0,0,0,0,0
80531,1,1,21,21,21,21,21,21,21,21,21,21
80532,1,1,12,12,12,12,12,12,12,12,12,12
80533,0,1,28,28,28,28,28,28,28,28,28,28
80533,1,1,0,0,0,0,11,0,0,0,0,0
80534,0,1,5,5,5,5,5,5,5,5,5,5
80534,1,1,0,0,0,0,0,0,0,0,0,0
80535,1,1,0,0,0,0,0,0,0,0,0,0
80535,2,1,0,0,0,0,0,0,0,0,0,0
80535,3,1,0,0,0,0,0,0,0,0,0,0
80535,4,1,0,0,0,0,0,0,0,0,0,0
80536,0,1,30,30,30,30,30,30,30,30,30,30
80536,1,1,16,0,0,0,0,0,0,0,0,0
80537,1,1,0,0,0,0,0,0,0,0,0,0
80537,2,1,0,0,0,0,0,0,0,0,0,0
80538,1,1,0,0,0,0,0,0,0,0,0,0
80539,0,1,0,0,0,0,0,0,0,0,0,0
80539,1,1,0,0,0,0,0,0,0,0,0,0
80540,1,1,0,0,0,0,0,6,0,21,0,31
80541,1,1,23,23,23,23,23,23,23,23,23,23
80542,0,1,0,0,0,0,0,0,0,0,0,0
80542,1,1,35,35,35,35,35,35,35,35,35,35
80543,1,1,0,0,0,0,0,0,0,0,0,0
80543,2,1,0,0,0,0,0,0,0,0,0,0
80543,3,1,0,0,0,0,0,0,0,0,0,0
80544,1,1,0,0,0,0,0,0,0,0,0,0
80544,2,1,0,0,0,0,18,0,0,0,0,0
80545,1,1,0,0,0,0,0,0,0,0,0,0
80545,2,1,0,0,0,0,0,0,0,0,0,0
80546,1,1,10,10,10,10,10,10,10,10,10,10
80547,1,1,0,0,0,0,0,0,0,0,0,0
80548,1,1,0,31,22,0,0,0,0,0,0,0
80548,2,1,0,0,0,0,0,0,0,0,0,0
80549,1,1,17,17,17,17,17,17,17,17,17,17
80549,2,1,0,0,0,0,0,0,0,0,0,0
80550,1,1,15,0,0,0,0,0,0,25,0,0
80551,1,1,0,0,0,0,0,0,0,0,0,0
80552,1,1,0,0,0,0,0,0,0,0,0,0
80552,2,1,0,0,0,0,0,0,0,0,0,0
80552,3,1,0,0,0,0,0,0,0,0,0,0
80552,4,1,0,0,0,0,0,0,0,0,0,0
80552,5,1,0,0,0,0,0,0,0,0,0,0
80553,1,1,4,12,10,0,2,0,0,25,18,3
80553,2,1,0,0,0,0,0,0,0,0,0,0
80554,1,1,0,0,0,0,0,0,0,0,0,0
80555,1,1,0,0,0,0,0,0,0,0,0,0
80556,0,1,22,22,22,22,22,22,22,22,22,22
80556,1,1,7,17,24,0,11,11,8,11,25,5
80557,1,1,0,0,0,0,0,0,0,0,0,0
80557,2,1,0,0,0,0,0,0,0,0,0,0
80558,1,1,28,7,25,20,15,10,12,7,18,11
80558,2,1,0,0,0,0,0,0,0,0,0,0
80558,3,1,0,0,0,0,0,0,0,0,0,0
80559,1,1,24,22,20,17,12,13,6,16,3,14
80559,2,1,0,0,0,0,0,0,0,7,0,0
90001,1,1,0,0,0,0,0,0,0,0,0,0
90001,2,1,0,0,0,0,0,0,0,0,0,0
90001,3,1,0,0,0,0,0,0,0,0,0,0
90001,4,1,30,0,0,0,0,19,0,0,0,0
90001,5,1,0,0,0,0,0,0,0,0,0,0
90002,1,1,0,0,0,0,0,0,0,0,0,0
90003,1,1,0,0,0,0,0,0,0,0,0,0
90003,2,1,0,0,0,0,0,0,0,0,5,0
90003,3,1,11,0,7,0,0,7,0,11,0,0
90004,1,1,10,15,0,25,8,0,14,0,0,0
90005,1,1,0,10,10,0,0,0,0,19,0,0
90005,2,1,39,39,39,39,39,39,39,39,39,39
90006,1,1,0,0,0,21,0,0,16,0,0,15
90007,1,1,11,11,11,11,11,11,11,11,11,11
90007,2,1,0,0,0,0,0,0,0,0,0,0
90007,3,1,0,0,0,0,21,0,0,0,0,0
90008,1,1,21,21,21,21,21,21,21,21,21,21
90008,2,1,0,0,0,0,19,0,0,24,21,0
90009,1,1,22,22,22,22,22,22,22,22,22,22
90010,0,1,0,0,0,0,0,0,0,0,0,0
90010,1,1,0,0,0,0,0,0,0,0,0,0
90011,1,1,0,0,0,0,0,0,0,0,0,0
90013,0,1,0,0,0,0,0,0,0,0,0,0
90013,2,1,0,0,0,0,0,0,0,0,0,0
90014,1,1,0,0,0,0,0,0,0,0,0,0
90015,0,1,7,7,7,7,7,7,7,7,7,7
90015,1,1,0,0,0,12,0,0,0,0,0,25
90016,0,1,0,0,0,0,0,0,0,0,0,0
90016,1,1,0,17,5,22,15,0,17,11,0,4
90017,1,1,20,20,20,20,20,20,20,20,20,20
90018,1,1,21,21,21,21,21,21,21,21,21,21
90019,1,1,0,0,18,0,0,0,0,0,0,6
90020,1,1,0,0,0,0,0,0,0,0,0,0
90021,1,1,22,22,22,22,22,22,22,22,22,22
90022,1,1,23,23,23,23,23,23,23,23,23,23
90023,1,1,0,0,0,0,0,0,0,0,0,0
90024,1,1,0,0,0,0,0,0,0,0,0,0
90025,1,1,0,0,0,0,0,0,0,0,18,0
90025,2,1,0,0,14,0,0,10,0,0,0,0
90026,0,1,9,9,9,9,9,9,9,9,9,9
90026,1,1,15,16,18,23,11,20,23,33,6,16
90027,0,1,0,0,0,0,0,0,0,0,0,0
90027,1,1,9,23,0,0,0,0,0,0,0,0
90028,1,1,0,0,0,0,0,0,0,0,0,0
90028,2,1,6,6,6,6,6,6,6,6,6,6
90029,0,1,2,2,2,2,2,2,2,2,2,2
90029,1,1,0,16,19,0,0,0,14,0,0,0
90030,1,1,14,14,14,14,14,14,14,14,14,14
90031,1,1,15,15,15,15,15,15,15,15,15,15
90032,0,1,0,0,0,0,0,0,0,0,0,0
90032,1,1,0,0,0,0,0,0,0,0,0,0
90033,1,1,0,0,0,0,0,0,0,17,0,0
90033,2,1,0,0,0,0,0,0,0,0,0,0
90034,1,1,0,0,0,0,0,0,15,0,0,0
90035,1,1,3,3,3,3,3,3,3,3,3,3
90036,1,1,15,15,15,15,15,15,15,15,15,15
90037,1,1,27,27,27,27,27,27,27,27,27,27
90038,1,1,0,0,0,6,12,0,0,0,0,0
90038,2,1,0,0,0,0,0,0,0,0,0,0
90039,1,1,0,0,0,0,0,0,0,0,0,0
90040,1,1,13,13,13,13,13,13,13,13,13,13
90041,1,1,0,0,0,0,0,0,0,0,0,0
90041,2,1,0,0,0,1,0,0,0,0,0,0
90042,1,1,12,12,12,12,12,12,12,12,12,12
90043,0,1,0,0,0,0,0,0,0,0,0,0
90043,1,1,0,0,13,0,0,0,0,0,0,0
90044,1,1,0,0,0,0,0,0,0,0,0,9
90044,2,1,0,0,0,0,0,0,0,0,0,0
90045,0,1,0,0,0,0,0,0,0,0,0,0
90045,1,1,0,0,0,0,0,0,0,0,0,0
90046,1,1,0,0,0,0,0,0,0,0,0,20
90047,1,1,0,0,0,0,0,0,0,0,0,0
90047,2,1,0,0,0,0,0,0,0,0,0,0
90047,3,1,0,0,0,0,0,0,0,0,0,0
90048,1,1,14,8,0,0,0,0,0,23,16,0
90048,2,1,0,0,0,0,0,0,0,5,0,0
90049,0,1,0,0,0,0,0,0,0,0,0,0
90049,1,1,0,0,0,0,0,0,0,0,0,0
90050,1,1,0,0,0,0,0,0,0,0,0,0
90051,1,1,16,16,16,16,16,16,16,16,16,16
90052,0,1,27,27,27,27,27,27,27,27,27,27
90052,1,1,0,0,9,0,0,2,0,18,12,0
90053,1,1,0,0,0,0,0,0,0,0,0,0
90054,1,1,0,0,0,0,0,0,0,0,0,0
90054,2,1,0,0,0,0,0,0,0,0,0,0
90054,3,1,0,0,0,0,0,0,0,0,0,0
90055,1,1,0,0,0,0,0,0,0,0,0,0
90056,0,1,22,22,22,22,22,22,22,22,22,22
90056,1,1,0,0,0,0,27,0,0,16,0,0
90057,0,1,0,0,0,0,0,0,0,0,0,0
90058,0,1,23,23,23,23,23,23,23,23,23,23
90058,1,1,0,0,0,0,0,0,0,0,0,0
90059,1,1,12,12,12,12,12,12,12,12,12,12
90060,1,1,0,0,0,0,0,0,0,0,0,0
90060,2,1,0,13,0,0,0,0,0,0,0,0
90061,1,1,0,0,0,0,0,0,0,0,0,0
90061,2,1,6,6,6,6,6,6,6,6,6,6
90062,1,1,0,0,0,0,0,0,0,0,0,0
90062,2,1,0,0,11,0,41,46,0,0,15,0
90063,0,1,20,20,20,20,20,20,20,20,20,20
90063,1,1,9,0,0,17,0,0,0,6,20,0
90064,0,1,23,23,23,23,23,23,23,23,23,23
90064,1,1,0,0,0,0,0,22,29,0,11,0
90065,1,1,32,32,32,32,32,32,32,32,32,32
90065,2,1,4,4,4,4,4,4,4,4,4,4
90066,0,1,23,23,23,23,23,23,23,23,23,23
90066,1,1,0,0,0,0,0,0,0,0,0,0
90067,0,1,0,0,0,0,0,0,0,0,0,0
90067,1,1,0,0,0,0,0,0,0,0,0,0
90068,1,1,0,0,0,0,0,0,0,0,0,0
90069,0,1,0,0,0,0,0,0,0,0,0,0
90069,0,2,0,0,0,0,0,0,0,0,0,0
90069,1,1,0,0,0,0,0,21,0,0,0,0
90070,1,1,0,0,0,0,0,0,0,0,0,0
90071,2,1,0,0,0,0,0,0,0,0,0,0
90072,0,1,0,0,0,0,0,0,0,0,0,0
90072,1,1,0,0,0,0,0,0,0,0,0,0
90073,0,1,0,0,0,0,0,0,0,0,0,0
90073,1,1,0,17,0,0,0,0,0,0,0,0
90074,1,1,19,19,19,19,19,19,19,19,19,19
90075,0,1,0,0,0,0,0,0,0,0,0,0
90075,1,1,0,0,0,0,0,0,0,0,0,0
90076,1,1,18,0,14,0,12,21,0,0,17,8
90076,2,1,0,23,0,27,0,0,19,0,0,22
90077,1,1,0,0,0,0,0,0,0,0,0,0
90077,2,1,0,0,0,0,0,0,0,0,0,0
90078,1,1,0,0,0,0,0,0,0,0,0,0
90078,2,1,0,0,0,0,0,0,8,0,3,0
90079,1,1,0,0,0,0,0,0,0,0,0,0
90079,2,1,0,0,0,0,0,0,0,0,0,0
90079,3,1,0,0,0,0,0,0,0,0,0,0
90080,1,1,20,21,13,0,13,18,12,18,12,22
90080,2,1,0,0,0,0,0,0,0,0,0,0
90080,3,1,0,12,0,0,0,0,14,0,0,0
90081,1,1,16,16,16,16,16,16,16,16,16,16
90082,1,1,0,0,0,0,0,0,0,0,0,0
90082,2,1,0,2,0,0,0,0,0,0,0,0
90083,1,1,0,0,9,0,0,0,0,0,0,0
90083,2,1,4,4,4,4,4,4,4,4,4,4
90084,1,1,17,17,17,17,17,17,17,17,17,17
90084,2,1,5,5,5,5,5,5,5,5,5,5
90085,1,1,0,17,21,15,0,8,17,0,0,13
90086,1,1,17,17,17,17,17,17,17,17,17,17
90086,2,1,13,17,0,10,0,15,0,0,0,12
90087,1,1,10,0,0,23,0,0,18,0,0,0
90087,2,1,5,5,5,5,5,5,5,5,5,5
90088,1,1,11,11,11,11,11,11,11,11,11,11
90089,1,1,13,13,13,13,13,13,13,13,13,13
90090,1,1,29,29,29,29,29,29,29,29,29,29
90090,2,1,0,0,0,0,0,0,0,0,0,0
90091,1,1,0,0,0,0,0,0,0,0,0,15
90091,2,1,0,0,17,9,22,0,0,0,0,26
90092,1,1,0,0,0,0,0,0,0,0,0,0
90093,1,1,0,0,0,0,0,0,0,0,3,8
90093,2,1,0,0,0,0,0,0,0,0,0,0
90094,1,1,21,21,21,21,21,21,21,21,21,21
90094,2,1,0,0,0,0,32,0,0,0,0,0
90095,1,1,0,0,7,0,30,0,8,0,4,11
90095,2,1,0,0,0,0,0,0,0,0,0,0
90096,1,1,0,0,0,0,0,0,0,0,0,0
90096,2,1,3,9,18,18,13,12,14,18,16,12
90097,0,1,15,15,15,15,15,15,15,15,15,15
90097,1,1,0,0,0,0,0,0,0,0,0,0
90098,0,1,13,33,0,0,18,0,12,8,0,0
90098,1,1,14,32,0,0,0,6,0,0,15,11
90099,1,1,0,0,0,0,0,0,0,0,0,0
90100,1,1,0,0,0,0,0,0,0,0,0,0
90100,2,1,0,0,0,0,0,0,0,0,0,0
90100,3,1,0,0,0,0,0,0,0,0,0,0
90101,1,1,0,0,0,0,0,0,0,0,0,0
90101,2,1,0,0,0,14,0,0,0,0,0,0
90101,3,1,0,0,16,0,0,0,10,0,0,0
90102,1,1,0,0,0,0,0,0,0,0,0,0
90102,2,1,0,0,0,0,0,0,0,0,0,0
90103,1,1,0,0,0,0,0,0,0,0,0,0
90104,1,1,0,0,0,0,0,0,0,14,0,0
90104,2,1,0,0,0,0,0,0,0,0,0,0
90105,1,1,16,16,16,16,16,16,16,16,16,16
90106,1,1,0,0,0,4,0,0,12,0,0,0
90106,2,1,0,0,0,0,6,0,0,0,0,10
90107,1,1,0,0,0,0,0,0,0,0,0,0
90107,2,1,0,0,0,14,0,0,0,0,0,0
90108,0,1,0,0,0,0,0,0,0,0,21,0
90108,1,1,27,0,0,0,0,0,0,0,0,0
90109,1,1,22,22,22,22,22,22,22,22,22,22
90110,1,1,0,0,0,0,0,0,0,0,0,0
90110,2,1,0,0,0,0,0,0,0,0,0,0
90111,0,1,0,0,0,0,0,0,0,0,0,0
90111,1,1,0,3,0,0,0,0,15,17,0,0
90112,0,1,0,0,0,0,0,0,0,0,0,0
90112,1,1,0,0,0,0,0,0,0,0,0,0
90113,1,1,0,0,0,0,9,0,0,0,0,0
90114,0,1,0,0,0,0,0,0,0,0,0,0
90114,1,1,0,0,0,0,0,24,0,13,0,0
90115,1,1,0,5,0,0,0,0,0,0,0,0
90115,2,1,0,0,0,0,0,0,0,0,0,0
90116,1,1,5,5,5,5,5,5,5,5,5,5
90117,1,1,28,28,28,28,28,28,28,28,28,28
90118,1,1,27,27,27,27,27,27,27,27,27,27
90119,1,1,28,28,28,28,28,28,28,28,28,28
90120,1,1,0,0,0,0,0,0,0,0,0,0
90120,2,1,9,9,9,9,9,9,9,9,9,9
90121,1,1,0,28,21,37,17,14,9,0,0,28
90121,2,1,0,0,0,0,0,0,0,0,0,0
90122,1,1,0,0,0,0,0,0,0,0,0,0
90123,1,1,0,0,0,0,0,0,0,0,0,0
90124,1,1,0,0,0,0,0,0,0,0,0,0
90125,1,1,0,22,0,24,12,12,14,8,7,0
90125,2,1,26,16,25,19,10,18,3,8,17,55
90126,1,1,0,0,0,0,33,0,0,0,0,0
90127,1,1,0,0,0,0,0,0,0,0,0,0
90127,2,1,0,0,0,0,0,0,0,0,0,0
90128,1,1,7,0,0,0,9,0,0,6,26,0
90128,2,1,0,0,0,0,0,0,0,0,0,0
90129,1,1,0,0,0,0,0,0,0,0,0,0
90130,0,1,13,0,8,0,13,0,0,0,16,0
90130,0,2,18,18,18,18,18,18,18,18,18,18
90130,1,1,8,0,0,6,9,0,6,6,0,7
90131,1,1,0,8,7,20,4,0,23,22,0,0
90132,1,1,24,0,0,0,0,0,0,20,0,7
90132,2,1,0,0,0,5,16,0,0,16,0,0
90132,3,1,20,20,20,20,20,20,20,20,20,20
90133,1,1,0,0,0,0,0,0,0,8,0,6
90133,2,1,0,0,0,0,0,0,0,0,0,0
90134,1,1,0,0,0,0,0,0,0,0,0,0
90134,2,1,26,26,26,26,26,26,26,26,26,26
90135,1,1,0,14,0,0,7,0,9,19,0,0
90136,1,1,0,0,0,0,0,0,0,0,0,0
90137,1,1,17,17,17,17,17,17,17,17,17,17
90138,1,1,17,17,17,17,17,17,17,17,17,17
90139,1,1,24,24,24,24,24,24,24,24,24,24
90140,1,1,7,7,7,7,7,7,7,7,7,7
90141,1,1,10,10,10,10,10,10,10,10,10,10
90142,0,1,0,0,0,0,0,0,0,0,0,0
90142,1,1,0,0,0,0,0,0,0,0,0,0
90143,1,1,10,10,10,10,10,10,10,10,10,10
90143,2,1,0,0,0,0,0,0,0,0,0,0
90144,1,1,18,23,0,22,11,21,5,0,6,0
90145,1,1,16,16,16,16,16,16,16,16,16,16
90146,1,1,0,0,0,0,0,0,0,0,0,0
90147,0,1,0,0,0,0,0,0,0,0,0,0
90147,1,1,0,0,0,0,0,9,0,0,0,5
90148,1,1,0,0,0,0,0,0,0,0,0,0
90148,2,1,0,0,0,0,0,0,0,0,0,0
90149,1,1,0,0,0,0,0,0,0,0,0,0
90150,1,1,0,0,13,0,0,0,15,5,0,0
90150,2,1,0,0,0,0,0,0,0,0,0,0
90151,1,1,0,0,0,0,37,0,6,19,20,0
90151,2,1,0,9,4,25,0,4,0,0,13,0
90152,1,1,14,14,14,14,14,14,14,14,14,14
90153,1,1,10,10,10,10,10,10,10,10,10,10
90153,2,1,17,17,17,17,17,17,17,17,17,17
90154,1,1,0,0,0,0,0,0,0,0,0,0
90155,1,1,0,3,7,0,0,16,0,25,11,15
90155,2,1,0,0,0,0,0,0,0,0,0,0
90155,3,1,0,0,0,0,0,11,0,0,0,0
90155,4,1,0,27,6,0,0,2,0,13,13,45
90155,5,1,0,0,0,0,0,0,0,0,0,0
90156,0,1,0,0,0,0,0,0,0,0,0,0
90156,0,2,0,0,0,0,0,0,0,0,0,0
90156,1,1,0,0,0,0,15,0,0,0,0,0
90157,0,1,19,19,19,19,19,19,19,19,19,19
90157,1,1,0,0,11,15,15,0,0,0,0,0
90158,1,1,0,0,0,0,0,0,0,0,0,0
90160,1,1,13,13,13,13,13,13,13,13,13,13
90161,1,1,12,12,12,12,12,12,12,12,12,12
90162,1,1,8,8,8,8,8,8,8,8,8,8
90162,2,1,0,12,0,17,0,0,12,0,0,0
90162,3,1,9,0,0,0,0,0,0,0,0,0
90163,1,1,0,0,0,0,0,0,0,0,0,0
90164,1,1,0,12,0,0,15,0,9,0,0,6
90164,2,1,0,0,0,0,0,0,0,0,0,0
90165,1,1,0,22,0,0,0,15,0,0,0,42
90166,1,1,0,0,0,0,0,0,0,0,0,0
90166,2,1,6,6,6,6,6,6,6,6,6,6
90167,1,1,0,0,0,0,0,0,0,0,0,0
90167,2,1,0,0,0,0,0,0,0,0,0,0
90167,3,1,0,0,0,0,0,0,0,0,0,0
90168,1,1,8,8,8,8,8,8,8,8,8,8
90168,2,1,0,0,0,0,0,0,0,0,0,0