ST_CASE,VEH_NO,PER_NO,P1,P2,P3,P4,P5,P6,P7,P8,P9,P10
90169,1,1,33,7,0,34,13,8,0,0,0,0
90170,1,1,0,0,0,0,0,0,0,0,0,0
90170,2,1,0,0,0,0,0,0,0,0,0,0
90170,3,1,0,0,0,0,0,0,0,0,0,0
90170,4,1,0,0,0,0,0,0,0,0,0,0
90170,5,1,16,0,0,0,0,0,0,0,0,0
90171,1,1,6,7,0,30,16,0,27,0,0,0
90172,0,1,26,26,26,26,26,26,26,26,26,26
90172,1,1,0,0,15,0,0,0,18,15,0,0
90173,1,1,18,18,18,18,18,18,18,18,18,18
90174,1,1,0,0,0,0,0,0,0,0,0,0
90175,1,1,0,16,11,10,14,0,0,0,16,19
90175,2,1,22,0,0,34,0,0,0,0,0,0
90175,3,1,0,23,0,0,17,0,4,0,0,0
90175,4,1,0,11,21,11,0,0,0,0,0,0
90176,1,1,0,0,0,0,0,0,0,0,0,0
90177,0,1,32,0,0,21,10,6,32,7,37,0
90177,0,2,0,0,0,0,0,0,0,0,0,0
90177,1,1,0,0,0,0,0,27,0,0,0,0
90178,1,1,0,0,0,0,0,0,0,0,0,0
90179,1,1,0,0,0,0,0,0,0,0,0,0
90179,2,1,0,0,0,0,0,19,0,0,0,0
90179,3,1,0,0,0,0,0,0,11,0,0,0
90180,1,1,0,0,0,0,0,0,0,0,0,0
90181,0,1,0,38,0,0,0,0,13,0,0,0
90181,1,1,0,0,0,0,0,0,0,0,0,0
90182,0,1,0,0,0,0,0,16,0,0,0,0
90182,1,1,0,0,0,0,25,0,0,0,0,0
90183,1,1,0,0,0,0,0,0,0,7,0,11
90183,2,1,0,0,0,14,0,19,0,0,0,0
90183,3,1,0,0,0,0,0,0,0,32,0,0
90184,1,1,0,0,0,0,20,0,0,0,0,0
90185,1,1,16,16,16,16,16,16,16,16,16,16
90186,0,1,37,37,37,37,37,37,37,37,37,37
90186,1,1,0,0,0,0,0,0,0,0,0,0
90187,1,1,0,0,0,0,0,0,0,0,0,0
90187,2,1,0,0,0,0,0,12,0,0,0,0
90187,3,1,0,0,0,0,0,0,0,0,0,4
90188,1,1,0,0,0,0,0,0,0,0,0,0
90188,2,1,0,0,0,19,0,0,0,0,0,0
90188,3,1,0,0,0,0,0,0,0,0,0,0
90189,1,1,0,0,3,0,0,0,0,0,24,0
90189,2,1,0,0,0,0,0,0,0,0,0,0
90189,3,1,29,0,0,0,0,0,0,0,0,0
90189,4,1,0,0,0,0,15,0,0,0,0,0
90190,0,1,0,0,0,0,0,0,0,0,0,0
90190,1,1,6,0,0,23,0,0,0,0,0,0
90191,1,1,0,0,0,0,0,0,0,0,0,0
90191,2,1,0,0,0,0,0,0,0,0,0,0
90192,1,1,10,10,10,10,10,10,10,10,10,10
90193,1,1,0,0,0,11,0,0,0,0,0,0
90193,2,1,0,0,0,0,0,0,0,0,0,0
90194,1,1,20,12,4,24,9,10,18,0,16,0
90195,1,1,15,15,15,15,15,15,15,15,15,15
90196,1,1,0,0,0,20,0,0,0,0,0,0
90196,2,1,0,0,0,0,0,0,0,0,0,0
90197,1,1,0,0,0,0,0,0,0,0,0,0
90197,2,1,0,0,0,0,0,0,0,0,0,0
90198,0,1,13,13,13,13,13,13,13,13,13,13
90198,1,1,0,15,0,0,0,0,0,4,0,0
90199,1,1,23,18,14,25,26,0,18,0,19,21
90199,2,1,8,8,8,8,8,8,8,8,8,8
90200,1,1,0,0,11,0,0,0,0,0,20,0
90200,2,1,11,11,11,11,11,11,11,11,11,11
90201,1,1,0,0,0,0,0,0,0,0,0,0
90202,1,1,0,0,0,0,0,0,0,0,0,0
90202,2,1,14,20,19,19,30,14,7,35,12,23
90203,1,1,0,0,0,0,0,0,0,0,0,0
90204,1,1,0,0,0,0,0,0,0,0,0,0
90204,2,1,0,0,0,0,0,0,0,0,0,0
90204,3,1,0,0,0,0,0,5,0,0,0,0
90205,0,1,0,0,0,0,0,0,0,0,0,0
90205,1,1,0,0,0,0,0,0,0,5,0,0
90206,1,1,0,0,0,0,0,0,0,0,0,0
90206,2,1,0,0,0,0,0,0,0,0,0,0
90207,1,1,0,0,0,0,0,0,0,0,0,0
90208,1,1,0,0,0,0,0,0,0,0,0,0
90209,1,1,15,15,15,15,15,15,15,15,15,15
90210,0,1,0,0,0,0,0,0,0,0,0,0
90210,1,1,0,0,0,0,0,0,0,0,0,0
90211,1,1,0,0,0,0,0,0,0,0,0,0
90212,1,1,20,0,0,0,0,0,0,0,0,0
90212,2,1,0,0,0,0,0,0,0,0,0,12
90213,0,1,0,0,0,0,0,0,0,0,0,0
90213,1,1,18,11,0,0,0,0,0,0,0,0
90214,1,1,16,17,0,20,29,18,10,17,13,10
90214,2,1,0,0,0,0,0,0,7,0,0,0
90214,3,1,0,7,16,18,0,0,0,0,0,0
90214,4,1,0,0,0,0,0,17,0,0,0,9
90214,5,1,0,0,0,0,0,0,0,0,0,0
90215,1,1,0,0,0,0,0,0,0,0,0,0
90216,1,1,17,0,19,0,3,0,0,0,9,0
90216,2,1,0,0,0,11,0,5,0,0,0,0
90216,3,1,0,11,0,7,0,0,0,0,0,15
90217,0,1,0,0,0,0,0,0,0,0,0,0
90218,1,1,0,3,0,0,0,11,0,21,0,0
90218,3,1,42,42,42,42,42,42,42,42,42,42
90219,1,1,0,0,0,0,0,0,0,0,28,0
90219,2,1,0,0,0,0,0,0,0,0,0,0
90220,1,1,8,0,0,0,0,0,6,34,0,0
90220,2,1,20,20,20,20,20,20,20,20,20,20
90221,1,1,22,22,22,22,22,22,22,22,22,22
90222,1,1,0,0,0,0,0,0,0,0,0,0
90222,2,1,4,0,0,0,0,0,0,0,0,0
90223,0,1,0,21,0,0,33,0,0,0,0,0
90223,2,1,0,0,9,0,0,0,0,0,0,0
90224,1,1,16,16,16,16,16,16,16,16,16,16
90225,1,1,0,0,0,0,0,0,0,0,0,0
90225,2,1,0,0,0,0,9,0,0,0,0,0
90226,0,1,16,16,16,16,16,16,16,16,16,16
90226,1,1,0,8,0,17,0,0,0,0,0,0
90227,1,1,0,0,0,0,0,0,0,0,0,0
90227,2,1,0,0,0,0,0,10,0,0,13,0
90227,3,1,0,0,0,0,0,0,0,0,0,0
90228,1,1,0,0,0,0,0,0,0,0,0,0
90228,2,1,27,0,0,9,0,15,0,0,17,0
90229,1,1,0,0,11,26,0,0,0,0,0,17
90230,1,1,0,0,0,9,0,0,0,0,11,0
90230,2,1,0,0,0,0,40,0,0,0,19,0
90231,1,1,0,0,28,0,0,21,0,0,0,0
90232,0,1,23,23,23,23,23,23,23,23,23,23
90232,1,1,15,0,0,0,15,26,0,7,0,0
90233,1,1,0,0,0,0,0,0,0,0,0,0
90233,2,1,0,0,0,0,0,0,0,0,0,0
90234,1,1,16,0,0,0,0,0,9,0,0,0
90235,0,1,6,6,6,6,6,6,6,6,6,6
90235,1,1,20,8,16,20,16,9,12,2,11,22
90236,0,1,0,0,0,0,0,0,0,0,0,0
90236,1,1,0,0,16,0,0,0,0,0,8,13
90237,1,1,30,30,30,30,30,30,30,30,30,30
90237,2,1,0,0,0,0,0,0,8,26,9,24
90238,1,1,0,0,0,0,0,0,0,0,0,0
90238,2,1,0,0,0,0,0,0,1,0,0,0
90239,1,1,19,19,19,19,19,19,19,19,19,19
90240,1,1,35,35,35,35,35,35,35,35,35,35
90241,0,1,0,0,0,0,0,0,0,0,0,0
90241,1,1,0,0,20,0,0,0,0,0,0,0
90242,1,1,10,18,32,25,24,13,8,17,8,0
90242,2,1,0,0,0,0,0,0,0,0,0,25
90243,0,1,0,0,0,0,0,0,0,0,0,0
90243,2,1,0,0,0,17,0,0,0,3,0,9
90244,1,1,10,10,10,10,10,10,10,10,10,10
90245,0,1,21,21,21,21,21,21,21,21,21,21
90245,1,1,0,9,0,10,18,0,0,20,0,11
90246,1,1,38,0,15,4,27,14,11,28,0,13
90246,2,1,2,2,2,2,2,2,2,2,2,2
90247,1,1,0,0,0,0,0,0,0,0,0,0
90248,1,1,0,0,0,11,0,0,15,16,0,0
90248,2,1,0,0,0,0,0,0,0,0,0,0
90249,1,1,0,0,0,0,0,0,0,0,0,0
90249,2,1,0,6,0,0,0,9,0,5,0,0
90249,3,1,0,0,0,0,17,0,0,5,0,0
90249,4,1,26,0,0,0,0,18,0,0,0,0
90249,5,1,0,0,0,0,0,0,0,0,0,0
90249,6,1,0,0,0,0,0,0,0,0,0,7
90250,1,1,0,7,0,0,10,19,12,0,14,10
90250,2,1,0,0,0,13,0,16,0,0,17,18
90251,1,1,35,35,35,35,35,35,35,35,35,35
90252,1,1,0,0,0,34,0,0,32,0,0,0
90253,0,1,0,0,0,0,0,0,13,11,32,0
90253,1,1,0,0,0,0,0,0,0,0,0,0
90254,1,1,0,0,0,0,0,0,0,0,0,0
90255,1,1,19,19,19,19,19,19,19,19,19,19
90255,2,1,17,17,17,17,17,17,17,17,17,17
90256,1,1,0,0,0,0,0,0,0,0,0,0
90256,2,1,0,0,0,0,0,0,10,0,0,0
90257,1,1,0,0,31,6,0,0,0,0,0,0
90258,1,1,0,0,4,0,0,0,10,0,0,0
90259,0,1,0,0,0,0,0,0,0,0,0,0
90259,1,1,0,0,0,0,0,0,0,0,0,0
90260,0,1,0,0,0,0,0,0,0,0,0,0
90260,1,1,0,0,0,0,0,0,0,0,0,0
90261,1,1,0,0,22,0,0,21,0,19,0,5
90262,1,1,0,0,0,0,0,0,0,0,0,0
90262,2,1,2,0,0,0,8,0,0,0,0,0
90262,3,1,0,0,0,0,0,3,5,0,0,0
90263,0,1,0,0,0,0,0,0,0,0,0,0
90263,0,2,0,33,22,0,49,0,14,19,0,3
90263,1,1,5,11,0,23,18,28,10,0,6,0
90264,1,1,26,26,26,26,26,26,26,26,26,26
90265,0,1,0,0,0,0,0,0,0,0,0,0
90265,1,1,0,19,0,0,0,0,0,0,14,0
90266,1,1,0,0,0,0,0,0,0,0,0,0
90267,1,1,23,23,23,23,23,23,23,23,23,23
90268,0,1,0,0,0,0,0,0,0,0,0,0
90268,1,1,0,0,0,0,0,0,0,0,0,0
90269,1,1,0,0,0,0,0,0,0,0,0,0
90269,2,1,0,0,0,0,0,0,0,0,0,0
90270,0,1,0,0,0,0,0,0,0,0,0,0
90270,1,1,0,0,0,0,0,0,0,0,0,0
90270,2,1,0,0,0,0,0,0,0,0,0,0
90271,1,1,0,0,0,0,0,0,11,19,19,0
90271,2,1,0,0,0,0,0,0,14,0,0,0
90272,1,1,0,0,0,0,0,2,0,13,0,0
90272,2,1,0,0,9,0,14,0,0,30,0,14
90272,3,1,0,0,12,0,0,0,0,0,0,7
90273,1,1,25,25,25,25,25,25,25,25,25,25
90273,2,1,0,0,0,0,0,0,0,0,0,0
90273,3,1,0,0,0,0,0,0,0,33,0,0
90274,0,1,0,0,0,0,0,0,0,0,0,0
90274,1,1,0,0,0,0,0,0,0,0,0,0
90275,1,1,0,0,0,0,10,0,0,0,0,0
90275,2,1,0,0,0,0,0,0,16,0,0,0
90276,0,1,0,0,0,0,0,0,0,0,0,0
90276,1,1,7,0,7,0,9,0,19,0,0,14
90277,1,1,16,23,0,0,0,0,0,0,0,0
90277,2,1,0,0,0,0,0,0,0,0,0,0
90278,1,1,0,0,0,0,0,0,0,0,0,0
90279,1,1,17,17,17,17,17,17,17,17,17,17
90280,0,1,0,0,0,0,0,0,0,0,0,0
90280,0,2,9,0,57,0,21,0,0,14,0,0
90280,1,1,0,0,0,0,0,0,0,0,0,0
90281,1,1,0,0,0,0,0,0,0,0,0,0
90281,2,1,0,0,0,0,0,12,0,0,0,0
90282,0,1,0,0,0,0,0,11,0,27,16,23
90282,1,1,15,0,0,0,0,0,0,0,0,0
90283,1,1,0,0,0,0,0,0,0,0,0,11
90283,2,1,0,0,0,0,0,0,0,0,18,0
90284,1,1,27,27,27,27,27,27,27,27,27,27
90285,0,1,25,25,0,9,24,0,19,0,0,0
90285,1,1,0,22,0,0,18,0,0,15,0,0
90286,0,1,0,0,0,0,0,0,0,0,0,0
90286,1,1,10,0,0,0,0,8,15,18,7,12
90287,0,1,17,17,17,17,17,17,17,17,17,17
90287,1,1,9,0,0,0,8,0,0,0,11,0
90288,1,1,0,0,0,0,0,0,0,0,13,10
90288,2,1,0,0,9,0,0,3,13,0,0,0
90288,3,1,0,0,6,0,0,0,0,0,0,0
90289,0,1,0,0,0,0,0,0,16,0,0,0
90289,1,1,0,23,0,0,0,0,0,17,18,0
90290,1,1,6,23,0,0,17,0,0,0,15,0
90291,1,1,29,29,29,29,29,29,29,29,29,29
90292,0,1,0,0,0,0,0,0,0,0,0,0
90292,1,1,0,24,0,0,0,0,0,0,0,0
90293,1,1,0,0,0,0,0,0,0,0,0,0
90293,2,1,0,0,19,0,0,0,0,0,0,0
90294,0,1,22,22,22,22,22,22,22,22,22,22
90294,1,1,13,13,0,12,9,0,0,36,8,0
100001,1,1,0,0,0,0,0,0,0,0,0,0
100002,1,1,0,0,9,0,0,0,0,0,0,0
100002,2,1,0,0,0,0,0,0,0,0,8,0
100003,1,1,15,15,15,15,15,15,15,15,15,15
100004,1,1,20,20,20,20,20,20,20,20,20,20
100005,0,1,0,0,0,0,0,0,0,0,0,0
100005,1,1,0,14,0,0,0,0,0,0,0,0
100005,2,1,0,6,2,15,0,15,0,0,7,0
100006,0,1,35,35,35,35,35,35,35,35,35,35
100006,1,1,0,0,0,0,0,0,0,0,0,0
100007,0,1,24,24,24,24,24,24,24,24,24,24
100007,1,1,6,0,0,0,0,0,0,0,10,0
100008,1,1,0,0,0,0,0,0,0,0,0,0
100009,1,1,20,20,20,20,20,20,20,20,20,20
100010,1,1,0,0,0,0,0,0,0,0,0,0
100010,2,1,0,0,0,0,0,0,3,0,0,0
100011,1,1,15,15,15,15,15,15,15,15,15,15
100012,1,1,0,0,0,0,0,0,0,0,0,0
100012,2,1,4,4,4,4,4,4,4,4,4,4
100013,1,1,0,0,0,0,0,0,0,0,0,0
100013,2,1,0,0,0,0,0,0,0,0,0,0
100014,1,1,0,0,0,0,0,0,0,0,0,0
100014,2,1,0,0,0,0,0,0,0,0,0,0
100015,1,1,0,0,0,0,0,0,0,0,0,0
100016,1,1,0,0,0,0,0,0,0,0,0,0
100016,2,1,0,0,0,0,0,0,0,0,0,0
100017,1,1,0,0,0,0,0,0,0,0,0,0
100018,1,1,24,24,24,24,24,24,24,24,24,24
100019,1,1,0,0,0,0,0,0,0,0,0,0
100019,2,1,6,6,6,6,6,6,6,6,6,6
100020,1,1,0,0,0,41,0,0,0,0,0,0
100020,2,1,11,0,0,0,0,0,0,0,0,0
100021,1,1,0,0,0,0,0,0,0,0,0,0
100022,1,1,0,0,0,0,0,0,0,0,0,0
100022,2,1,0,0,0,0,0,0,0,0,0,0
100023,0,1,0,0,0,0,0,0,0,0,0,0
100023,1,1,0,0,0,0,0,0,0,0,0,0
100024,0,1,0,12,0,0,16,38,19,0,14,0
100024,1,1,0,0,0,0,0,0,0,0,0,0
100025,1,1,0,0,0,0,0,0,0,0,0,0
100025,2,1,0,0,0,0,0,0,0,0,0,0
100026,1,1,0,0,0,0,0,0,0,0,0,0
100026,2,1,0,0,0,0,0,0,0,0,0,0
100026,3,1,18,18,18,18,18,18,18,18,18,18
100027,0,1,0,0,0,0,0,0,0,0,0,0
100027,1,1,0,0,0,0,0,0,0,0,0,0
100028,1,1,32,32,32,32,32,32,32,32,32,32
100029,1,1,0,0,0,0,0,0,0,0,0,0
100029,2,1,0,0,0,0,0,0,0,0,0,0
100030,1,1,0,0,0,0,0,0,0,0,0,0
100030,2,1,0,0,0,0,0,0,0,0,0,0
100031,1,1,5,5,5,5,5,5,5,5,5,5
100031,2,1,19,13,0,0,0,0,0,0,2,0
100032,0,1,26,26,26,26,26,26,26,26,26,26
100032,1,1,0,0,0,0,0,0,0,0,0,0
100033,1,1,0,0,32,0,0,0,0,0,0,0
100033,2,1,0,0,11,0,0,0,10,0,0,0
100034,0,1,0,0,0,0,0,0,0,0,0,0
100034,1,1,0,0,0,0,0,0,0,0,0,0
100035,1,1,14,28,10,20,14,16,21,17,21,16
100036,1,1,0,0,0,0,0,0,0,0,0,0
100037,1,1,17,17,17,17,17,17,17,17,17,17
100038,0,1,18,18,18,18,18,18,18,18,18,18
100038,1,1,8,7,0,0,21,6,0,6,11,10
100039,0,1,0,0,0,0,0,0,0,0,0,0
100039,1,1,0,0,0,0,0,0,0,0,32,0
100040,1,1,15,8,0,0,14,11,0,2,0,0
100040,2,1,0,0,0,0,0,0,4,0,0,0
100041,1,1,0,0,0,0,0,0,0,0,0,0
100042,1,1,19,19,19,19,19,19,19,19,19,19
100043,1,1,22,22,22,22,22,22,22,22,22,22
100043,2,1,5,5,5,5,5,5,5,5,5,5
100043,3,1,0,0,0,0,0,0,0,0,0,0
100044,2,1,0,0,0,0,3,0,0,0,0,0
100045,1,1,0,0,0,0,0,0,0,0,0,0
100045,2,1,0,0,0,0,0,0,0,0,0,0
100046,1,1,0,0,0,0,0,0,0,0,0,0
100047,1,1,0,23,0,0,0,0,0,0,0,0
100047,2,1,0,0,0,0,0,18,0,21,0,0
100048,0,1,0,0,0,0,0,0,0,0,0,0
100048,1,1,0,0,0,0,0,0,0,0,0,0
100049,1,1,13,13,13,13,13,13,13,13,13,13
100049,2,1,0,0,18,0,0,22,0,0,0,27
100050,1,1,22,22,25,11,13,11,20,11,17,28
100051,0,1,45,45,45,45,45,45,45,45,45,45
100051,1,1,0,0,13,0,0,7,7,13,7,0
100052,0,1,0,0,0,0,0,0,0,0,0,0
100052,1,1,0,0,0,0,0,0,0,0,9,0
100053,1,1,25,25,25,25,25,25,25,25,25,25
100054,1,1,17,17,17,17,17,17,17,17,17,17
100055,1,1,0,0,0,0,0,0,0,0,23,0
100055,2,1,0,0,0,0,0,0,0,0,0,0
100056,0,1,21,21,21,21,21,21,21,21,21,21
100056,1,1,0,0,0,0,0,0,0,0,0,0
100057,1,1,0,0,0,0,0,0,0,0,0,0
100058,1,1,18,18,18,18,18,18,18,18,18,18
100058,2,1,0,0,0,0,0,0,0,0,0,0
100059,1,1,16,16,16,16,16,16,16,16,16,16
100059,2,1,0,0,0,0,0,0,0,0,0,0
100060,0,1,0,0,0,0,0,0,0,0,0,0
100060,1,1,0,0,0,0,0,0,0,22,0,0
100061,0,1,0,0,0,0,0,0,0,0,0,0
100061,1,1,18,18,18,18,18,18,18,18,18,18
100062,0,1,29,29,29,29,29,29,29,29,29,29
100062,1,1,0,0,0,0,0,0,5,0,0,0
100062,2,1,0,0,0,0,0,0,0,0,0,0
100063,1,1,29,29,29,29,29,29,29,29,29,29
100064,1,1,0,0,0,0,0,0,0,0,0,0
100064,2,1,0,0,0,0,16,0,0,0,0,0
100065,1,1,0,0,26,0,0,0,0,0,0,0
100065,2,1,0,0,0,0,0,0,0,0,0,0
100066,1,1,0,0,0,0,0,0,0,0,0,0
100066,2,1,0,0,0,0,0,0,0,0,0,0
100067,1,1,4,4,4,4,4,4,4,4,4,4
100068,1,1,2,2,2,2,2,2,2,2,2,2
100068,2,1,11,11,11,11,11,11,11,11,11,11
100069,1,1,0,0,0,0,0,0,0,0,0,0
100070,1,1,0,24,17,3,0,0,16,8,0,0
100070,2,1,15,15,15,15,15,15,15,15,15,15
100071,1,1,0,0,0,0,0,0,9,0,0,0
100071,2,1,0,0,0,0,0,0,0,0,0,0
100072,0,1,19,19,19,19,19,19,19,19,19,19
100072,1,1,0,0,0,0,0,0,0,0,0,0
100073,1,1,0,0,0,0,0,0,0,0,0,0
100074,0,1,21,21,21,21,21,21,21,21,21,21
100074,1,1,0,0,0,0,0,0,0,0,0,0
100075,0,1,39,39,39,39,39,39,39,39,39,39
100075,1,1,0,0,0,0,0,0,0,0,0,0
100076,0,1,8,8,8,8,8,8,8,8,8,8
100076,1,1,0,0,0,0,0,0,0,0,0,0
100077,1,1,21,21,21,21,21,21,21,21,21,21
100078,1,1,0,0,0,0,0,0,0,0,0,0
100078,2,1,0,0,0,0,0,0,0,0,0,0
100079,1,1,0,0,0,0,0,0,0,0,0,0
100079,2,1,0,0,7,0,0,33,0,0,0,0
100079,3,1,32,0,0,0,0,0,0,0,0,0
100079,4,1,0,0,0,10,0,13,0,0,0,18
100079,5,1,14,0,0,0,0,0,0,0,0,0
100080,1,1,0,0,0,0,0,0,0,0,0,0
100081,1,1,0,0,0,0,0,0,0,0,0,0
100081,2,1,0,0,0,0,0,0,0,0,0,0
100082,1,1,0,0,0,0,0,0,0,0,0,0
100082,2,1,0,0,0,0,0,0,0,0,0,0
100082,3,1,0,0,0,0,0,0,0,0,0,0
100083,1,1,0,0,0,0,0,0,0,0,0,0
100084,1,1,8,8,8,8,8,8,8,8,8,8
100085,1,1,13,13,13,13,13,13,13,13,13,13
100086,1,1,0,0,0,9,0,0,22,0,0,0
100087,1,1,0,0,0,0,0,0,0,0,0,0
100088,0,1,0,0,0,0,0,0,0,0,0,0
100088,1,1,0,0,0,0,0,0,3,0,0,0
100089,1,1,0,22,0,0,0,0,0,0,0,0
100090,0,1,0,0,0,0,0,0,0,0,0,0
100090,1,1,0,0,0,0,0,0,0,0,0,0
100091,1,1,0,0,0,0,0,0,0,0,0,0
100091,2,1,0,0,0,0,0,0,0,0,0,0
100092,1,1,0,0,0,0,0,0,0,0,0,0
100093,1,1,21,21,21,21,21,21,21,21,21,21
100094,1,1,0,0,0,0,0,0,0,0,0,0
100094,2,1,0,0,24,0,0,0,25,0,0,0
100095,1,1,0,3,14,0,0,0,0,0,0,0
100095,2,1,0,0,0,0,0,0,0,0,0,0
100096,1,1,19,19,19,19,19,19,19,19,19,19
100097,1,1,0,0,0,0,0,0,0,11,0,0
100097,2,1,0,0,0,0,0,0,0,0,0,0
100098,1,1,0,0,0,0,0,0,0,0,0,0
100098,2,1,0,0,0,0,0,0,0,0,0,0
100099,1,1,0,0,0,0,0,0,0,0,0,0
100100,0,1,0,0,0,0,0,0,0,0,0,0
100100,2,1,0,0,0,0,0,0,0,0,0,0
100101,1,1,0,0,0,0,0,0,0,0,0,0
100101,2,1,17,17,17,17,17,17,17,17,17,17
100102,1,1,0,0,0,0,0,0,0,0,0,0
100102,2,1,0,0,0,0,0,0,0,0,0,0
100103,0,1,0,0,0,0,0,0,0,0,0,0
100103,1,1,0,0,0,0,0,0,0,0,0,0
100104,0,1,0,0,0,0,0,0,0,0,0,0
100104,1,1,0,0,0,0,0,0,0,0,0,0
100105,1,2,0,0,0,0,19,17,16,0,0,0
100106,1,1,0,0,0,0,0,0,0,0,0,0
100106,2,1,0,0,27,0,0,0,0,0,0,0
100106,3,1,11,0,13,0,0,0,0,0,0,0
100107,0,1,0,0,0,0,0,0,0,0,0,0
100107,1,1,0,0,0,0,0,0,18,7,0,0
100108,1,1,21,21,21,21,21,21,21,21,21,21
100108,2,1,16,16,16,16,16,16,16,16,16,16
100109,1,1,23,23,23,23,23,23,23,23,23,23
100110,0,1,0,0,0,0,0,0,0,0,0,0
100110,1,1,0,0,0,0,0,0,0,0,0,0
100111,0,1,0,0,0,0,0,0,0,0,0,0
100111,1,1,23,32,0,0,6,0,3,0,0,0
100112,1,1,0,0,0,0,0,0,0,0,0,0
100112,2,1,0,0,0,0,0,0,0,0,0,0
100113,1,1,3,3,3,3,3,3,3,3,3,3
100113,2,1,0,0,0,0,0,0,0,23,0,16
100114,1,1,0,0,0,0,0,0,0,0,0,0
100114,2,1,0,0,0,0,3,0,0,0,0,0
100115,1,1,0,0,0,0,0,0,0,0,0,0
100115,2,1,0,0,0,0,0,0,0,0,0,0
100116,1,1,19,19,19,19,19,19,19,19,19,19
110001,0,1,24,24,24,24,24,24,24,24,24,24
110001,1,1,0,0,0,0,0,0,0,0,0,0
110002,0,1,0,0,0,0,0,25,33,0,0,0
110002,1,1,2,2,2,2,2,2,2,2,2,2
110003,1,1,0,0,17,0,0,0,22,0,0,0
110003,2,1,0,0,0,0,0,0,0,0,0,0
110004,1,1,2,2,2,2,2,2,2,2,2,2
110005,1,1,9,9,9,9,9,9,9,9,9,9
110005,2,1,0,0,0,0,0,0,0,0,0,0
110006,1,1,15,15,15,15,15,15,15,15,15,15
110007,0,1,22,0,36,0,15,14,0,19,14,0
110007,1,1,0,20,16,8,0,0,0,0,10,0
110008,1,1,19,19,19,19,19,19,19,19,19,19
110008,2,1,0,0,0,13,14,16,16,13,25,7
110009,1,1,0,0,0,0,0,0,0,0,0,0
110009,2,1,0,0,0,0,0,0,0,0,0,0
110010,1,1,16,16,16,16,16,16,16,16,16,16
110011,1,1,0,0,0,0,0,0,0,0,0,0
110011,2,1,0,0,0,0,0,0,0,0,0,0
110012,1,1,0,0,0,0,0,0,0,0,0,0
110013,0,1,10,10,10,10,10,10,10,10,10,10
110013,1,1,9,9,9,9,9,9,9,9,9,9
110014,0,1,20,20,20,20,20,20,20,20,20,20
110014,1,1,0,12,14,0,0,0,13,0,0,28
110015,1,1,9,9,9,9,9,9,9,9,9,9
110016,1,1,9,0,0,0,7,11,20,13,11,0
110017,1,1,0,0,0,0,0,0,0,0,0,0
110017,2,1,0,0,0,0,0,0,0,0,0,0
110018,1,1,0,11,10,33,0,0,22,0,0,0
110019,0,1,0,0,0,0,0,0,0,0,0,0
110019,1,1,15,15,15,15,15,15,15,15,15,15
110020,0,1,0,8,0,0,0,9,0,15,10,36
110020,1,1,6,6,6,6,6,6,6,6,6,6
110021,1,1,0,0,0,0,0,0,0,0,0,0
110021,2,1,0,0,0,0,0,0,0,0,0,0
110022,0,1,0,13,0,14,39,19,0,0,0,0
110022,1,1,0,0,0,0,0,0,0,0,0,0
110023,1,1,0,0,0,0,0,0,0,0,0,0
110023,2,1,0,0,0,0,0,0,0,0,0,0
110023,3,1,0,19,0,0,0,0,0,0,0,0
110024,1,1,0,0,0,0,0,19,0,18,24,0
110025,1,1,0,17,0,0,0,0,0,0,0,20
110025,2,1,0,0,23,39,0,24,0,0,0,0
110025,3,1,12,12,0,0,0,0,13,0,0,21
110025,4,1,12,0,0,0,0,0,0,0,0,6
110026,0,1,0,0,0,0,0,0,0,0,0,0
110026,1,1,0,0,0,13,0,0,0,0,0,0
120001,1,1,0,0,0,0,0,0,0,0,0,0
120001,2,1,0,0,0,0,0,0,0,0,0,0
120002,1,1,16,16,16,16,16,16,16,16,16,16
120002,2,1,0,0,0,0,0,11,0,0,0,0
120003,1,1,0,0,0,0,0,0,0,0,0,0
120004,1,1,0,0,0,9,34,0,0,0,0,0
120005,1,1,0,0,0,0,0,0,0,0,0,0
120006,1,1,0,0,0,0,0,0,0,0,0,0
120006,2,1,0,0,0,0,0,0,0,0,0,0
120007,1,1,0,0,0,0,0,0,0,0,0,0
120007,2,1,0,0,0,0,0,0,0,0,0,0
120008,1,1,20,20,20,20,20,20,20,20,20,20
120009,1,1,0,17,26,0,17,0,13,0,0,0
120010,1,1,12,12,12,12,12,12,12,12,12,12
120011,1,1,26,26,26,26,26,26,26,26,26,26
120012,1,1,14,14,14,14,14,14,14,14,14,14
120013,1,1,0,0,0,0,0,0,0,0,0,0
120014,1,1,0,0,0,0,0,0,0,0,0,0
120014,2,1,0,0,0,0,0,0,0,17,0,0
120015,1,1,0,0,0,0,0,0,0,0,0,0
120015,2,1,0,0,0,0,0,0,0,0,0,0
120015,3,1,0,0,0,11,0,0,0,0,0,0
120017,1,1,13,13,13,13,13,13,13,13,13,13
120019,1,1,0,0,0,0,0,0,0,0,0,0
120020,1,1,25,25,25,25,25,25,25,25,25,25
120021,1,1,0,0,9,0,0,0,0,24,0,0
120021,2,1,0,0,0,0,0,0,0,0,0,0
120021,3,1,0,0,19,8,2,0,0,0,13,0
120021,4,1,0,0,0,0,0,0,0,0,0,0