ST_CASE,VEH_NO,PER_NO,P1,P2,P3,P4,P5,P6,P7,P8,P9,P10
120897,1,1,0,0,0,0,0,0,0,0,0,0
120897,2,1,0,0,0,20,28,0,0,0,0,0
120898,1,1,0,0,0,0,0,0,0,0,0,0
120899,1,1,0,0,29,0,0,0,36,0,0,0
120899,2,1,0,0,0,0,0,0,0,0,0,0
120900,1,1,0,0,13,0,14,0,0,0,20,18
120901,1,1,0,0,0,16,0,0,28,0,32,0
120902,0,1,0,0,0,18,0,0,0,0,6,0
120902,1,1,0,0,0,0,0,0,0,0,0,0
120902,2,1,0,0,0,0,0,0,0,0,0,0
120902,3,1,0,0,0,0,0,0,0,0,0,0
120903,0,1,0,0,0,0,0,0,0,0,0,0
120903,1,1,0,0,9,0,0,0,0,0,0,0
120904,1,1,0,0,0,0,0,0,0,0,0,0
120904,2,1,0,0,0,0,0,0,0,0,0,0
120905,1,1,18,18,18,18,18,18,18,18,18,18
120905,2,1,0,0,0,0,0,0,0,0,0,0
120906,1,1,26,0,0,0,0,0,0,0,0,0
120906,2,1,0,0,0,0,0,0,0,0,0,0
120907,1,1,0,0,0,0,0,0,0,0,0,0
120909,1,1,0,0,25,0,20,7,0,0,0,0
120910,1,1,0,0,0,0,0,0,0,0,0,0
120910,2,1,0,0,0,0,0,0,0,7,0,0
120911,1,1,14,14,14,14,14,14,14,14,14,14
120911,2,1,0,0,0,0,0,0,0,0,0,0
120911,3,1,0,0,17,0,0,0,0,0,0,0
120912,1,1,15,15,15,15,15,15,15,15,15,15
120912,2,1,0,0,0,0,0,0,0,16,0,0
120913,1,1,21,21,21,21,21,21,21,21,21,21
120914,0,1,0,0,0,0,0,0,0,0,0,0
120914,0,2,0,0,0,0,0,0,0,0,0,0
120914,1,1,0,0,0,0,0,0,0,0,0,0
120915,1,1,0,0,0,0,0,0,0,0,0,0
120915,2,1,0,0,0,0,0,0,0,0,0,0
120916,1,1,0,0,0,0,0,0,0,0,0,0
120917,1,1,0,0,0,0,0,0,0,0,0,0
120918,1,1,0,0,0,0,0,0,0,0,0,0
120918,2,1,0,0,0,0,0,0,0,0,0,0
120919,1,1,21,21,21,21,21,21,21,21,21,21
120919,2,1,0,0,0,0,0,13,0,0,20,12
120921,0,1,0,0,0,0,0,0,0,0,0,0
120921,1,1,0,0,0,0,0,0,0,0,0,0
120922,1,1,0,0,0,0,0,0,0,0,0,0
120922,2,1,0,0,0,0,0,0,0,0,0,0
120923,0,1,0,15,14,0,0,0,0,0,0,0
120923,1,1,0,0,0,0,0,0,0,0,0,0
120924,1,1,15,0,18,0,0,18,0,0,0,0
120924,2,1,0,0,0,0,0,0,0,0,0,0
120924,3,1,0,0,0,0,4,0,0,0,0,0
120924,4,1,0,0,11,44,0,0,0,0,0,0
120924,5,1,0,0,0,0,0,21,0,0,0,0
120925,1,1,27,27,27,27,27,27,27,27,27,27
120927,1,1,16,16,16,16,16,16,16,16,16,16
120928,1,1,0,0,0,0,0,0,0,0,0,0
120928,2,1,0,0,0,0,0,0,0,0,0,0
120929,1,1,0,0,0,0,0,0,0,0,0,0
120930,1,1,0,0,0,0,0,0,0,0,0,0
120930,2,1,0,7,0,0,0,0,0,0,0,0
120932,1,1,0,0,0,0,0,0,0,0,0,0
120932,2,1,0,0,0,0,0,0,0,0,0,0
120933,1,1,6,6,6,6,6,6,6,6,6,6
120934,1,1,9,16,11,12,27,0,7,17,17,0
120935,1,1,0,0,0,0,0,0,0,0,0,0
120936,1,1,0,0,0,0,0,0,0,0,0,0
120937,1,1,22,22,22,22,22,22,22,22,22,22
120939,1,1,0,0,0,0,0,0,0,0,0,0
120939,2,1,0,0,0,0,10,0,0,0,0,0
120940,0,1,27,27,27,27,27,27,27,27,27,27
120940,1,1,22,0,0,0,0,0,0,0,0,0
120940,2,1,0,0,0,5,11,0,0,12,0,3
120941,1,1,11,11,11,11,11,11,11,11,11,11
120942,1,1,17,17,17,17,17,17,17,17,17,17
120942,2,1,0,0,16,0,0,0,0,0,0,13
120943,1,1,0,0,0,0,0,0,0,0,0,0
120944,0,1,0,0,0,0,0,0,0,0,23,0
120944,1,1,0,0,16,0,0,0,0,0,0,0
120945,1,1,0,0,0,0,0,0,0,0,0,0
120945,2,1,0,0,0,0,0,0,0,0,0,0
120947,1,1,7,7,7,7,7,7,7,7,7,7
120948,1,1,0,0,0,0,0,0,0,0,0,44
120948,2,1,0,0,0,0,0,0,0,0,0,0
120949,1,1,0,0,0,0,0,0,0,0,0,0
120949,2,1,0,0,0,0,0,0,0,0,0,0
120950,1,1,9,9,9,9,9,9,9,9,9,9
120951,1,1,0,0,0,0,0,0,0,0,0,0
120951,2,1,0,0,0,0,0,0,0,0,0,0
120951,3,1,0,0,0,0,0,0,0,0,0,0
120952,1,1,10,10,10,10,10,10,10,10,10,10
120952,2,1,0,0,0,0,0,0,0,0,0,0
120953,1,1,8,0,0,0,0,0,0,0,0,0
120953,2,1,0,0,0,0,0,0,0,0,0,0
120954,1,1,0,0,14,0,0,0,0,21,0,18
120955,1,1,0,0,0,0,0,0,0,0,0,0
120955,2,1,0,0,18,0,0,0,0,0,0,0
120956,1,1,0,0,0,0,0,24,0,0,0,0
120956,2,1,0,8,0,0,0,0,0,0,0,0
120956,3,1,0,0,0,0,0,0,0,0,0,0
120957,1,1,13,0,0,0,0,0,0,0,0,0
120957,2,1,0,0,0,0,0,0,0,0,0,0
120958,0,1,0,0,0,0,0,34,0,7,0,19
120958,1,1,7,0,0,0,14,0,0,0,0,0
120959,1,1,0,0,0,0,0,0,0,0,0,0
120960,1,1,8,0,0,19,4,0,0,19,0,17
120961,1,1,36,36,36,36,36,36,36,36,36,36
120962,0,1,20,20,20,20,20,20,20,20,20,20
120962,1,1,0,0,0,0,0,0,0,0,0,0
120963,1,1,0,0,0,0,0,0,0,0,0,0
120963,2,1,0,0,0,0,0,0,0,0,0,0
120964,1,1,0,0,0,0,0,0,0,0,0,0
120964,2,1,0,0,0,0,0,0,0,0,0,0
120964,3,1,0,0,0,0,0,0,0,0,0,0
120965,1,1,0,0,11,0,0,0,0,0,0,15
120965,2,1,0,0,0,0,0,0,0,0,0,0
120966,0,1,30,30,30,30,30,30,30,30,30,30
120966,1,1,3,0,0,0,0,13,0,0,0,0
120966,2,1,0,0,0,0,0,11,0,0,0,0
120966,3,1,0,0,0,0,0,0,0,0,0,0
120967,0,1,0,0,28,0,0,0,0,0,0,0
120967,1,1,0,0,15,0,0,0,0,0,0,0
120968,1,1,4,4,4,4,4,4,4,4,4,4
120968,2,1,0,0,0,0,0,0,0,0,0,0
120969,1,1,0,0,0,0,0,0,0,0,0,0
120970,1,1,28,28,28,28,28,28,28,28,28,28
120970,2,1,0,0,0,0,0,0,0,0,0,0
120970,3,1,0,0,0,0,0,0,0,0,0,0
120971,1,1,9,9,9,9,9,9,9,9,9,9
120971,2,1,8,8,8,8,8,8,8,8,8,8
120972,1,1,22,22,22,22,22,22,22,22,22,22
120972,2,1,0,0,0,0,0,0,0,0,0,0
120972,3,1,0,0,19,0,0,0,18,0,0,0
120972,4,1,0,0,0,0,0,32,0,0,0,24
120973,1,1,6,6,6,6,6,6,6,6,6,6
120974,1,1,10,10,10,10,10,10,10,10,10,10
120974,2,1,0,0,0,0,0,0,0,0,0,0
120975,1,1,0,0,0,0,0,0,0,0,0,0
120976,1,1,0,0,0,0,0,0,0,0,0,0
120976,2,1,0,0,0,0,0,0,0,0,0,0
120976,3,1,0,0,0,0,0,0,0,0,0,0
120976,4,1,0,0,0,0,0,0,0,0,0,0
120977,1,1,0,0,0,0,0,0,0,0,0,0
120977,2,1,0,0,0,0,0,0,0,0,0,0
120978,1,1,0,0,0,0,0,0,0,0,0,0
120979,0,1,8,8,8,8,8,8,8,8,8,8
120979,1,1,0,0,7,0,0,0,0,0,0,0
120980,1,1,0,0,0,0,0,0,0,0,0,0
120981,1,1,0,0,0,0,0,0,0,0,0,0
120981,2,1,0,0,0,0,0,0,0,5,0,0
120982,0,1,38,38,38,38,38,38,38,38,38,38
120982,1,1,0,0,0,0,0,0,0,0,0,0
120983,1,1,0,0,0,0,0,0,0,0,0,0
120983,2,1,26,0,0,0,0,12,0,27,29,11
120984,1,1,0,0,16,0,19,0,0,0,0,0
120985,0,1,7,7,7,7,7,7,7,7,7,7
120985,1,1,7,0,0,24,10,0,11,23,0,0
120986,1,1,0,0,8,15,0,0,0,16,0,0
120986,2,1,0,0,0,0,0,0,0,0,0,0
120987,1,1,0,17,14,0,11,0,0,10,0,0
120988,1,1,0,0,0,0,0,0,0,0,0,0
120988,2,1,0,0,0,0,0,0,0,0,0,0
120989,1,1,0,0,0,0,0,0,0,0,0,0
120990,1,1,0,10,0,0,26,0,0,0,0,20
120991,1,1,0,9,0,0,0,0,0,0,0,0
120991,2,1,0,0,0,0,0,0,0,0,0,0
120992,1,1,0,0,0,0,0,0,0,0,0,0
120992,2,1,0,0,0,0,0,0,0,0,0,0
120993,2,1,0,0,0,0,0,0,0,0,0,0
120994,1,1,0,0,0,0,0,0,0,0,0,0
120995,1,1,0,0,0,0,0,0,0,0,0,0
120995,2,1,0,0,16,0,22,0,0,0,0,0
120996,1,1,43,20,36,12,26,33,0,19,12,12
120996,2,1,19,0,0,0,0,0,0,0,0,22
120997,1,1,21,21,21,21,21,21,21,21,21,21
120997,2,1,0,0,0,0,0,0,0,0,0,0
120998,1,1,0,0,0,0,0,0,0,0,0,0
120998,2,1,0,0,0,0,0,0,0,0,0,0
120998,3,1,0,0,0,0,0,0,0,0,0,0
120999,1,1,0,0,4,0,0,0,17,12,0,0
120999,2,1,0,0,0,0,0,0,0,0,0,8
121000,0,1,0,0,0,0,0,0,0,0,0,0
121000,0,2,0,0,0,0,0,0,0,0,0,0
121000,1,1,0,0,0,0,0,0,0,0,0,0
121001,0,1,0,17,0,0,0,32,11,0,22,15
121001,1,1,5,12,0,0,4,0,6,16,3,8
121002,1,1,37,37,37,37,37,37,37,37,37,37
121003,0,1,24,24,24,24,24,24,24,24,24,24
121003,1,1,0,0,0,0,0,0,0,33,0,0
121004,1,1,0,0,0,0,0,0,0,0,0,0
121004,2,1,0,12,0,0,0,0,0,0,0,0
121004,3,1,0,0,5,0,0,0,0,0,0,0
121004,4,1,0,0,0,0,0,0,0,0,0,0
121005,1,1,25,25,25,25,25,25,25,25,25,25
121006,0,1,0,0,0,0,0,0,0,0,0,0
121006,1,1,0,0,0,18,0,0,0,0,0,0
121007,1,1,11,11,11,11,11,11,11,11,11,11
121007,2,1,24,24,24,24,24,24,24,24,24,24
121008,1,1,0,31,0,0,0,0,0,0,0,0
121008,2,1,0,23,0,0,0,17,0,0,0,19
121009,1,1,0,0,0,0,0,0,0,0,0,0
121010,1,1,0,0,0,0,0,0,0,0,0,0
121011,1,1,0,0,0,0,0,0,0,0,0,0
121011,2,1,0,0,0,0,0,0,0,0,0,0
121012,0,1,15,0,0,0,0,0,7,0,0,0
121012,1,1,0,0,0,0,0,0,0,0,0,0
121013,1,1,6,0,0,8,14,0,0,0,22,0
121014,0,1,28,28,28,28,28,28,28,28,28,28
121014,1,1,0,0,0,12,0,0,0,0,0,0
121015,1,1,0,0,0,0,0,0,0,0,0,0
121015,2,1,0,0,0,0,0,0,0,0,0,0
121016,0,1,14,38,0,19,0,16,33,16,33,0
121016,0,2,0,0,0,0,0,53,0,32,0,16
121016,1,1,12,12,12,12,12,12,12,12,12,12
121017,1,1,0,0,0,11,0,19,0,0,0,0
121018,1,1,0,0,0,0,0,0,0,0,0,0
121018,2,1,23,0,0,0,0,0,0,0,0,0
121019,1,1,0,0,0,0,0,0,0,0,0,0
121019,2,1,0,0,0,0,0,0,0,0,0,0
121020,1,1,0,0,0,0,0,0,0,0,0,0
121021,1,1,0,26,0,18,0,16,0,18,32,0
121022,0,1,26,26,26,26,26,26,26,26,26,26
121022,1,1,0,0,0,0,0,0,0,0,0,0
121023,0,1,0,0,0,0,0,0,0,0,0,0
121023,1,1,0,0,0,0,0,0,0,11,0,0
121024,1,1,7,7,7,7,7,7,7,7,7,7
121024,2,1,0,0,0,0,15,0,0,0,0,0
121025,0,1,0,0,0,0,22,0,13,0,0,25
121025,1,1,0,5,11,17,0,0,0,0,0,0
121026,1,1,20,20,20,20,20,20,20,20,20,20
121027,0,1,0,0,0,0,0,0,0,0,0,0
121027,1,1,19,0,26,0,0,0,29,7,0,0
121028,1,1,0,0,0,0,0,0,0,0,0,0
121029,1,1,0,0,0,0,0,20,0,0,0,0
121029,2,1,0,0,8,44,0,0,0,4,0,0
121030,0,1,0,0,0,0,0,0,0,0,0,0
121030,1,1,0,20,0,0,0,0,0,0,0,0
121031,1,1,0,0,0,0,0,14,0,0,0,0
121031,2,1,0,0,0,0,0,0,0,0,0,0
121032,1,1,0,0,0,11,0,0,0,0,0,0
121033,1,1,0,0,0,0,0,0,0,0,0,0
121033,2,1,0,0,0,0,0,0,0,0,0,0
121033,3,1,0,0,0,0,0,0,0,0,0,0
121033,4,1,0,0,0,0,0,0,0,0,0,0
121034,1,1,0,0,0,0,0,0,0,0,0,0
121034,2,1,0,0,0,4,0,0,0,0,0,0
121035,0,1,0,0,0,0,0,0,0,0,0,0
121035,1,1,0,0,0,0,0,0,0,0,0,0
121036,1,1,13,13,13,13,13,13,13,13,13,13
121037,1,1,0,0,0,0,0,0,0,0,0,0
121038,1,1,0,0,0,0,0,0,0,0,0,0
121038,2,1,26,12,11,0,6,7,3,11,26,9
121039,1,1,0,0,11,0,0,0,0,0,0,0
121039,2,1,20,20,20,20,20,20,20,20,20,20
121040,1,1,21,21,21,21,21,21,21,21,21,21
121041,0,1,0,0,0,0,0,0,0,0,0,0
121041,1,1,0,0,0,0,0,0,0,0,0,0
121042,1,1,0,16,0,0,10,0,18,0,10,0
121043,1,1,0,0,0,0,33,0,0,0,0,0
121043,2,1,0,0,0,0,0,0,0,0,0,0
121043,3,1,0,0,0,0,0,0,0,0,0,0
121044,1,1,0,0,0,0,0,0,0,0,0,0
121044,2,1,0,0,0,0,0,0,0,0,0,0
121045,0,1,0,0,0,0,0,0,0,0,0,0
121045,1,1,0,9,0,0,5,0,0,0,0,0
121046,1,1,21,21,21,21,21,21,21,21,21,21
121047,1,1,0,0,0,0,0,0,0,0,0,0
121049,1,1,0,0,0,13,0,29,0,0,0,11
121050,1,1,0,0,0,0,0,0,0,0,0,0
121051,1,1,11,11,11,11,11,11,11,11,11,11
121052,0,1,0,0,0,0,0,36,0,0,0,0
121052,1,1,0,0,0,0,11,0,0,0,0,0
121053,0,1,0,0,0,0,31,0,0,0,0,0
121053,1,1,0,0,0,0,0,0,0,0,0,0
121054,0,1,0,0,0,0,0,0,0,0,0,0
121054,1,1,0,0,0,0,0,0,0,0,15,16
121055,0,1,0,0,0,0,0,0,0,0,0,0
121055,1,1,0,0,0,0,0,0,0,0,0,0
121056,0,1,0,0,0,0,0,0,0,0,43,0
121056,0,2,0,0,0,0,0,0,0,0,0,0
121056,1,1,0,0,0,0,0,25,0,0,0,0
121056,2,1,0,0,0,0,0,0,0,0,12,0
121057,1,1,0,0,0,0,0,14,0,0,0,0
121057,2,1,0,0,0,0,0,0,0,0,0,0
121059,1,1,0,0,0,0,0,0,0,0,0,0
121060,1,1,0,0,0,0,0,0,0,0,0,0
121060,2,1,0,0,0,0,0,0,0,0,0,0
121061,0,1,22,22,22,22,22,22,22,22,22,22
121061,1,1,11,31,25,0,17,0,22,0,0,0
121062,1,1,0,0,0,0,0,0,0,0,0,0
121062,2,1,0,0,0,0,0,0,0,0,0,0
121063,1,1,0,0,0,0,0,0,0,0,0,0
121063,2,1,0,0,0,0,0,0,0,10,0,0
121064,1,1,0,0,0,8,0,0,0,0,7,0
121064,2,1,0,0,0,0,0,0,0,0,0,0
121065,1,1,0,0,0,0,0,0,0,0,0,0
121066,1,1,0,0,0,0,13,0,0,0,0,0
121066,2,1,0,0,0,0,0,0,0,0,0,0
121066,3,1,0,0,0,0,0,0,0,0,0,0
121066,4,1,0,0,0,0,0,0,0,0,0,0
121066,5,1,0,0,0,0,0,0,0,0,17,0
121067,1,1,0,0,0,0,0,0,0,0,0,0
121067,2,1,0,0,0,0,0,0,0,0,0,0
121067,3,1,0,0,0,0,0,0,0,0,0,0
121068,1,2,0,0,0,23,13,0,15,0,0,8
121069,0,1,27,0,0,0,0,0,0,60,0,0
121069,1,1,0,0,0,0,0,0,0,0,0,0
121070,1,1,0,0,0,0,0,0,0,0,0,0
121070,2,1,0,0,0,0,0,0,0,0,0,0
121070,3,1,0,0,0,31,0,0,21,0,0,0
121071,1,1,0,0,0,0,0,0,0,0,0,0
121071,2,1,0,0,0,0,2,7,0,10,0,0
121072,0,1,0,0,0,0,0,0,0,0,0,0
121072,1,1,0,0,0,0,0,0,0,0,0,0
121073,1,1,29,29,29,29,29,29,29,29,29,29
121074,1,1,0,0,0,0,0,0,0,0,0,0
121074,2,1,0,0,0,0,0,0,0,0,0,0
121075,1,1,23,23,23,23,23,23,23,23,23,23
121076,1,1,32,32,32,32,32,32,32,32,32,32
121077,1,1,6,0,0,28,0,20,0,0,0,0
121077,2,1,0,0,0,0,35,0,0,0,0,0
121077,3,1,5,0,0,0,0,4,0,0,0,14
121078,1,1,0,0,0,0,0,0,0,0,0,0
121078,2,1,0,0,0,0,0,0,0,0,0,0
121079,0,1,15,15,15,15,15,15,15,15,15,15
121079,1,1,0,12,0,0,0,0,0,14,0,0
121080,0,1,4,4,4,4,4,4,4,4,4,4
121080,1,1,0,0,0,0,0,0,0,0,0,0
121080,2,1,0,0,0,0,0,0,0,19,0,0
121081,1,1,0,0,0,0,0,0,0,0,0,0
121081,2,1,0,0,0,0,0,0,0,0,0,0
121083,1,1,0,0,0,0,0,0,0,0,0,0
121083,2,1,0,0,0,0,0,0,0,0,0,0
121084,1,1,0,0,0,0,0,0,0,0,0,0
121084,2,1,0,0,0,0,0,0,0,0,0,0
121084,3,1,0,0,0,0,0,0,0,0,0,0
121085,0,1,0,0,0,0,0,0,0,0,24,0
121085,1,1,0,0,0,0,0,0,0,0,0,0
121086,1,1,0,0,0,0,0,0,0,0,0,0
121086,2,1,0,0,0,0,0,0,0,0,0,0
121087,1,1,30,30,30,30,30,30,30,30,30,30
121088,0,1,0,0,0,0,0,0,0,0,0,0
121088,1,1,0,0,0,0,0,0,0,0,0,0
121089,1,1,0,0,0,0,0,0,0,0,0,0
121089,2,1,0,0,0,0,0,0,0,0,0,0
121090,1,1,0,0,0,0,0,0,0,0,0,0
121090,2,1,0,0,0,0,0,0,0,0,0,0
121091,1,1,0,0,0,0,0,0,0,0,0,0
121091,2,1,0,0,0,0,0,0,0,0,0,14
121092,1,1,0,0,0,0,0,0,0,0,0,0
121092,2,1,0,0,0,0,0,0,0,0,0,0
121092,3,1,0,0,0,0,0,0,0,0,0,0
121093,0,1,0,0,21,12,0,38,15,8,0,9
121093,1,1,0,0,0,0,0,0,0,0,0,0
121094,1,1,0,0,0,0,0,0,14,0,0,0
121094,2,1,0,0,0,0,0,0,0,0,0,0
121095,1,1,0,0,0,7,0,0,0,0,0,0
121095,2,1,0,0,0,0,6,0,0,0,0,0
121095,3,1,0,0,0,0,0,0,0,0,0,0
121095,4,1,0,0,0,0,0,0,0,0,0,0
121095,5,1,0,0,0,0,0,0,0,0,0,7
121095,6,1,0,0,0,0,0,0,0,0,0,0
121095,7,1,0,0,0,0,0,0,0,0,0,0
121096,1,1,0,0,0,0,0,0,0,0,0,0
121096,2,1,0,0,0,0,0,0,0,0,0,0
121096,3,1,0,0,0,0,8,0,0,12,0,21
121097,1,1,0,0,0,0,0,0,0,0,0,0
121097,2,1,0,0,0,0,0,0,0,0,0,0
121098,1,1,0,0,0,13,0,0,0,0,0,0
121099,1,1,0,0,0,0,0,0,0,0,0,0
121100,0,1,0,0,0,0,0,0,0,0,0,0
121100,1,1,16,16,16,16,16,16,16,16,16,16
121101,1,1,0,0,0,0,0,0,0,0,0,0
121101,2,1,0,0,0,0,0,0,16,10,16,0
121104,1,1,0,0,0,0,0,0,0,0,0,0
121104,2,1,0,0,0,0,0,0,0,0,0,0
121104,3,1,0,0,0,0,0,0,0,0,0,0
121104,4,1,11,0,0,0,0,0,0,0,0,0
121105,1,1,0,0,0,0,0,0,0,14,0,0
121106,1,1,0,0,0,0,17,0,0,0,0,0
121106,2,1,0,0,0,0,0,0,0,0,0,0
121107,1,1,17,17,17,17,17,17,17,17,17,17
121108,1,1,0,0,0,0,0,0,0,0,0,0
121108,2,1,0,0,0,0,0,0,0,0,0,0
121109,1,1,0,0,0,0,0,0,0,0,0,0
121109,2,1,0,0,0,0,0,0,0,0,0,0
121110,0,1,25,25,25,25,25,25,25,25,25,25
121110,1,1,0,31,0,0,8,12,0,0,0,0
121111,1,1,0,0,0,0,0,8,0,5,0,0
121112,1,1,0,0,0,0,0,0,0,0,0,0
121112,2,1,0,0,0,0,0,0,0,0,0,0
121112,3,1,6,0,0,6,0,0,0,0,0,0
121113,1,1,17,17,17,17,17,17,17,17,17,17
121113,2,1,0,0,0,0,0,0,0,0,0,0
121114,1,1,0,0,0,0,0,0,0,0,0,0
121114,2,1,0,0,0,0,0,0,0,0,0,0
121115,1,1,0,14,0,0,0,0,0,15,0,9
121115,2,1,0,0,0,0,0,0,0,0,0,0
121116,1,1,16,16,16,16,16,16,16,16,16,16
121117,1,1,0,0,0,0,0,0,0,0,0,23
121118,1,1,27,24,0,0,0,15,8,0,20,0
121119,1,1,6,6,6,6,6,6,6,6,6,6
121119,2,1,15,15,15,15,15,15,15,15,15,15
121120,1,1,11,11,11,11,11,11,11,11,11,11
121120,2,1,0,0,0,0,0,0,0,0,0,6
121121,1,1,0,0,0,0,0,0,0,0,0,0
121122,0,1,0,0,0,0,0,0,0,0,0,0
121122,1,1,0,0,0,0,0,0,0,0,0,0
121122,2,1,0,0,14,20,0,10,0,8,10,0
121122,3,1,15,14,0,0,4,4,0,0,0,17
121122,4,1,0,0,0,0,0,0,22,0,0,0
121123,1,1,12,12,12,12,12,12,12,12,12,12
121124,1,1,26,26,26,26,26,26,26,26,26,26
121124,2,1,0,0,0,0,0,0,0,0,0,6
121125,1,1,27,0,0,0,0,0,0,0,0,0
121125,2,1,0,0,0,0,0,0,0,0,0,0
121126,0,1,0,0,0,0,0,0,0,0,0,0
121126,1,1,0,0,0,0,0,0,0,0,0,0
121127,1,1,0,0,0,0,0,0,0,0,0,0
121127,2,1,0,0,17,0,0,0,0,7,0,0
121127,3,1,0,0,16,0,0,0,0,0,0,0
121128,0,1,0,0,0,0,0,0,0,0,0,0
121128,1,1,0,0,0,0,0,0,0,0,0,0
121129,1,1,12,0,17,0,0,14,14,12,15,0
121129,2,1,0,0,0,0,0,0,0,0,0,0
121130,1,1,12,12,0,20,8,0,27,0,11,10
121131,1,1,0,0,0,0,0,0,0,0,0,0
121132,1,1,0,6,0,0,0,0,0,0,0,0
121132,2,1,0,0,0,0,0,0,0,0,0,0
121133,1,1,19,0,0,7,0,0,0,0,13,0
121133,2,1,0,0,0,0,0,0,0,0,0,0
121134,0,1,26,26,26,26,26,26,26,26,26,26
121134,1,1,0,0,0,0,0,0,0,0,0,0
121135,1,1,0,0,0,0,0,0,0,0,0,0
121136,1,1,0,0,0,0,0,0,0,0,0,0
121136,2,1,0,0,0,0,0,0,0,0,0,24
121137,1,1,0,0,0,7,0,0,0,23,0,0
121137,2,1,0,0,0,0,0,0,0,0,0,0
121138,1,1,0,10,21,17,16,34,15,26,0,18
121139,1,1,0,0,0,0,0,0,0,0,0,0
121140,0,1,0,0,0,0,0,0,0,0,0,0
121140,1,1,0,0,0,0,0,0,0,0,0,0
121141,1,1,0,0,0,0,19,13,0,16,0,0
121141,2,1,0,0,14,0,0,0,0,0,13,0
121142,1,1,0,0,35,0,0,0,0,0,0,0
121143,1,1,0,0,0,0,0,0,0,0,0,0
121143,2,1,0,0,0,0,0,0,0,0,0,0
121144,0,1,0,0,0,0,0,0,0,17,16,0
121144,1,1,0,0,4,0,0,0,0,0,0,0
121145,1,1,0,0,0,0,0,0,0,0,0,0
121145,2,1,0,0,0,0,0,0,0,0,0,0
121146,1,1,0,0,0,25,0,0,0,0,0,0
121146,2,1,0,0,0,0,0,11,0,0,0,0
121147,0,1,0,0,0,0,0,22,0,0,0,0
121147,1,1,0,0,0,0,0,0,0,0,0,0
121148,1,1,16,16,16,16,16,16,16,16,16,16
121150,0,1,28,28,28,28,28,28,28,28,28,28
121150,1,1,0,0,0,0,0,0,0,0,0,0
121151,1,1,0,0,0,0,0,0,0,0,0,0
121151,2,1,0,0,6,0,0,0,0,0,0,0
121151,3,1,0,0,0,0,0,0,0,0,0,0
121151,4,1,0,0,0,0,0,0,0,0,0,0
121151,5,1,0,0,41,0,0,0,0,0,0,0
121152,1,1,0,0,0,10,0,7,9,0,0,5
121153,1,1,18,18,18,18,18,18,18,18,18,18
121154,1,1,16,16,16,16,16,16,16,16,16,16
121155,1,1,0,0,0,0,0,0,0,0,0,0
121155,2,1,0,0,0,0,0,0,0,0,0,0
121156,1,1,0,0,0,0,0,0,0,0,0,0
121156,2,1,0,0,0,0,0,0,0,6,0,0
121156,3,1,0,0,0,0,0,0,0,0,0,0
121157,0,1,17,21,10,22,5,0,17,4,15,12
121157,1,1,0,0,0,0,0,0,0,0,18,23
121158,1,1,0,0,0,25,0,0,0,0,0,0
121158,2,1,19,0,0,0,0,0,0,0,0,0
121159,1,1,15,15,15,15,15,15,15,15,15,15
121160,1,1,0,0,0,0,0,0,0,0,0,0
121161,0,1,0,0,0,0,0,0,0,0,0,0
121161,1,1,0,0,0,0,0,0,0,0,0,0
121162,1,1,30,30,30,30,30,30,30,30,30,30
121162,2,1,20,20,20,20,20,20,20,20,20,20
121163,1,1,0,0,0,0,0,0,0,0,0,0
121163,2,1,0,0,0,6,0,0,0,0,0,0
121164,1,1,0,0,0,0,0,0,0,0,0,0
121164,2,1,0,0,11,0,0,0,0,0,0,0
121164,3,1,0,0,0,0,0,27,0,0,0,0
121165,1,1,0,0,0,0,0,0,0,0,0,0
121165,2,1,0,0,0,0,0,0,0,0,0,0
121166,0,1,0,0,0,0,0,0,0,0,0,0
121166,1,1,0,0,0,0,0,0,0,0,0,0
121167,1,1,0,0,0,0,0,0,0,0,0,0
121168,0,1,18,25,23,30,24,15,18,7,35,10
121168,1,1,0,0,0,0,0,0,0,0,0,0
121170,1,1,0,0,0,0,0,0,0,0,0,0
121170,2,1,0,0,0,0,0,0,0,0,0,32
121171,0,1,0,0,0,0,0,13,0,0,0,0
121171,1,1,0,0,0,0,0,0,0,0,0,0
121172,1,1,13,13,13,13,13,13,13,13,13,13
121173,1,1,0,0,0,0,0,0,0,0,0,0
121174,1,1,13,21,9,14,23,18,24,30,11,9
121174,2,1,0,0,0,0,0,0,0,0,0,0
121175,1,1,0,0,0,0,0,0,0,0,0,0
121175,2,1,0,0,0,0,0,0,0,0,10,0
121176,0,1,0,15,0,0,0,0,0,29,0,0
121176,1,1,10,0,0,4,0,0,16,0,11,0
121177,0,1,0,0,0,0,0,8,0,0,21,0
121177,1,1,0,0,10,0,0,0,0,0,0,0
121178,0,1,0,0,5,0,0,0,0,0,0,7
121178,1,1,0,14,0,19,0,0,0,0,1,0
121179,1,1,0,0,0,3,0,0,0,0,0,0
121180,1,1,0,0,0,0,0,0,0,0,0,0
121180,2,1,0,0,0,0,0,0,0,0,0,0
121180,3,1,0,0,0,0,2,0,0,0,0,0
121181,1,1,0,0,0,0,0,0,0,0,0,0
121181,2,1,0,0,0,0,0,0,0,8,0,0
121181,3,1,0,0,0,0,0,0,6,0,0,0
121182,1,1,0,0,0,0,0,0,0,0,0,0
121182,2,1,0,0,0,0,0,0,0,0,0,0
121183,1,1,0,0,0,0,0,0,0,0,0,0
121184,1,1,0,0,0,0,0,0,0,0,0,11