ST_CASE,VEH_NO,PER_NO,P1,P2,P3,P4,P5,P6,P7,P8,P9,P10
121184,2,1,0,0,0,0,0,0,0,0,0,0
121185,1,1,0,0,0,0,0,0,0,0,0,0
121185,2,1,20,0,0,0,0,0,0,0,0,0
121186,1,1,9,9,9,9,9,9,9,9,9,9
121186,2,1,0,0,0,0,0,0,0,0,0,0
121187,0,1,0,0,0,0,0,0,0,0,0,0
121187,0,2,0,0,0,0,0,0,0,0,0,0
121187,1,1,0,0,0,0,0,0,0,0,0,0
121189,0,1,0,0,0,0,0,0,0,0,0,0
121189,1,1,0,0,0,0,0,0,0,0,0,0
121190,0,1,24,24,24,24,24,24,24,24,24,24
121190,1,1,3,0,17,18,0,8,13,0,0,0
121191,1,1,4,0,0,0,6,0,0,26,0,10
121192,1,1,0,0,0,0,0,0,0,0,0,0
121192,2,1,8,0,0,0,0,0,0,0,0,0
121193,1,1,0,0,0,0,0,0,0,0,0,0
121193,2,1,0,0,12,0,0,0,0,0,11,21
121194,1,1,0,0,0,0,0,0,0,0,20,0
121194,2,1,0,0,0,0,0,0,0,0,0,0
121196,1,1,20,20,20,20,20,20,20,20,20,20
121197,1,1,16,16,16,16,16,16,16,16,16,16
121198,1,1,11,11,11,11,11,11,11,11,11,11
121199,1,1,0,0,0,0,0,0,0,0,0,0
121200,1,1,0,0,0,0,0,0,0,0,0,0
121200,2,1,0,0,0,0,0,0,0,0,0,0
121201,1,1,2,0,0,0,13,15,0,0,0,7
121202,1,1,0,0,0,0,0,0,0,0,0,0
121203,1,1,0,0,0,0,0,0,0,0,0,0
121204,0,1,0,0,0,0,0,0,0,0,0,0
121204,1,1,0,0,0,0,0,0,0,0,0,0
121205,1,1,0,0,0,0,0,0,0,0,0,0
121205,2,1,19,19,19,19,19,19,19,19,19,19
121206,0,1,35,35,35,35,35,35,35,35,35,35
121206,1,1,0,0,0,0,0,0,0,0,0,0
121207,1,1,0,0,0,0,0,0,0,0,0,0
121207,2,1,0,0,0,0,0,0,0,0,0,0
121208,1,1,0,0,0,0,0,0,0,0,0,0
121208,2,1,0,0,0,0,0,0,0,0,0,0
121209,1,1,21,21,21,21,21,21,21,21,21,21
121209,2,1,0,0,0,0,0,0,0,0,0,0
121210,0,1,20,20,20,20,20,20,20,20,20,20
121210,1,1,0,0,0,0,0,0,0,0,0,0
121211,1,1,0,0,0,0,0,26,0,33,21,0
121211,2,1,0,0,0,0,0,0,0,0,0,0
121212,1,1,0,0,0,0,0,0,0,0,0,0
121213,1,1,0,0,0,0,0,0,0,0,0,0
121214,1,1,22,0,0,0,0,0,0,9,0,0
121215,1,1,37,37,37,37,37,37,37,37,37,37
121217,1,1,0,0,0,0,0,0,0,0,0,0
121218,1,1,6,6,6,6,6,6,6,6,6,6
121219,1,1,0,0,0,0,0,0,0,0,0,0
121219,2,1,0,0,0,0,0,0,0,0,0,0
121220,0,1,0,0,0,24,6,18,0,0,0,0
121220,1,1,0,8,0,0,0,0,0,11,0,13
121221,1,1,0,0,0,0,0,12,0,0,0,0
121222,0,1,0,0,0,0,0,0,0,0,0,0
121222,1,1,0,0,0,0,0,0,0,0,0,0
121223,1,1,0,0,0,0,0,0,0,0,0,0
121223,2,1,0,0,0,0,0,0,0,0,0,0
121224,1,1,39,39,39,39,39,39,39,39,39,39
121224,2,1,0,0,0,0,0,0,0,0,0,0
121225,0,1,0,0,0,0,0,0,0,0,0,0
121225,1,1,0,0,0,0,0,0,0,0,0,0
121226,1,1,0,0,0,0,0,0,0,0,0,0
121227,0,1,0,0,0,0,0,0,0,0,0,0
121227,0,2,0,0,0,0,0,0,0,0,0,0
121227,1,1,0,0,0,0,0,0,0,0,0,0
121228,1,1,0,0,0,0,0,0,0,0,0,12
121228,2,1,0,0,0,0,0,0,0,14,0,0
121228,3,1,0,0,0,0,0,0,0,23,0,0
121228,4,1,0,0,0,0,0,0,0,0,0,0
121228,5,1,0,0,0,0,0,0,0,0,17,0
121229,0,1,0,25,0,0,0,32,0,0,0,0
121229,1,1,0,0,0,0,0,0,0,0,0,0
121230,1,1,0,0,19,0,0,0,0,0,0,0
121231,0,1,0,0,0,19,0,0,0,20,19,0
121231,1,1,12,15,5,15,11,8,11,15,9,13
121232,1,1,0,0,0,0,0,0,0,0,0,0
121232,2,1,0,0,19,0,0,14,0,0,0,0
121233,0,1,0,14,14,0,8,0,14,0,0,4
121233,1,1,0,0,0,0,0,0,0,0,0,0
121234,0,1,0,0,0,0,0,0,0,0,0,0
121234,1,1,0,0,0,0,0,0,0,0,0,0
121234,2,1,0,0,0,0,0,0,0,0,0,0
121235,1,1,0,0,0,0,0,0,0,0,0,0
121236,1,1,0,0,0,0,0,0,0,0,0,0
121237,1,1,0,0,0,0,0,0,0,0,0,0
121238,0,1,0,0,0,0,0,0,0,0,0,0
121238,1,1,0,0,0,0,0,0,0,0,0,0
121239,0,1,25,25,25,25,25,25,25,25,25,25
121239,1,1,0,0,18,36,0,0,0,0,0,0
121240,1,1,25,0,16,28,0,25,14,28,7,9
121240,2,1,0,0,0,0,0,0,0,0,0,0
121241,1,1,24,24,24,24,24,24,24,24,24,24
121241,2,1,0,0,0,0,0,0,0,0,0,0
121242,0,1,25,25,25,25,25,25,25,25,25,25
121242,1,1,0,0,0,0,33,0,0,17,0,0
121243,0,1,5,5,5,5,5,5,5,5,5,5
121243,1,1,0,0,0,0,0,0,0,0,0,0
121244,1,1,0,0,0,0,0,0,0,0,0,0
121244,2,1,0,0,0,12,0,0,0,0,0,0
121245,1,1,0,0,0,0,0,0,0,0,0,0
121245,2,1,0,0,0,0,0,0,0,0,0,0
121246,1,1,0,0,0,0,0,0,0,0,0,0
121246,2,1,0,0,0,0,0,0,0,0,0,0
121246,3,1,0,0,0,0,0,0,0,0,0,0
121246,4,1,0,0,8,0,0,0,0,0,0,0
121246,5,1,0,0,0,0,0,0,0,0,0,8
121247,0,1,31,31,31,31,31,31,31,31,31,31
121247,1,1,0,0,0,0,0,0,18,0,0,0
121247,2,1,2,0,0,0,0,0,13,0,2,0
121248,1,1,7,7,7,7,7,7,7,7,7,7
121248,2,1,0,0,0,0,0,0,0,0,0,0
121249,0,1,21,21,21,21,21,21,21,21,21,21
121249,1,1,0,0,0,0,0,0,0,0,0,0
121249,2,1,0,0,10,0,0,0,0,0,0,0
121250,0,1,0,0,0,0,0,0,0,0,0,0
121250,1,1,0,0,0,0,0,0,0,57,0,0
121251,1,1,0,0,0,0,0,0,0,0,0,0
121251,2,1,0,0,0,0,0,0,0,0,0,0
121252,0,1,0,0,0,0,0,0,0,0,0,0
121252,1,1,0,0,0,0,0,0,0,0,0,0
121253,0,1,0,0,0,0,0,0,0,0,0,0
121253,1,1,0,0,0,0,17,0,0,0,0,0
121254,1,1,0,0,0,0,0,0,0,0,0,0
121254,2,1,18,0,0,0,0,0,0,19,0,0
121254,3,1,0,0,0,0,0,0,0,0,0,0
121254,4,1,0,0,0,0,0,8,0,0,0,0
121255,1,1,0,0,0,0,0,0,0,0,0,0
121256,1,1,25,25,0,15,0,20,0,40,0,18
121256,2,1,0,0,0,0,0,0,8,0,0,0
121257,1,1,0,0,0,0,0,0,10,0,0,0
121257,2,1,0,0,0,0,0,0,0,0,0,0
121258,1,1,0,0,0,24,6,0,0,0,0,16
121258,2,1,0,0,0,18,14,19,11,0,0,18
121259,1,1,0,0,0,0,0,0,0,27,0,0
121259,2,1,0,0,0,0,0,0,0,0,0,21
121259,3,1,0,11,8,0,0,0,0,0,0,0
121260,1,1,0,0,0,0,0,17,6,0,21,3
121262,1,1,0,0,0,0,0,0,0,0,0,27
121262,2,1,15,15,15,15,15,15,15,15,15,15
121263,0,1,0,0,0,0,0,0,0,0,0,0
121263,1,1,0,0,0,0,0,0,0,0,0,0
121264,1,1,0,0,0,0,0,0,0,7,0,0
121264,2,1,0,0,0,0,0,0,0,0,0,0
121265,1,1,0,0,0,0,0,0,0,0,0,0
121265,2,1,0,0,0,0,0,0,0,0,0,0
121265,3,1,0,0,0,0,0,0,0,0,0,0
121266,0,1,0,0,0,0,0,0,0,0,0,0
121266,1,1,0,0,0,19,0,0,0,0,0,0
121267,0,1,0,22,18,23,0,0,0,15,20,9
121267,1,1,0,0,0,0,0,0,0,0,0,0
121268,0,1,22,0,10,3,24,16,0,0,19,0
121268,1,1,6,0,0,0,7,0,15,0,11,0
121269,0,1,19,12,13,0,19,0,24,0,0,13
121269,1,1,0,0,0,0,0,0,0,0,0,0
121270,1,1,0,0,0,0,0,0,0,21,0,0
121270,2,1,0,0,22,0,0,0,0,0,0,0
121271,1,1,0,0,0,0,0,0,0,0,0,0
121272,1,1,0,0,0,0,0,0,0,0,0,0
121272,2,1,0,0,0,0,0,0,0,0,0,0
121273,0,1,0,0,25,0,0,0,0,0,0,0
121273,0,2,0,0,26,20,0,0,38,22,0,0
121273,1,1,20,20,20,20,20,20,20,20,20,20
121274,0,1,0,0,0,0,0,0,0,0,0,0
121274,1,1,0,0,0,0,0,0,0,0,0,0
121275,1,1,0,0,0,0,0,0,0,0,0,0
121275,2,1,0,0,0,0,0,0,0,0,0,0
121276,1,1,18,18,19,27,18,7,19,15,14,18
121276,2,1,0,0,0,0,0,27,0,0,0,0
121277,1,1,0,0,0,27,0,13,28,9,0,16
121278,1,1,0,0,0,0,26,0,0,0,0,0
121279,1,1,0,0,0,0,0,0,0,0,0,0
121280,1,1,0,0,0,0,0,0,0,0,0,0
121281,1,1,0,0,0,19,0,0,0,0,0,0
121281,2,1,0,0,0,0,0,0,0,0,0,0
121281,3,1,0,0,5,0,0,0,0,0,0,0
121281,4,1,0,0,0,0,0,0,0,0,0,0
121282,0,1,0,0,0,0,0,0,0,0,0,0
121282,1,1,0,0,0,0,0,0,0,0,0,0
121283,1,1,0,10,0,11,0,0,11,0,11,0
121284,1,1,10,10,10,10,10,10,10,10,10,10
121285,1,1,12,12,12,12,12,12,12,12,12,12
121286,1,1,7,7,7,7,7,7,7,7,7,7
121287,1,1,0,0,0,0,0,0,0,0,0,0
121287,2,1,0,0,0,0,0,0,0,0,0,0
121288,0,1,22,22,22,22,22,22,22,22,22,22
121288,1,1,0,0,0,0,0,0,0,0,0,0
121289,0,1,7,7,7,7,7,7,7,7,7,7
121289,1,1,0,0,0,0,0,0,0,0,0,0
121290,1,1,20,20,20,20,20,20,20,20,20,20
121291,0,1,0,0,0,0,0,0,0,0,0,0
121291,1,1,0,0,0,0,0,0,0,0,0,0
121292,0,1,0,13,15,10,28,32,22,8,0,18
121292,1,1,0,0,0,0,0,0,0,14,0,0
121293,1,1,27,27,27,27,27,27,27,27,27,27
121294,1,1,0,0,6,0,0,0,0,19,0,0
121295,1,1,0,0,0,0,0,0,0,0,0,0
121296,1,1,9,21,2,2,9,17,13,23,15,13
121297,0,1,0,0,0,0,0,0,0,0,21,0
121297,0,2,0,0,0,0,0,30,0,0,0,0
121297,2,1,0,0,0,26,15,0,0,0,0,0
121298,1,1,0,0,0,0,0,0,0,0,0,0
121299,0,1,9,9,9,9,9,9,9,9,9,9
121299,1,1,27,0,0,0,16,9,12,5,10,0
121299,2,1,0,0,0,13,0,0,0,0,0,0
121300,0,1,16,16,16,16,16,16,16,16,16,16
121300,1,1,0,23,0,0,0,17,0,0,0,0
121302,0,1,0,0,0,0,0,0,0,0,0,0
121302,1,1,0,0,0,0,0,0,0,0,0,0
121303,1,1,6,6,6,6,6,6,6,6,6,6
121303,2,1,0,0,0,0,3,0,0,0,0,0
121304,0,1,0,0,0,0,0,0,0,0,0,0
121304,1,1,11,11,0,19,21,0,0,16,11,8
121305,1,1,0,0,0,0,0,0,0,0,0,0
121305,2,1,0,0,0,0,0,0,0,0,0,0
121306,1,1,0,0,11,0,0,13,0,0,0,12
121307,1,1,0,0,0,0,0,0,0,0,0,0
121307,2,1,0,0,0,0,0,0,0,0,0,0
121308,1,1,30,30,30,30,30,30,30,30,30,30
121310,0,1,33,33,33,33,33,33,33,33,33,33
121310,1,1,0,0,0,0,0,0,16,0,0,0
121311,1,1,0,0,0,0,0,0,0,0,0,0
121311,2,1,0,0,30,0,0,0,0,0,0,0
121312,1,1,0,0,0,0,0,0,0,0,0,0
121312,2,1,0,0,0,0,0,0,0,11,0,0
121313,1,1,0,0,0,0,0,0,0,0,0,0
121314,1,1,0,0,11,21,0,18,0,0,17,16
121315,1,1,0,0,0,0,0,0,0,0,0,0
121315,2,1,19,0,0,0,0,0,0,0,0,0
121316,1,1,0,0,0,0,0,0,0,0,0,0
121317,1,1,16,16,16,16,16,16,16,16,16,16
121317,2,1,19,0,0,0,15,0,0,0,0,26
121318,1,1,0,0,0,14,0,13,0,0,0,0
121319,1,1,4,4,4,4,4,4,4,4,4,4
121319,2,1,0,0,0,0,0,0,0,0,0,0
121320,1,1,0,0,0,10,22,12,13,0,7,8
121320,2,1,0,20,0,0,18,0,0,0,0,0
121321,1,1,0,0,22,0,0,23,0,12,0,0
121321,2,1,0,0,0,0,0,0,0,0,0,0
121322,1,1,0,0,0,0,0,0,0,0,0,0
121322,2,1,0,0,0,0,0,0,0,0,0,0
121323,1,1,23,23,23,23,23,23,23,23,23,23
121324,1,1,19,19,19,19,19,19,19,19,19,19
121325,1,1,11,11,11,11,11,11,11,11,11,11
121326,1,1,0,0,0,0,0,0,0,0,0,0
121326,2,1,0,0,0,0,0,0,0,0,0,0
121327,1,1,0,0,0,0,0,0,0,0,0,0
121327,2,1,0,0,0,0,0,0,0,0,0,0
121328,0,1,0,0,0,0,0,0,0,0,0,0
121328,1,1,4,4,4,4,4,4,4,4,4,4
121329,1,1,0,0,0,0,0,0,0,0,0,0
121329,2,1,0,0,0,0,0,0,0,0,0,0
121329,3,1,0,0,0,0,25,0,0,0,0,0
121330,0,1,9,9,9,9,9,9,9,9,9,9
121330,1,1,0,0,0,0,0,0,0,0,9,0
121331,1,1,0,0,0,0,0,0,0,0,0,0
121331,2,1,13,13,13,13,13,13,13,13,13,13
121332,1,1,0,0,0,0,0,0,0,0,0,0
121333,0,1,26,26,26,26,26,26,26,26,26,26
121333,1,1,16,0,13,0,0,0,0,0,0,0
121334,0,1,0,0,0,0,0,0,0,0,0,0
121334,1,1,0,0,0,0,0,0,0,0,0,0
121335,1,1,0,0,0,0,0,0,0,0,0,0
121335,2,1,27,0,0,17,11,0,0,0,0,0
121335,3,1,0,0,0,0,0,0,0,0,0,0
121335,4,1,0,0,0,0,0,0,0,0,0,0
121336,1,1,0,0,0,0,0,0,0,0,0,0
121337,1,1,0,0,0,0,0,0,0,0,0,0
121337,2,1,0,0,0,0,0,0,0,0,0,0
121337,3,1,0,0,0,0,0,0,0,0,0,0
121337,4,1,0,0,0,0,0,0,0,0,0,0
121337,5,1,0,0,0,0,0,0,0,0,0,0
121337,6,1,0,0,0,0,0,0,0,0,0,0
121337,7,1,0,0,0,0,0,0,0,0,0,0
121338,1,1,0,0,0,0,0,0,0,0,0,0
121339,0,1,0,0,0,0,0,0,0,0,0,0
121339,1,1,0,0,0,0,0,0,0,0,0,0
121340,1,1,13,13,13,13,13,13,13,13,13,13
121341,0,1,17,17,17,17,17,17,17,17,17,17
121341,1,1,0,0,0,0,0,0,0,11,0,0
121342,0,1,0,0,0,0,0,21,0,0,17,0
121342,1,1,0,0,0,0,0,0,0,0,0,0
121343,1,1,17,17,17,17,17,17,17,17,17,17
121344,0,1,13,13,13,13,13,13,13,13,13,13
121344,1,1,0,0,0,0,0,0,0,0,0,0
121345,1,2,24,29,0,14,0,23,22,0,0,20
121346,0,1,11,11,11,11,11,11,11,11,11,11
121346,1,1,0,0,0,0,30,0,0,0,0,0
121347,1,1,28,28,28,28,28,28,28,28,28,28
121348,1,1,13,13,13,13,13,13,13,13,13,13
121349,1,1,0,0,0,0,0,0,0,0,0,0
121349,2,1,0,0,0,0,0,0,0,0,0,0
121350,0,1,0,0,0,0,0,0,24,0,0,0
121350,1,1,0,0,0,14,0,14,0,0,7,0
121351,1,1,0,0,0,0,0,0,0,0,0,12
121351,2,1,0,0,0,0,0,0,0,0,0,0
121352,1,1,0,0,0,0,0,0,0,0,0,0
121352,2,1,0,0,10,0,0,0,0,0,0,0
121353,1,1,0,0,0,0,0,0,0,0,0,0
121353,2,1,0,0,0,0,0,0,0,0,0,0
121355,1,1,19,19,19,19,19,19,19,19,19,19
121356,0,1,0,0,0,0,0,0,0,0,0,0
121356,1,1,0,0,0,0,0,0,0,0,0,11
121357,1,1,9,0,0,0,0,0,0,21,0,0
121358,1,1,0,0,0,0,0,0,0,0,0,0
121358,2,1,0,0,0,0,0,0,0,0,0,0
121359,1,1,0,0,0,0,0,0,0,0,0,0
121359,2,1,0,0,0,0,0,0,0,0,0,0
121360,1,1,14,14,14,14,14,14,14,14,14,14
121361,1,1,0,0,0,0,0,0,0,0,0,0
121361,2,1,0,0,0,0,0,0,0,0,0,0
121362,1,1,9,16,9,23,11,16,22,24,5,31
121362,2,1,0,0,0,0,0,0,0,0,0,0
121363,1,1,18,18,18,18,18,18,18,18,18,18
121364,1,1,0,0,0,0,0,0,0,0,0,0
121364,2,1,0,0,0,0,0,0,0,0,0,0
121364,3,1,0,0,0,0,0,0,0,0,0,0
121365,1,1,0,0,0,0,0,0,0,0,0,0
121366,1,1,7,7,7,7,7,7,7,7,7,7
121366,2,1,0,0,0,0,0,0,0,0,0,0
121367,1,1,18,10,11,14,10,23,6,8,12,27
121368,1,1,0,0,0,0,0,0,0,0,0,0
121369,1,1,0,0,0,0,0,0,0,0,0,0
121369,2,1,0,0,12,0,0,0,0,0,0,0
121370,1,1,0,0,0,0,0,0,0,15,0,0
121370,2,1,0,0,0,0,0,0,0,0,0,0
121371,1,1,0,0,0,0,0,0,0,0,0,0
121372,1,1,25,25,25,25,25,25,25,25,25,25
121373,1,1,0,0,0,0,0,0,0,0,0,0
121373,2,1,0,0,0,0,0,0,0,0,0,0
121374,1,1,0,0,0,0,0,0,0,0,0,0
121375,0,1,0,0,0,0,0,0,0,0,0,0
121375,1,1,0,0,0,0,0,0,0,0,0,0
121376,1,1,0,0,0,0,0,0,0,0,22,0
121376,2,1,0,0,0,0,0,0,0,0,0,0
121377,1,1,20,20,20,20,20,20,20,20,20,20
121378,0,1,0,0,0,0,0,0,0,0,0,0
121378,1,1,11,11,11,11,11,11,11,11,11,11
121379,1,1,0,0,0,0,0,0,0,0,0,0
121379,2,1,4,0,0,0,0,0,0,19,7,0
121380,0,1,34,34,34,34,34,34,34,34,34,34
121380,1,1,0,0,0,0,0,0,0,0,0,0
121381,1,1,5,5,5,5,5,5,5,5,5,5
121382,1,1,21,20,23,7,2,7,8,9,5,7
121383,1,1,0,0,0,0,0,0,0,0,0,0
121384,0,1,15,15,15,15,15,15,15,15,15,15
121384,1,1,0,0,0,0,0,24,16,0,0,0
121385,1,1,0,0,0,0,0,0,0,0,0,0
121385,2,1,0,0,0,0,0,0,0,11,0,0
121386,1,1,0,0,0,0,0,0,0,0,0,0
121387,1,1,25,25,25,25,25,25,25,25,25,25
121388,1,1,0,0,0,0,0,0,0,0,0,0
121388,2,1,0,0,0,0,0,0,0,0,0,0
121389,1,1,0,0,0,0,0,0,0,0,0,0
121389,2,1,0,0,0,0,0,0,0,0,0,0
121390,1,1,0,0,0,0,0,0,0,0,0,0
121390,2,1,0,0,0,0,0,0,0,0,0,0
121391,1,1,30,30,30,30,30,30,30,30,30,30
121391,2,1,0,0,0,0,0,0,0,0,0,0
121391,3,1,0,0,21,0,0,0,0,0,0,0
121391,4,1,0,0,0,0,0,0,0,0,0,0
121392,1,1,0,0,14,0,0,0,0,0,0,0
121393,1,1,0,0,0,0,0,0,0,0,0,0
121394,1,1,0,0,0,0,0,0,0,0,0,0
121395,1,1,0,27,0,0,0,0,0,11,0,0
121395,2,1,0,21,0,0,0,0,0,0,0,0
121396,1,1,0,0,0,0,0,0,0,0,0,0
121396,2,1,0,0,0,0,0,0,0,0,0,0
121397,1,1,0,0,0,0,0,0,0,0,0,0
121397,2,1,0,0,0,0,0,0,0,0,0,0
121398,0,1,0,0,0,0,0,0,0,0,0,0
121398,1,1,19,19,19,19,19,19,19,19,19,19
121399,1,1,0,0,0,0,0,0,0,0,0,0
121399,2,1,13,13,13,13,13,13,13,13,13,13
121399,3,1,0,0,0,0,0,0,0,0,10,0
121399,4,1,0,0,0,0,0,0,0,0,0,11
121400,1,1,0,0,0,0,0,0,0,0,0,0
121400,2,1,0,0,0,0,0,0,0,12,0,0
121401,0,1,25,25,25,25,25,25,25,25,25,25
121401,1,1,0,0,0,0,8,11,0,0,0,0
121402,1,1,0,0,0,0,0,0,14,14,24,0
121402,2,1,0,0,0,0,0,0,0,0,0,0
121403,0,1,0,0,0,0,0,0,0,0,0,0
121403,1,1,21,21,21,21,21,21,21,21,21,21
121404,1,1,18,18,18,18,18,18,18,18,18,18
121404,2,1,0,0,0,0,0,0,0,0,0,0
121405,1,1,0,12,0,13,12,8,18,0,0,0
121405,2,1,30,15,0,0,0,0,0,20,0,0
121406,1,1,0,0,0,0,0,0,0,18,0,0
121406,2,1,0,0,0,0,0,0,0,0,0,0
121406,3,1,0,0,0,0,0,0,0,0,0,0
121406,4,1,0,0,0,11,0,0,0,0,0,0
121407,0,1,18,18,18,18,18,18,18,18,18,18
121407,1,1,0,0,0,0,0,0,0,0,8,0
121407,2,1,0,0,0,0,0,0,0,0,0,0
121407,3,1,0,0,0,0,0,0,0,0,0,0
121408,1,1,26,26,26,26,26,26,26,26,26,26
121409,1,1,0,0,0,0,8,0,0,0,0,0
121412,1,1,0,0,0,0,0,0,0,0,0,0
121412,2,1,0,0,22,0,0,0,0,0,0,0
121412,3,1,0,0,0,0,0,0,0,0,0,0
121412,4,1,0,0,0,0,0,0,0,0,0,0
121413,1,1,0,0,0,16,5,0,11,0,0,25
121414,1,1,0,21,0,17,13,12,0,0,6,0
121415,1,1,29,29,29,29,29,29,29,29,29,29
121416,1,1,28,0,0,0,0,0,0,6,0,0
121416,2,1,16,0,0,0,12,29,0,4,0,12
121417,1,1,0,0,0,0,0,0,0,0,0,0
121417,2,1,0,0,0,0,0,0,0,0,0,0
121418,1,1,0,0,0,0,0,0,0,0,0,0
121419,1,1,0,0,0,0,0,0,0,0,0,0
121419,2,1,0,0,0,0,0,0,0,0,0,0
121420,0,1,0,30,0,0,0,0,18,0,13,0
121420,1,1,0,0,0,0,0,0,0,0,0,0
121421,1,1,16,16,16,16,16,16,16,16,16,16
121422,0,1,11,11,11,11,11,11,11,11,11,11
121422,1,1,0,0,0,0,0,0,0,14,0,0
121423,0,1,0,0,0,0,0,0,0,0,0,0
121423,1,1,0,0,0,0,0,0,0,0,0,0
121424,1,1,15,0,0,0,0,0,0,0,0,12
121425,1,1,10,0,0,0,0,26,0,0,0,0
121425,2,1,0,0,0,0,0,0,0,0,0,0
121426,1,1,0,0,0,8,0,0,0,0,0,0
121427,1,1,0,0,0,0,0,0,0,0,0,0
121427,2,1,0,0,0,0,0,0,0,0,22,0
121427,3,1,0,0,0,0,0,0,0,0,0,0
121428,0,1,19,0,26,33,0,21,0,0,0,26
121428,1,1,0,16,15,0,0,3,16,23,6,0
121430,1,1,19,19,19,19,19,19,19,19,19,19
121431,0,1,0,0,0,0,0,0,0,0,0,0
121431,1,1,0,0,0,0,0,0,0,0,0,0
121432,0,1,0,0,0,0,0,0,0,0,0,0
121432,1,1,0,0,0,0,0,0,0,0,0,0
121433,1,1,0,0,0,0,0,0,0,0,0,0
121433,2,1,0,0,0,12,0,0,0,0,8,0
121433,3,1,0,0,0,0,0,0,0,0,0,0
121434,0,1,0,0,0,0,0,0,0,0,0,0
121434,1,1,0,0,0,0,0,0,0,0,0,0
121435,1,1,0,0,0,0,0,0,0,0,0,0
121436,1,1,0,0,0,0,0,0,0,0,0,0
121436,2,1,0,0,0,0,0,0,0,0,0,0
121436,3,1,0,2,0,0,0,0,0,0,0,0
121437,0,1,0,0,0,0,0,0,0,0,0,0
121437,1,1,0,0,20,0,0,0,0,15,0,0
121438,0,1,0,0,0,0,0,0,12,10,0,0
121438,1,1,0,0,0,0,0,0,0,0,0,0
121439,1,1,0,0,0,0,0,0,0,0,0,0
121440,1,1,0,0,0,0,0,0,0,0,0,0
121441,1,1,0,0,0,0,0,0,0,0,0,0
121443,1,1,0,0,0,0,0,0,0,21,0,0
121444,1,1,0,0,0,0,0,0,15,0,0,0
121444,2,1,0,0,0,0,0,0,0,0,0,0
121445,1,1,0,0,0,0,0,0,0,0,0,0
121445,2,1,0,0,0,0,0,0,0,0,0,0
121445,3,1,0,0,0,0,0,0,0,0,6,0
121446,0,1,20,20,20,20,20,20,20,20,20,20
121446,1,1,0,0,0,0,0,0,0,0,0,0
121447,1,1,0,0,0,0,0,0,0,0,0,0
121447,2,1,0,0,0,0,0,0,0,0,0,0
121447,3,1,0,0,0,0,0,0,0,0,0,0
121448,1,1,0,0,0,0,0,0,0,0,0,0
121448,2,1,2,0,0,0,0,0,0,0,0,0
121448,3,1,0,0,0,0,0,0,0,0,0,0
121449,0,1,0,0,0,0,0,0,0,19,34,21
121449,1,1,0,0,0,0,0,0,0,0,0,0
121450,0,1,0,0,0,0,0,0,0,0,0,0
121450,1,1,11,31,10,12,7,25,12,19,11,20
121451,1,1,0,0,0,0,0,0,0,0,0,10
121452,1,1,32,32,32,32,32,32,32,32,32,32
121453,1,1,0,0,0,0,0,0,0,0,0,0
121454,0,1,0,0,0,0,18,0,0,3,0,0
121454,1,1,0,0,0,24,0,0,0,0,0,0
121455,0,1,19,19,19,19,19,19,19,19,19,19
121455,1,1,0,0,19,0,0,0,0,22,0,0
121458,1,1,0,0,0,0,0,22,0,0,0,0
121458,2,1,0,0,0,0,0,0,0,0,0,0
121459,0,1,0,0,0,0,0,0,0,0,0,0
121459,1,1,0,0,0,0,0,0,0,0,0,0
121460,1,1,21,0,0,16,13,8,0,0,14,0
121460,2,1,7,7,7,7,7,7,7,7,7,7
121461,1,1,24,24,24,24,24,24,24,24,24,24
121462,1,1,0,0,0,0,0,0,0,0,0,0
121462,2,1,0,0,0,0,0,0,0,0,0,0
121463,1,2,0,0,0,0,0,10,0,21,0,0
121465,1,1,0,0,0,0,0,0,0,0,0,0
121467,1,1,0,0,0,0,0,0,12,0,0,0
121468,1,1,0,0,0,0,0,0,23,0,0,0
121469,0,1,0,24,0,0,23,19,6,20,19,10
121469,1,1,0,0,0,0,0,0,0,0,0,0
121470,1,1,0,0,0,0,0,0,0,0,0,0
121471,1,1,0,0,0,0,0,0,0,0,0,0
121471,2,1,0,0,0,0,0,0,0,0,0,0
121472,1,1,8,8,8,8,8,8,8,8,8,8
121473,1,1,18,18,18,18,18,18,18,18,18,18
121474,1,1,18,18,18,18,18,18,18,18,18,18
121475,1,1,0,0,0,0,0,0,0,0,11,0
121475,2,1,0,0,0,0,0,0,0,0,0,0
121476,1,1,0,27,29,0,0,9,13,0,0,7
121477,1,1,0,0,0,0,0,0,0,0,32,0
121477,2,1,0,0,0,0,0,0,0,0,0,5
121478,0,1,10,10,10,10,10,10,10,10,10,10
121478,1,1,0,0,0,0,0,0,0,0,0,0
121479,1,1,16,16,16,16,16,16,16,16,16,16
121480,1,1,0,10,0,0,0,3,0,24,0,0
121480,2,1,29,0,0,0,0,0,0,0,6,0
121481,1,1,0,0,0,0,0,0,0,0,0,0
121482,1,1,0,0,0,0,0,0,0,0,0,0
121482,2,1,0,0,0,0,0,0,0,0,0,0
121483,1,1,17,0,0,0,0,0,0,0,14,0
121483,2,1,0,0,10,0,0,0,0,0,0,6
121485,1,1,0,0,0,0,0,0,0,0,0,0
121485,2,1,0,0,0,0,0,0,0,0,0,0