ST_CASE,VEH_NO,PER_NO,P1,P2,P3,P4,P5,P6,P7,P8,P9,P10
122106,1,1,0,0,0,0,0,0,0,0,0,0
122106,2,1,0,0,0,0,0,0,0,0,0,0
122107,1,1,22,22,22,22,22,22,22,22,22,22
122107,2,1,0,0,0,0,0,0,0,0,0,0
122108,0,1,0,0,0,0,0,0,0,0,0,0
122108,1,1,0,0,0,0,0,0,0,0,0,0
122109,1,1,0,0,0,0,0,0,0,0,0,0
122109,2,1,0,0,0,0,0,0,17,0,0,0
122110,0,1,21,21,21,21,21,21,21,21,21,21
122110,1,1,0,0,20,0,0,0,0,0,0,0
122111,1,1,0,0,0,0,0,0,0,0,0,0
122112,0,1,28,28,28,28,28,28,28,28,28,28
122112,1,1,0,0,0,0,0,0,0,0,0,0
122113,0,1,9,9,9,9,9,9,9,9,9,9
122113,1,1,0,0,0,0,0,0,0,0,0,0
122114,1,1,0,22,15,18,0,0,26,0,0,18
122115,1,1,0,0,0,0,0,0,0,0,0,0
122116,0,1,0,0,0,0,0,0,0,0,0,0
122116,1,1,0,0,0,0,0,0,0,0,0,0
122117,1,1,0,0,0,0,0,0,0,0,0,0
122117,2,1,0,0,0,0,0,0,0,0,0,0
122118,0,1,21,0,0,0,0,0,16,34,10,11
122118,1,1,0,0,0,0,0,0,0,0,0,0
122119,1,1,0,0,0,0,0,0,0,0,0,0
122119,2,1,0,0,0,0,0,0,0,0,0,0
122120,1,1,25,25,25,25,25,25,25,25,25,25
122121,1,1,25,25,25,25,25,25,25,25,25,25
122122,0,1,0,0,0,0,0,0,0,0,0,0
122122,1,1,0,0,0,0,25,7,0,0,0,0
122123,0,1,0,0,0,0,0,0,0,0,0,0
122123,1,1,0,18,0,0,0,0,24,0,0,0
122124,1,1,0,0,0,0,0,0,0,0,0,0
122125,1,1,0,0,0,0,0,0,0,0,0,0
122125,2,1,0,0,0,0,0,0,0,0,0,0
122126,0,1,0,0,0,0,0,0,0,0,0,0
122126,1,1,0,0,0,0,0,0,0,0,0,0
122127,1,1,0,0,0,0,0,0,0,0,0,0
122128,1,1,0,0,0,0,0,0,0,0,0,0
122129,1,1,0,0,0,0,0,0,0,0,0,0
122129,2,1,0,0,0,0,0,0,0,0,0,0
122130,1,1,2,2,2,2,2,2,2,2,2,2
122131,0,1,43,43,43,43,43,43,43,43,43,43
122131,1,1,0,0,0,0,0,0,0,0,0,9
122132,0,1,0,0,0,0,0,0,0,0,0,0
122132,1,1,0,0,0,0,0,0,0,0,0,0
122133,0,1,0,0,0,0,0,0,0,0,0,0
122133,1,1,0,0,0,0,0,0,0,0,0,0
122134,1,1,0,0,0,0,0,0,0,0,0,0
122134,2,1,0,0,0,0,0,0,0,0,0,0
122135,0,1,0,0,0,0,14,12,19,17,11,14
122135,1,1,0,0,0,0,0,0,0,0,0,0
122136,1,1,0,0,15,0,0,0,0,0,0,0
122136,2,1,0,0,0,0,0,0,0,0,0,0
122136,3,1,0,0,0,0,0,0,0,0,0,0
122136,4,1,0,0,0,0,0,0,0,0,0,0
122137,1,1,0,0,0,0,0,0,0,0,0,9
122137,2,1,17,0,0,0,16,0,0,0,0,0
122138,1,1,0,17,0,0,0,0,0,0,0,0
122138,2,1,0,0,0,0,11,0,0,0,0,0
122139,1,1,0,0,0,0,0,0,0,0,0,0
122139,2,1,0,0,0,0,10,0,0,0,0,0
122140,1,1,0,0,0,0,17,0,0,0,0,18
122140,2,1,0,0,0,0,0,0,0,0,0,0
122141,1,1,0,0,0,0,0,0,0,0,0,0
122142,1,1,0,0,0,0,0,0,0,0,0,0
122143,0,1,0,0,0,0,0,0,0,0,0,0
122143,1,1,0,0,0,0,0,0,0,0,0,0
122144,1,1,0,0,0,0,0,0,0,0,0,0
122145,1,1,8,8,8,8,8,8,8,8,8,8
122145,2,1,0,0,0,0,0,0,0,0,0,0
122146,1,1,32,32,32,32,32,32,32,32,32,32
122147,0,1,0,0,0,0,0,0,0,0,0,0
122147,1,1,0,0,0,0,0,0,0,0,0,0
122147,2,1,0,9,0,0,7,0,0,0,0,0
122148,0,1,0,41,39,0,0,0,24,7,0,21
122148,1,1,0,0,0,0,0,6,0,0,0,0
122149,0,1,0,0,0,0,0,0,0,0,0,0
122149,0,2,0,0,0,0,0,0,0,0,16,0
122149,1,1,0,0,0,0,0,0,0,0,0,0
122149,2,1,0,0,0,0,0,0,0,0,0,0
122150,0,1,0,0,0,0,0,0,0,0,0,0
122150,1,1,0,0,0,0,0,0,0,0,0,0
122151,0,1,0,0,16,0,0,11,0,0,0,0
122151,1,1,0,3,0,0,0,19,29,6,6,8
122152,0,1,22,22,22,22,22,22,22,22,22,22
122152,1,1,0,0,0,19,0,0,0,0,0,0
122153,1,1,0,0,0,0,0,6,0,0,0,28
122154,1,1,0,0,0,0,0,0,0,0,0,0
122155,0,1,29,29,29,29,29,29,29,29,29,29
122155,1,1,18,8,0,0,0,0,0,0,6,0
122156,1,1,1,1,1,1,1,1,1,1,1,1
122156,2,1,25,0,0,15,0,0,0,0,13,0
122157,1,1,0,0,0,14,0,0,0,0,0,0
122157,2,1,8,0,0,0,6,0,0,0,0,0
122160,1,1,2,2,2,2,2,2,2,2,2,2
122161,1,1,0,0,0,0,0,0,0,0,0,0
122161,2,1,0,0,0,0,0,0,0,0,0,22
122162,1,1,0,0,0,0,0,0,0,0,0,0
122162,2,1,0,0,0,0,0,0,2,0,0,0
122163,1,1,0,0,0,0,0,0,0,0,0,0
122163,2,1,0,0,0,0,0,0,0,0,0,0
122164,0,1,0,0,0,0,0,0,0,0,0,0
122164,1,1,0,0,16,0,0,0,0,0,0,18
122165,1,1,42,10,38,28,0,0,0,12,30,0
122166,1,1,0,0,0,0,22,0,0,0,0,0
122166,2,1,0,0,0,0,0,0,0,0,0,0
122166,3,1,0,0,0,0,0,0,0,0,0,0
122167,1,1,0,0,0,0,12,0,0,0,0,0
122167,2,1,0,0,0,0,0,0,0,0,0,17
122168,1,1,0,0,0,0,0,0,0,0,0,0
122169,0,1,0,18,0,0,0,36,20,0,0,28
122169,1,1,0,0,0,0,0,0,0,0,0,0
122170,1,1,10,10,10,10,10,10,10,10,10,10
122171,0,1,32,23,0,22,10,0,8,5,21,34
122171,1,1,0,0,12,0,8,0,30,0,9,0
122172,0,1,0,0,23,10,0,0,29,0,0,0
122172,1,1,0,0,0,24,0,0,0,0,0,0
122172,2,1,7,0,0,0,0,0,0,0,0,0
122174,1,1,18,18,18,18,18,18,18,18,18,18
122174,2,1,0,0,0,0,0,0,0,0,0,16
122175,1,1,0,0,0,0,0,0,0,0,0,0
122176,1,1,0,0,0,0,0,0,0,0,0,0
122177,1,1,8,8,8,8,8,8,8,8,8,8
122177,2,1,0,0,0,0,0,0,0,0,0,0
122178,0,1,27,27,27,27,27,27,27,27,27,27
122178,1,1,0,0,0,0,0,0,0,23,0,0
122179,1,1,0,0,0,0,0,0,0,0,0,0
122179,2,1,0,0,0,0,0,0,0,0,0,0
122180,1,1,0,0,0,0,0,0,0,0,0,0
122180,2,1,0,0,0,0,11,18,0,0,0,0
122180,3,1,0,0,0,0,0,0,0,0,0,0
122181,0,1,0,0,16,0,0,0,9,0,0,30
122181,1,1,0,12,14,22,0,24,0,0,8,17
122182,0,1,0,8,0,0,0,0,10,25,17,0
122182,1,1,19,14,0,10,0,19,17,17,3,4
122184,1,1,0,0,0,0,0,0,0,0,0,0
122184,2,1,0,0,0,0,0,20,0,0,0,0
122185,1,1,8,8,8,8,8,8,8,8,8,8
122185,2,1,0,0,0,0,0,0,0,0,16,0
122186,1,1,0,0,0,0,0,0,0,0,0,0
122186,2,1,0,0,0,0,0,0,0,0,0,0
122187,1,1,0,0,0,0,0,0,0,0,0,0
122187,2,1,0,0,0,0,0,6,0,0,0,0
122187,3,1,3,0,0,0,0,0,29,13,0,0
122188,0,1,0,0,0,0,0,0,0,0,0,0
122188,1,1,0,0,7,0,0,0,0,0,0,0
122189,1,1,23,23,23,23,23,23,23,23,23,23
122190,1,1,0,0,0,0,0,0,0,0,0,0
122191,1,1,1,1,1,1,1,1,1,1,1,1
122191,2,1,0,0,0,0,0,0,0,0,0,0
122191,3,1,0,0,0,0,0,11,0,0,0,0
122191,4,1,0,22,0,10,0,31,0,13,0,0
122192,1,1,0,0,0,0,20,0,7,0,11,0
122193,0,1,0,30,7,0,0,0,24,11,33,0
122193,1,1,13,0,0,14,6,10,15,0,0,0
122194,1,1,10,19,27,9,4,37,16,13,11,0
122195,1,1,0,0,0,0,0,0,0,0,0,0
122196,0,1,31,0,21,0,29,0,46,0,0,11
122196,1,1,0,18,0,6,7,0,14,24,18,3
122197,1,1,21,21,21,21,21,21,21,21,21,21
122198,1,1,9,9,9,9,9,9,9,9,9,9
122199,1,1,6,6,6,6,6,6,6,6,6,6
122200,0,1,0,0,0,0,0,0,0,0,0,0
122200,1,1,18,18,18,18,18,18,18,18,18,18
122201,1,1,0,0,0,0,0,0,0,0,0,0
122202,1,1,0,0,0,0,0,0,0,0,0,0
122202,2,1,0,0,0,0,0,0,0,0,0,0
122203,1,1,6,0,7,0,0,0,25,0,0,12
122203,2,1,0,13,0,0,0,33,0,0,11,0
122204,1,1,0,0,0,0,0,0,0,0,35,0
122204,2,1,0,0,8,0,0,0,0,0,0,0
122204,3,1,0,0,0,0,0,0,0,0,0,0
122206,1,1,11,11,11,11,11,11,11,11,11,11
122206,2,1,0,0,0,0,0,0,4,0,0,0
122207,0,1,0,0,0,0,0,0,0,0,0,0
122207,1,1,0,0,0,0,0,0,0,0,0,0
122208,1,1,22,7,0,0,0,0,0,0,0,0
122209,0,1,0,0,27,28,0,0,18,0,0,19
122209,1,1,0,0,0,0,0,0,0,0,0,0
122210,1,1,0,20,0,0,16,9,0,11,20,0
122210,2,1,0,0,0,0,0,22,5,0,0,0
122211,0,1,25,25,25,25,25,25,25,25,25,25
122211,1,1,9,12,14,26,21,30,19,18,32,22
122212,0,1,0,0,0,0,0,0,0,0,0,0
122212,1,1,0,14,18,0,0,0,0,0,12,0
122212,2,1,7,0,0,0,0,0,0,0,10,0
122213,1,1,20,20,20,20,20,20,20,20,20,20
122214,1,1,8,8,8,8,8,8,8,8,8,8
122215,1,1,0,0,0,0,0,0,0,0,0,0
122215,2,1,0,0,0,0,0,0,0,0,19,0
122216,0,1,0,0,0,0,0,0,0,0,0,0
122216,1,1,0,0,0,0,0,0,0,0,0,0
122217,1,1,0,0,0,0,0,0,0,0,0,0
122217,2,1,0,0,0,0,0,0,26,0,0,0
122218,0,1,0,0,0,0,0,0,0,0,0,0
122218,1,1,0,0,19,0,0,0,0,0,5,0
122219,1,1,0,0,0,0,0,0,0,0,0,0
122219,2,1,0,0,0,0,0,0,0,0,0,0
122220,1,1,0,0,0,0,0,0,0,0,0,0
122220,2,1,0,0,0,0,0,0,0,0,0,0
122220,3,1,0,0,0,0,0,0,0,0,0,0
122221,1,1,24,24,24,24,24,24,24,24,24,24
122221,2,1,0,0,0,0,0,0,0,0,0,0
122222,1,1,6,6,6,6,6,6,6,6,6,6
122222,2,1,0,0,0,0,0,0,0,0,0,0
122222,3,1,0,0,0,0,0,0,0,0,0,0
122223,1,1,0,0,0,0,0,0,0,0,0,0
122223,2,1,0,0,0,0,0,36,0,0,0,0
122223,3,1,0,0,0,0,0,0,0,0,0,0
122224,0,1,0,0,0,0,0,0,0,0,0,0
122224,1,1,0,0,0,0,23,0,0,0,0,0
122225,1,1,0,0,0,0,0,0,0,0,0,0
122226,0,1,0,0,0,0,0,22,0,0,0,25
122226,1,1,0,0,0,0,0,0,0,0,0,0
122228,1,1,0,10,0,0,13,24,0,17,0,0
122228,2,1,10,0,0,0,0,0,0,0,11,0
122229,0,1,0,0,0,0,0,0,0,0,0,0
122229,1,1,0,0,0,0,0,0,0,0,0,0
122230,1,1,0,0,0,0,0,0,0,0,0,0
122230,2,1,0,0,0,0,0,0,0,0,0,0
122231,1,1,0,0,0,0,0,0,0,0,0,0
122231,2,1,0,0,0,0,0,0,0,0,0,0
122232,1,1,0,0,0,19,9,0,0,0,0,5
122233,1,1,29,13,0,18,22,0,0,9,6,0
122233,2,1,0,0,0,0,0,0,0,0,0,0
122234,0,1,0,23,0,0,0,0,17,17,0,21
122234,1,1,43,0,7,0,0,0,0,0,0,0
122235,1,1,0,0,0,0,0,0,0,0,0,0
122235,2,1,0,0,0,0,0,0,0,0,0,0
122236,1,1,0,0,0,0,0,0,0,0,0,0
122236,2,1,0,0,0,0,0,0,0,0,0,0
122237,0,1,0,0,0,0,0,0,0,0,0,0
122237,1,1,0,0,0,0,0,0,0,0,0,0
122238,1,1,18,18,18,18,18,18,18,18,18,18
122239,0,1,21,0,0,0,0,0,0,0,0,0
122239,1,1,0,0,0,0,0,0,0,0,0,0
122240,1,1,0,0,0,0,0,0,0,0,0,0
122240,2,1,0,0,0,0,0,0,0,0,0,0
122241,1,1,0,0,0,0,0,0,0,0,0,0
122242,0,1,0,0,0,0,0,0,0,0,0,0
122242,1,1,0,0,0,0,0,0,0,0,0,0
122243,1,1,23,23,23,23,23,23,23,23,23,23
122244,1,1,19,19,19,19,19,19,19,19,19,19
122244,2,1,0,0,0,5,0,0,0,0,0,8
122245,1,1,22,22,22,22,22,22,22,22,22,22
122246,1,1,0,0,0,18,0,0,0,0,0,0
122247,1,1,21,19,0,0,0,0,0,0,16,0
122247,2,1,0,0,0,0,0,0,0,0,0,0
122248,0,1,48,48,48,48,48,48,48,48,48,48
122248,1,1,0,0,13,0,0,0,0,0,0,0
122248,2,1,15,0,6,0,0,6,3,7,8,12
122249,1,1,0,9,36,31,13,0,0,22,24,19
122250,1,1,0,0,0,0,0,0,0,0,0,0
122250,2,1,0,0,0,0,0,0,0,0,0,0
122250,3,1,0,0,0,0,0,0,0,0,0,0
122251,1,1,0,17,0,17,0,21,0,20,0,35
122252,1,1,34,22,19,0,11,21,11,13,26,8
122253,0,1,34,34,34,34,34,34,34,34,34,34
122253,1,1,0,0,0,0,0,0,0,0,0,0
122254,1,1,0,0,0,0,0,0,0,0,0,0
122254,2,1,0,0,0,0,0,0,28,0,0,0
122255,0,1,0,0,0,5,0,0,36,0,0,10
122255,1,1,0,0,5,16,0,0,0,0,0,0
122256,1,1,0,0,0,0,0,0,0,0,0,0
122257,1,1,0,0,0,0,0,0,0,0,0,0
122257,2,1,0,0,0,0,0,0,0,0,0,0
122258,1,1,0,0,0,0,19,0,0,0,0,0
122258,2,1,0,0,0,0,0,0,0,0,0,0
122259,1,1,0,0,0,0,0,0,0,0,0,0
122259,2,1,0,0,0,0,0,0,0,0,0,0
122260,1,1,0,0,0,0,0,0,0,0,0,0
122261,1,1,0,23,11,0,8,24,15,0,6,21
122262,1,1,0,0,0,0,0,0,0,0,0,0
122263,1,1,21,21,21,21,21,21,21,21,21,21
122263,2,1,0,0,18,0,0,0,0,0,0,0
122264,1,1,0,0,0,0,0,0,0,0,0,0
122264,2,1,0,0,0,0,0,0,0,0,0,0
122265,1,1,20,20,20,20,20,20,20,20,20,20
122265,2,1,0,0,0,0,0,0,0,0,0,0
122265,3,1,0,0,0,0,0,0,0,0,0,0
122266,0,1,32,0,0,0,0,0,0,0,0,0
122266,1,1,0,0,0,0,0,0,0,0,0,0
122267,1,1,0,0,10,0,0,0,0,0,0,0
122267,2,1,0,0,0,0,0,0,0,0,0,0
122268,1,1,0,0,0,0,0,0,0,0,0,0
122268,2,1,0,0,0,0,0,0,0,0,0,0
122269,1,1,0,0,0,0,0,0,0,0,0,0
122269,2,1,0,0,0,0,0,0,0,0,0,0
122270,1,1,0,0,0,0,0,0,0,0,0,0
122270,2,1,16,0,0,0,0,0,0,0,0,22
122271,0,1,0,0,0,0,0,0,0,0,0,0
122271,1,1,0,0,0,0,0,0,0,0,0,0
122272,1,1,0,0,0,0,0,0,0,0,0,0
122272,2,1,5,5,5,5,5,5,5,5,5,5
122273,1,1,0,0,0,0,0,0,0,0,0,0
122273,2,1,0,0,0,0,0,0,0,0,0,0
122274,1,1,15,15,15,15,15,15,15,15,15,15
122276,1,1,0,0,0,0,0,0,0,0,0,0
122277,1,1,0,15,0,0,0,0,0,0,0,0
122277,2,1,0,0,0,0,0,0,16,18,0,0
122278,1,1,0,0,0,0,33,0,0,0,0,0
122278,2,1,0,0,0,18,6,0,8,0,0,0
122279,0,1,49,49,49,49,49,49,49,49,49,49
122279,1,1,0,0,0,0,0,0,0,0,0,0
122279,2,1,0,0,0,0,0,0,0,0,0,0
122280,0,1,26,26,26,26,26,26,26,26,26,26
122280,1,1,0,0,0,0,0,0,0,0,0,0
122281,1,2,15,0,22,5,0,15,13,0,25,11
122282,1,1,0,0,0,0,0,15,0,0,0,0
122282,2,1,0,0,0,0,0,0,0,0,0,0
122283,1,1,0,14,0,0,0,0,0,0,0,0
122283,2,1,0,0,0,0,0,0,0,0,0,0
122283,3,1,0,0,0,0,0,0,0,0,0,0
122283,4,1,0,0,0,0,0,0,0,0,0,0
122284,0,1,0,0,0,0,0,0,0,0,0,0
122284,0,2,0,0,0,0,0,0,0,0,0,0
122284,1,1,0,0,0,0,4,0,0,0,0,0
122285,1,1,0,0,0,0,0,0,0,0,0,0
122285,2,1,0,0,0,0,0,0,0,0,0,0
122286,1,1,0,0,0,0,0,0,0,0,0,0
122286,2,1,0,0,0,0,0,0,0,0,0,0
122287,1,1,18,18,18,18,18,18,18,18,18,18
122288,1,1,14,0,0,0,0,0,0,0,0,0
122288,2,1,0,0,0,0,0,0,0,0,0,0
122289,0,1,17,33,0,0,0,0,0,0,13,15
122289,1,1,0,0,0,0,0,0,0,0,0,0
122290,0,1,0,0,0,0,0,0,0,0,0,0
122290,1,1,0,0,0,0,0,0,0,0,0,0
122291,1,1,0,0,0,0,10,16,0,0,0,0
122291,2,1,28,0,0,0,0,0,0,0,0,0
122292,1,1,0,0,0,0,0,0,0,0,12,0
122292,2,1,0,0,0,0,0,0,0,0,9,3
122293,0,1,0,0,0,0,0,0,0,0,0,0
122293,1,1,0,28,0,0,10,13,18,0,0,0
122294,1,1,0,0,0,0,0,0,0,0,0,0
122294,2,1,0,0,0,0,3,0,0,0,0,0
122295,1,1,0,0,0,0,0,0,0,0,0,0
122295,2,1,0,0,0,0,0,0,0,0,0,0
122295,3,1,0,0,0,0,0,0,0,0,0,0
122296,1,1,0,0,0,0,0,0,0,0,0,0
122296,2,1,0,0,0,0,0,0,0,0,0,0
122296,3,1,0,0,0,0,0,0,0,0,0,0
122297,1,1,20,20,20,20,20,20,20,20,20,20
122298,1,1,0,0,0,0,0,0,0,0,0,0
122299,1,1,0,0,0,0,0,0,0,0,9,0
122299,2,1,0,0,17,0,0,0,0,0,0,0
122299,3,1,0,0,0,0,0,0,0,0,0,0
122300,1,1,0,0,0,0,0,0,0,0,0,0
122301,1,1,16,15,15,18,0,22,6,0,0,15
122301,2,1,0,0,0,0,0,0,0,0,0,0
122301,3,1,0,0,0,0,0,0,0,0,0,0
122302,1,1,0,0,0,0,0,0,0,0,0,0
122302,2,1,0,2,0,6,0,0,10,0,0,0
122304,0,1,13,13,13,13,13,13,13,13,13,13
122304,0,2,4,4,4,4,4,4,4,4,4,4
122304,1,1,9,9,9,9,9,9,9,9,9,9
122304,3,1,0,0,0,14,0,0,0,0,0,0
122305,1,1,0,0,19,5,0,9,6,0,0,25
122306,0,1,30,30,30,30,30,30,30,30,30,30
122306,1,1,0,21,3,18,0,0,0,0,0,7
122307,1,1,0,0,0,0,0,0,0,0,0,0
122307,2,1,0,0,0,0,0,0,0,0,0,0
122308,1,1,16,18,11,35,5,12,29,15,24,25
122308,2,1,0,0,20,0,0,0,0,7,16,0
122309,1,1,0,0,0,0,0,0,0,0,0,0
122309,2,1,0,0,0,0,0,0,0,0,0,0
122310,0,1,0,0,0,0,0,0,0,0,0,0
122310,1,1,0,0,0,0,0,0,0,0,0,0
122311,1,1,22,22,22,22,22,22,22,22,22,22
122311,2,1,0,0,0,0,0,0,0,0,0,0
122312,1,1,0,0,0,0,0,0,0,0,0,0
122312,2,1,0,0,0,0,0,0,0,0,0,0
122312,3,1,0,0,0,0,0,0,0,0,0,0
122313,1,1,19,19,19,19,19,19,19,19,19,19
122314,1,1,0,0,0,0,0,0,0,0,0,0
122314,2,1,0,0,0,0,0,0,0,0,0,0
122314,3,1,0,0,0,0,0,0,0,0,0,0
122315,1,1,0,0,0,0,0,0,0,0,0,0
122315,2,1,0,0,0,8,0,0,0,0,0,0
122316,0,1,24,16,0,13,29,21,0,15,0,0
122316,1,1,8,0,16,0,10,0,0,16,6,0
122317,1,1,0,0,0,0,0,0,0,0,0,0
122317,2,1,0,0,0,0,0,0,0,0,0,0
122318,0,1,26,26,26,26,26,26,26,26,26,26
122318,1,1,13,0,0,0,0,0,0,0,0,0
122318,2,1,0,0,0,0,0,0,0,0,0,0
122319,1,1,0,0,0,0,0,0,0,0,0,0
122319,2,1,0,0,0,0,0,0,0,0,0,0
122320,0,1,0,0,14,0,0,0,0,8,0,18
122320,1,1,16,19,27,10,3,0,0,0,0,0
122321,0,1,0,0,0,0,0,0,0,0,0,0
122321,1,1,0,0,0,0,0,0,0,0,0,0
122322,1,1,19,26,17,19,8,0,15,7,24,0
122323,1,1,22,22,22,22,22,22,22,22,22,22
122323,2,1,0,0,0,0,0,0,0,0,0,0
122324,1,1,0,0,26,0,0,0,0,0,0,0
122324,2,1,0,0,0,0,13,0,0,0,0,0
122324,3,1,0,0,0,0,0,0,0,0,0,0
122325,1,1,0,0,0,0,10,29,0,0,0,0
122326,1,1,0,0,0,0,0,0,0,0,0,0
122328,1,1,11,0,19,4,8,49,24,21,16,8
122329,0,1,0,0,27,0,0,16,5,18,33,0
122329,1,1,0,10,0,0,0,0,0,0,0,0
122330,1,1,0,0,0,0,0,0,0,0,0,0
122330,2,1,0,0,0,0,0,0,0,0,0,0
122331,1,1,0,0,0,0,0,0,0,0,0,0
122331,2,1,0,0,0,0,0,0,0,0,0,0
122332,1,1,0,0,0,0,0,0,0,0,0,0
122333,0,1,16,16,16,16,16,16,16,16,16,16
122333,1,1,0,0,0,0,0,0,0,0,0,0
122334,1,1,16,16,16,16,16,16,16,16,16,16
122335,0,1,0,16,0,25,0,0,0,0,0,0
122335,1,1,0,0,0,0,0,0,0,0,0,0
122335,2,1,0,0,0,0,0,0,0,0,0,3
122335,3,1,0,0,0,0,0,0,0,0,0,0
122336,1,1,0,0,0,0,0,0,0,0,0,0
122337,1,1,0,0,0,0,0,0,23,0,0,0
122337,2,1,0,0,0,0,0,0,0,0,0,0
122337,3,1,0,0,0,0,0,0,0,0,0,0
122338,0,1,0,0,0,0,0,33,8,0,0,0
122338,1,1,0,0,0,0,0,29,0,0,0,0
122339,1,1,0,0,0,0,0,0,0,0,0,0
122339,2,1,0,0,0,0,0,0,0,0,0,0
122340,1,1,0,0,0,0,0,0,0,0,0,0
122341,0,1,25,25,25,25,25,25,25,25,25,25
122341,1,1,28,29,0,8,0,0,8,11,11,35
122342,1,1,0,0,0,0,0,0,0,0,0,0
122342,2,1,20,20,20,20,20,20,20,20,20,20
122343,1,1,0,0,0,0,0,0,0,0,0,0
122343,2,1,0,0,0,0,0,0,0,0,0,0
122345,0,1,19,19,19,19,19,19,19,19,19,19
122345,1,1,6,2,0,26,4,0,0,24,0,0
122346,1,1,24,24,24,24,24,24,24,24,24,24
122347,1,1,16,0,0,0,5,0,0,0,0,0
122348,1,1,0,0,0,0,28,0,0,0,0,0
122348,2,1,0,0,0,0,0,0,0,0,0,0
122349,1,1,24,24,24,24,24,24,24,24,24,24
122350,1,1,0,0,0,0,0,0,0,0,0,0
122350,2,1,0,0,0,0,0,0,0,0,0,0
122351,1,1,0,0,0,0,0,0,13,0,22,0
122351,2,1,0,0,0,0,0,0,0,0,0,0
122351,3,1,0,0,0,0,0,0,0,0,0,0
122352,1,1,0,0,0,0,0,0,0,0,0,0
122352,2,1,0,0,0,0,0,0,0,0,0,0
122353,1,1,19,19,19,19,19,19,19,19,19,19
122354,1,1,0,0,0,0,0,0,0,0,0,0
122354,2,1,0,0,0,0,0,0,0,0,0,0
122355,1,1,26,26,26,26,26,26,26,26,26,26
122356,1,1,0,0,0,0,0,0,0,0,0,0
122356,2,1,0,0,0,0,0,0,0,0,0,0
122356,3,1,0,0,0,14,0,18,0,15,0,0
122356,4,1,0,0,0,0,0,0,0,0,0,0
122356,5,1,0,0,0,0,0,0,0,0,39,0
122357,1,1,0,0,0,0,0,0,0,0,0,0
122357,2,1,0,0,7,0,0,0,0,13,0,21
122358,1,1,22,19,0,0,15,0,0,0,0,0
122359,1,1,0,0,0,0,0,0,0,0,0,0
122360,1,1,6,6,6,6,6,6,6,6,6,6
122361,0,1,0,0,0,0,0,0,0,0,0,0
122361,1,1,0,0,0,0,0,0,0,0,0,0
122363,0,1,0,0,0,0,0,0,0,0,0,0
122363,1,1,0,0,0,0,0,0,0,0,0,0
122364,1,1,0,0,0,0,0,0,0,0,0,0
122364,2,1,0,0,0,27,0,32,0,0,0,0
122365,0,1,0,0,0,0,0,0,0,0,0,0
122365,1,1,0,0,0,0,0,0,0,0,0,0
122366,1,1,14,14,14,14,14,14,14,14,14,14
122366,2,1,0,0,0,0,0,0,0,0,0,0
122367,1,1,9,9,9,9,9,9,9,9,9,9
122367,2,1,0,0,0,0,0,0,0,28,0,19
122368,1,1,0,0,0,0,0,0,0,0,0,0
122369,0,1,0,0,0,0,29,0,0,0,0,0
122369,1,1,0,0,0,0,0,0,0,0,0,0
122370,1,1,0,0,0,0,0,0,0,0,0,0
122370,2,1,0,0,0,0,0,0,0,0,0,0
122371,1,1,22,22,22,22,22,22,22,22,22,22
122372,1,1,0,0,0,0,0,0,0,0,0,0
122372,2,1,0,0,0,0,0,0,0,0,0,0
122373,1,1,0,0,0,0,0,0,0,0,0,0
122373,2,1,0,0,0,0,0,0,0,0,0,0
122374,0,1,0,0,0,0,15,0,0,26,0,23
122374,1,1,0,0,18,0,0,0,0,0,0,0
122375,1,1,0,0,0,0,0,0,0,0,0,0
122375,2,1,0,0,0,0,0,0,0,0,0,0
122375,3,1,0,0,0,0,0,0,0,0,0,0
122375,4,1,0,0,0,0,0,0,0,0,0,0
122375,5,1,0,0,0,0,0,0,0,0,0,0
122376,0,1,0,0,0,0,0,0,0,0,0,0
122376,1,1,0,0,0,0,0,0,0,0,0,0
122377,1,1,0,0,0,0,0,0,0,0,0,0
122378,1,1,0,0,0,0,0,0,0,0,0,0
122379,1,1,0,0,0,0,0,0,0,0,0,0
122379,2,1,0,0,0,0,0,0,0,0,0,0
122380,1,1,0,0,0,0,0,0,0,0,0,0
122380,2,1,0,0,0,0,0,0,0,0,0,0
122381,1,1,18,18,18,18,18,18,18,18,18,18
122382,0,1,30,30,30,30,30,30,30,30,30,30
122382,1,1,0,0,21,0,0,0,0,0,0,0
122383,0,1,0,0,0,0,0,0,0,0,0,0
122383,1,1,0,0,0,0,0,0,0,0,0,0
122384,1,1,0,0,0,0,0,0,0,0,0,0
122385,0,1,0,0,0,0,0,0,0,0,0,0
122385,1,1,0,0,0,0,0,0,0,0,0,10
122386,0,1,0,12,0,0,35,0,15,0,14,18
122386,1,1,9,0,0,21,0,0,4,35,15,0
122387,1,1,26,26,26,26,26,26,26,26,26,26
122389,0,1,0,0,0,0,0,23,0,0,10,23
122389,1,1,0,0,0,0,0,0,0,0,0,0
122390,1,1,0,0,0,0,0,0,0,0,0,0
122390,2,1,0,0,0,0,0,0,0,0,0,0
122391,1,1,0,0,0,0,0,0,0,22,0,0
122391,2,1,0,0,0,0,0,0,0,0,0,0
122392,1,1,0,0,0,0,0,0,0,0,0,0
122392,2,1,0,0,0,0,0,0,0,0,0,0
122392,3,1,0,0,0,0,0,0,0,0,23,0
122392,4,1,0,0,0,0,0,0,0,0,0,0
122392,5,1,0,0,0,0,0,0,0,0,0,0