ST_CASE,VEH_NO,PER_NO,P1,P2,P3,P4,P5,P6,P7,P8,P9,P10
122691,1,1,19,19,19,19,19,19,19,19,19,19
122691,2,1,0,6,0,0,0,0,0,0,0,0
122692,1,1,0,0,0,0,0,0,0,0,0,0
122692,2,1,0,0,0,0,0,0,0,0,0,0
122693,1,1,0,16,9,37,16,0,0,0,0,8
122694,1,1,0,0,0,0,0,0,0,0,0,0
122694,2,1,0,0,0,0,0,0,0,0,0,0
122695,1,1,0,0,0,0,0,0,0,0,0,0
122695,2,1,0,0,0,0,0,0,0,0,0,0
122696,0,1,0,0,0,0,0,0,0,0,0,0
122696,1,1,0,0,0,0,0,0,0,0,26,0
122697,1,1,0,0,0,0,0,0,0,0,0,0
122697,2,1,0,0,0,0,0,0,0,0,0,0
122698,1,1,0,0,0,0,0,0,0,0,0,0
122698,2,1,0,0,0,0,0,0,0,0,0,0
122699,1,1,12,22,19,0,0,18,0,0,0,0
122700,1,1,22,9,27,27,23,25,23,21,18,22
122701,1,1,0,0,0,0,0,0,0,0,0,0
122701,2,1,0,0,0,0,0,4,0,0,0,0
122702,1,1,0,0,0,0,0,0,0,0,0,0
122703,1,1,14,14,14,14,14,14,14,14,14,14
122703,2,1,0,0,0,0,0,0,0,17,0,0
122704,0,1,0,0,0,0,0,0,0,0,0,0
122704,1,1,0,13,0,27,0,0,14,0,0,15
122705,0,1,28,28,28,28,28,28,28,28,28,28
122705,1,1,0,0,0,0,0,0,0,0,24,0
122706,0,1,13,13,13,13,13,13,13,13,13,13
122706,1,1,0,0,0,0,0,0,0,0,0,0
122707,1,1,12,7,13,5,0,10,50,5,6,9
122707,2,1,0,0,0,0,0,0,0,0,0,0
122708,1,1,13,13,13,13,13,13,13,13,13,13
122709,1,1,0,0,0,0,0,0,0,0,0,0
122711,1,1,20,20,20,20,20,20,20,20,20,20
122711,2,1,15,0,0,0,0,0,18,0,0,0
122712,0,1,0,22,0,0,0,20,0,0,0,0
122712,1,1,11,7,15,6,3,25,26,11,16,3
122713,0,1,21,12,0,0,0,20,10,50,3,0
122713,1,1,0,0,0,0,0,7,0,10,0,0
122714,0,1,0,19,0,0,0,0,0,33,0,0
122714,1,1,0,18,0,0,0,0,0,13,0,0
122715,1,1,0,0,0,0,0,0,0,0,0,0
122715,2,1,13,0,21,0,0,0,0,0,0,0
122716,1,1,34,19,26,22,17,21,32,14,23,21
122717,0,1,0,0,0,0,0,0,0,0,0,0
122717,1,1,0,0,0,0,0,0,0,0,0,0
122718,1,1,11,11,11,11,11,11,11,11,11,11
122719,0,1,0,0,0,0,0,0,0,0,0,0
122719,1,1,0,0,0,0,0,0,0,0,16,0
122721,1,1,0,0,0,0,0,0,0,0,0,0
122721,2,1,10,10,10,10,10,10,10,10,10,10
122722,1,1,0,0,0,0,0,0,0,0,0,0
122722,2,1,0,0,0,0,0,0,0,0,0,0
122723,0,1,29,29,29,29,29,29,29,29,29,29
122723,1,1,8,8,8,8,8,8,8,8,8,8
122724,0,1,22,22,22,22,22,22,22,22,22,22
122724,1,1,0,0,0,0,12,0,0,0,0,0
122725,1,1,0,0,0,0,0,0,0,0,0,0
122725,2,1,0,0,0,18,0,0,0,0,0,21
122726,1,1,0,27,0,0,0,0,0,0,0,0
122726,2,1,0,0,0,0,0,0,0,0,0,0
122727,1,1,0,0,0,0,0,0,0,0,0,0
122727,2,1,0,0,0,0,0,0,0,0,0,0
122728,1,1,0,0,0,0,0,0,0,0,0,29
122728,2,1,0,0,0,0,0,0,19,0,0,0
122728,3,1,0,0,0,0,0,0,0,0,0,0
122728,4,1,0,0,0,0,0,0,0,12,0,15
122730,0,1,0,0,0,20,12,0,0,19,13,0
122730,1,1,0,0,0,0,0,0,0,0,0,0
122731,1,1,0,0,0,0,0,0,0,0,0,0
122732,1,1,0,19,4,0,16,0,9,0,0,36
122733,1,1,0,0,0,0,0,0,0,0,0,18
122734,0,1,0,0,0,0,0,14,0,0,28,0
122734,1,1,7,0,0,0,0,0,0,0,0,0
122735,0,1,0,0,0,0,0,0,0,0,0,0
122735,1,1,0,0,0,0,0,0,0,0,0,0
122736,0,1,0,0,0,0,0,0,0,0,0,0
122736,1,1,0,0,0,0,0,0,0,0,0,0
122736,2,1,0,8,0,0,0,0,0,0,0,0
122737,1,1,0,0,0,0,0,0,0,0,0,0
122737,2,1,0,0,26,0,0,0,0,0,0,8
122738,1,1,15,0,0,17,21,0,0,0,0,20
122739,1,1,0,0,0,0,0,0,0,0,0,0
122739,2,1,0,0,0,0,0,0,0,0,0,0
122740,0,1,0,0,0,32,19,36,25,0,0,0
122740,1,1,0,0,0,0,0,0,0,0,0,0
122741,1,2,0,0,0,0,0,0,0,0,0,0
122741,2,1,0,0,18,12,0,0,0,0,0,0
122741,3,1,0,0,0,0,0,0,0,0,0,0
122742,0,1,24,0,0,0,0,0,0,0,0,0
122742,0,2,10,10,10,10,10,10,10,10,10,10
122742,1,1,0,0,0,0,0,0,0,0,7,0
122743,1,1,6,0,0,0,0,0,0,0,0,0
122744,1,1,0,0,0,0,0,0,0,21,0,0
122744,2,1,0,0,0,0,0,0,0,0,0,0
122745,1,1,0,0,0,0,0,0,0,0,0,0
122745,2,1,0,0,0,0,0,0,0,0,0,0
122745,3,1,0,0,0,0,0,0,0,0,0,0
122745,4,1,0,0,0,0,0,0,0,0,0,0
122745,5,1,0,0,0,0,0,0,0,0,0,0
122746,1,1,15,15,15,15,15,15,15,15,15,15
122746,2,1,0,0,0,0,0,0,0,17,13,0
122747,0,1,0,0,0,0,0,0,0,0,0,0
122747,1,1,0,0,0,0,0,0,0,0,0,0
122748,1,1,22,22,22,22,22,22,22,22,22,22
122749,1,1,0,0,0,0,0,0,0,0,0,0
122749,2,1,0,0,0,0,0,0,0,0,0,0
122750,1,1,0,0,0,0,0,0,0,0,0,0
122750,2,1,0,0,0,0,0,0,0,0,0,0
122751,1,1,22,22,22,22,22,22,22,22,22,22
122751,2,1,0,0,0,0,20,0,0,0,0,0
122752,0,1,0,0,0,0,0,0,0,0,0,0
122752,1,1,0,0,0,0,0,0,0,0,0,0
122753,1,1,0,0,0,0,0,0,0,0,0,0
122753,2,1,0,0,0,0,0,0,0,0,0,0
122754,1,1,0,0,0,0,0,10,0,0,0,0
122754,2,1,0,0,0,0,0,0,0,0,0,0
122755,1,1,0,13,0,0,29,22,12,0,0,0
122755,2,1,24,0,9,0,8,17,0,0,0,0
122756,1,1,0,0,0,0,0,27,0,0,27,0
122757,1,1,27,9,0,0,0,14,0,0,0,19
122759,1,1,0,0,0,0,0,0,0,0,0,0
122760,0,1,0,0,0,0,0,0,0,0,0,11
122760,1,1,0,0,0,0,0,0,0,0,0,0
122760,2,1,0,0,0,0,0,0,0,0,0,0
122761,0,1,0,0,0,0,0,0,0,0,0,0
122761,1,1,0,0,0,0,0,0,0,0,0,0
122762,1,1,0,0,0,0,0,0,0,0,0,0
122763,1,1,0,0,0,0,0,0,0,0,0,0
122764,1,1,18,8,26,13,0,0,0,0,0,0
122765,1,1,8,16,14,0,19,27,26,0,0,23
122765,2,1,10,21,0,0,17,14,9,0,0,0
122765,3,1,0,0,0,0,0,0,0,48,0,0
122766,0,1,0,0,0,0,0,0,0,0,0,0
122766,1,1,20,27,0,0,0,0,0,0,0,0
122767,1,1,10,10,10,10,10,10,10,10,10,10
122768,1,1,0,0,0,0,0,0,0,0,0,0
122768,2,1,0,0,0,0,0,0,0,0,0,0
122769,1,1,20,20,20,20,20,20,20,20,20,20
122769,2,1,0,0,0,0,0,0,0,0,17,0
122769,3,1,0,0,0,0,0,0,0,0,0,0
122770,0,1,0,0,0,0,0,0,0,0,0,17
122770,1,1,0,0,0,0,0,0,0,0,0,0
122772,0,1,0,0,0,0,0,0,0,0,0,0
122772,1,1,0,0,0,0,5,12,0,0,0,13
122773,1,1,0,0,19,18,0,0,0,26,17,0
122773,2,1,0,0,0,0,0,0,19,0,0,0
122774,1,1,23,23,23,23,23,23,23,23,23,23
122776,1,1,11,11,11,11,11,11,11,11,11,11
122776,2,1,20,0,0,0,0,0,0,0,0,0
122777,1,1,0,0,0,0,0,0,0,0,0,11
122777,2,1,0,0,0,0,15,0,0,10,0,0
122778,0,1,0,0,0,0,0,0,0,5,0,0
122778,1,1,0,0,0,0,0,0,0,0,0,0
122779,0,1,27,27,27,27,27,27,27,27,27,27
122779,1,1,0,0,0,0,0,13,0,0,0,0
122781,1,1,0,0,0,0,0,0,0,0,0,0
122781,2,1,0,0,0,0,0,0,0,0,0,0
122781,3,1,0,0,0,0,0,0,0,0,0,0
122782,1,1,20,8,27,10,9,30,6,15,8,0
122782,2,1,0,0,0,0,0,0,0,0,0,7
122782,3,1,0,0,0,0,0,0,0,0,0,0
122783,1,1,0,0,8,0,0,0,0,0,0,15
122783,2,1,0,0,0,0,0,0,0,0,0,0
122784,1,1,13,13,25,0,0,8,24,14,0,14
122785,1,1,0,0,21,0,14,14,0,0,0,25
122786,1,1,0,0,0,0,0,0,0,0,0,0
122786,2,1,0,15,0,0,0,17,0,0,0,0
122787,1,1,0,0,0,17,18,22,14,19,10,0
122787,2,1,42,42,42,42,42,42,42,42,42,42
122789,1,1,0,0,0,0,0,0,0,0,0,0
122790,1,1,0,0,20,0,0,2,0,9,0,0
122790,2,1,19,0,0,0,0,0,0,0,5,19
122791,1,1,0,0,0,0,0,0,0,0,0,22
122791,2,1,0,0,0,0,0,0,0,0,0,0
122792,1,1,0,0,9,0,30,0,28,17,31,0
122793,1,1,0,0,0,0,19,21,0,0,0,0
122794,0,1,29,29,29,29,29,29,29,29,29,29
122794,1,1,0,0,0,0,0,0,0,0,0,0
122795,1,1,0,0,0,0,0,0,0,0,0,0
122795,2,1,0,0,0,0,0,0,0,0,0,0
122796,0,1,0,0,31,0,0,0,0,0,0,13
122796,1,1,0,0,0,0,0,0,0,0,0,0
122797,1,1,30,0,22,0,3,19,8,5,33,14
122797,2,1,0,0,0,0,0,0,0,0,0,0
122798,1,1,0,0,0,0,0,0,0,0,0,0
122799,1,1,0,0,0,0,0,0,0,0,0,0
122800,0,1,0,0,0,0,0,0,0,0,0,0
122800,1,1,0,0,0,0,0,0,11,0,0,0
122801,1,1,0,0,0,0,0,0,0,0,0,0
122801,2,1,0,0,0,0,0,0,0,0,0,0
122802,1,1,18,18,18,18,18,18,18,18,18,18
122802,2,1,0,0,14,24,0,0,0,0,8,0
122803,1,1,0,0,0,0,0,0,0,0,0,0
122804,1,1,0,0,0,0,0,0,0,0,0,0
122804,2,1,0,0,0,0,0,0,0,0,0,0
122805,0,1,0,0,0,0,0,0,0,0,0,0
122805,1,1,0,0,0,0,0,0,0,0,0,24
122806,1,1,9,9,9,9,9,9,9,9,9,9
122806,2,1,0,0,0,0,0,0,0,0,0,0
122807,1,1,2,21,8,11,0,0,17,0,13,0
122808,1,1,0,0,0,0,0,0,0,0,0,0
122808,2,1,0,0,0,0,0,0,0,0,0,0
122808,3,1,0,11,0,0,0,0,0,0,0,0
122808,4,1,0,0,0,0,0,0,0,0,0,0
122809,1,1,13,13,13,13,13,13,13,13,13,13
122810,1,1,19,0,0,0,0,0,0,0,0,0
122811,1,1,0,0,17,0,0,0,0,0,0,0
122812,1,1,8,0,0,0,0,0,0,10,0,0
122812,2,1,0,0,0,0,0,0,0,0,0,0
122813,1,1,16,16,16,16,16,16,16,16,16,16
122813,2,1,0,0,0,0,0,0,0,0,0,0
122813,3,1,0,0,0,0,0,0,0,0,0,0
122814,0,1,0,0,0,0,0,0,0,0,0,0
122814,1,1,0,0,0,0,0,0,0,0,0,0
122815,1,1,4,4,4,4,4,4,4,4,4,4
122816,0,1,0,0,0,0,0,0,0,0,0,0
122816,1,1,0,0,0,0,0,0,0,0,0,0
122817,0,1,0,0,0,0,0,0,0,0,0,0
122817,1,1,0,0,0,0,0,0,0,0,0,0
122818,1,1,7,0,0,0,11,0,0,23,0,0
122818,2,1,0,0,0,0,0,0,0,0,0,0
122819,1,1,0,0,0,0,0,0,0,0,0,0
122819,2,1,0,0,0,0,0,0,0,0,0,0
122820,0,1,0,0,0,0,0,0,0,0,0,0
122820,1,1,0,0,0,0,0,0,0,0,0,0
122821,1,1,0,0,0,0,0,0,0,0,0,0
122821,2,1,7,0,0,0,0,0,0,0,0,0
122822,1,1,0,0,0,0,0,0,0,0,0,0
122822,2,1,19,19,19,19,19,19,19,19,19,19
122823,1,1,0,0,31,0,0,0,0,0,0,0
122824,0,1,0,0,0,0,0,0,0,0,0,0
122824,1,1,0,0,0,0,0,0,0,0,0,0
122825,0,1,0,25,0,13,0,0,0,0,23,0
122825,1,1,0,0,0,0,0,0,0,0,0,0
122826,1,1,0,0,0,0,0,0,0,0,0,0
122826,2,1,0,0,0,0,0,0,0,0,8,0
122828,1,1,20,0,0,6,21,0,0,0,0,0
122828,2,1,0,0,18,0,0,0,0,0,0,0
122829,1,1,0,17,0,0,0,0,0,0,0,0
122830,0,1,0,0,0,0,0,0,0,0,0,0
122830,1,1,0,0,0,0,0,0,0,0,0,0
122831,1,1,0,0,20,17,13,0,0,0,0,12
122831,2,1,0,0,0,0,0,21,0,0,0,0
122832,1,1,21,21,21,21,21,21,21,21,21,21
122832,2,1,0,0,0,0,0,0,0,0,0,0
122833,1,1,23,0,0,0,0,0,0,0,0,0
122833,2,1,0,0,0,11,0,0,0,0,0,0
122834,1,1,0,0,0,0,0,0,0,0,0,0
122834,2,1,0,0,0,0,0,0,0,0,0,0
122834,3,1,0,0,0,0,0,0,0,0,0,0
122835,0,1,0,0,0,24,22,0,0,19,0,26
122835,1,1,0,0,0,12,0,2,0,0,0,16
122835,2,1,0,0,0,0,0,0,0,0,0,0
122836,1,1,0,0,0,0,0,0,0,0,0,21
122837,1,1,0,0,0,0,0,0,0,0,0,0
122837,2,1,0,0,0,0,0,0,0,0,0,0
122838,0,1,0,0,0,0,0,0,0,0,0,0
122838,1,1,0,0,13,0,0,0,11,0,0,0
122838,2,1,0,3,0,0,0,5,4,3,3,20
122839,1,1,23,8,0,14,0,0,0,8,0,24
122839,2,1,0,0,0,0,0,0,0,0,0,0
122840,0,1,26,23,0,0,0,13,25,10,20,0
122840,1,1,0,0,0,0,0,0,0,0,0,0
122841,1,1,0,0,0,0,0,0,0,0,0,0
122841,2,1,0,0,0,0,0,0,0,0,0,0
122842,1,1,0,0,0,14,0,0,0,0,0,0
122842,2,1,0,0,0,0,0,0,0,0,0,0
122843,1,1,0,0,0,0,0,0,0,0,0,0
122843,2,1,0,0,0,0,0,0,0,0,0,0
122843,3,1,0,0,0,0,0,0,0,0,0,0
122844,1,1,8,8,8,8,8,8,8,8,8,8
122844,2,1,0,0,0,0,0,18,0,0,0,0
122844,3,1,0,0,0,0,0,0,0,0,0,0
122845,1,1,0,0,0,0,0,0,0,0,0,0
122845,2,1,0,0,0,0,0,0,0,0,0,0
122846,0,1,15,15,15,15,15,15,15,15,15,15
122846,1,1,10,0,0,16,0,0,0,0,0,22
122846,2,1,0,0,0,0,0,0,0,7,0,0
122847,1,1,0,0,0,0,0,0,0,0,0,0
122847,2,1,0,0,0,0,0,0,0,0,0,0
122848,0,1,0,0,0,0,0,0,0,0,0,0
122848,1,1,7,0,0,10,0,37,0,11,0,0
122849,0,1,0,0,0,0,0,0,0,0,0,0
122849,1,1,0,0,0,0,0,0,0,0,0,0
122849,2,1,0,0,0,0,0,0,0,0,0,0
122849,3,1,0,0,6,0,17,0,0,0,18,0
122850,1,1,17,17,17,17,17,17,17,17,17,17
122851,1,1,18,18,18,18,18,18,18,18,18,18
122851,2,1,0,0,0,0,0,0,0,0,0,0
122852,0,1,0,0,0,0,0,0,0,0,0,0
122852,1,1,12,0,0,0,0,0,0,18,0,7
122852,2,1,0,0,0,0,0,0,0,0,0,0
122853,0,1,0,0,0,0,0,0,0,0,0,0
122853,1,1,0,0,0,0,0,38,0,0,0,0
122854,1,1,0,0,0,0,0,4,0,0,18,0
122854,2,1,0,0,0,0,0,0,0,0,0,0
122855,0,1,0,0,0,0,0,21,0,0,3,0
122855,1,1,0,0,0,0,0,0,0,0,0,0
122856,1,1,10,10,10,10,10,10,10,10,10,10
122857,1,1,0,0,0,0,0,0,0,0,0,0
122857,2,1,0,0,0,0,0,0,0,0,0,0
122857,3,1,0,0,0,0,0,0,0,0,0,0
122858,1,1,0,0,0,10,0,0,0,0,0,0
122858,2,1,0,0,0,0,0,0,0,0,0,23
122859,1,1,0,0,0,0,0,0,0,0,0,0
122859,2,1,0,0,0,0,0,0,0,0,0,0
122860,1,1,0,0,0,0,0,0,0,0,0,0
122860,2,1,0,0,0,0,0,16,0,0,0,5
122860,3,1,0,0,0,0,0,0,0,0,0,0
122861,0,1,0,0,0,0,0,0,0,0,0,0
122861,1,1,0,0,0,0,7,0,0,0,0,0
122862,1,1,0,0,0,0,0,0,0,0,0,6
122863,1,1,22,0,0,10,0,20,0,0,0,12
122864,0,1,0,0,0,0,0,10,0,0,39,0
122864,1,1,0,0,0,0,0,0,0,0,0,0
122865,1,1,0,0,0,0,0,0,0,0,0,0
122865,2,1,0,0,0,0,0,0,0,0,0,0
122866,1,1,37,37,37,37,37,37,37,37,37,37
122867,1,1,5,5,5,5,5,5,5,5,5,5
122867,2,1,0,8,0,16,0,0,0,14,11,9
122869,0,1,0,0,0,0,0,0,0,0,0,0
122869,1,1,0,0,0,0,0,0,0,0,0,0
122870,1,1,0,0,0,0,0,0,0,0,0,0
122870,2,1,0,6,0,0,0,0,0,0,0,0
122871,0,1,0,0,0,0,0,0,0,0,0,0
122871,1,1,0,0,0,0,0,0,0,0,0,0
122872,1,1,0,13,0,0,0,0,0,0,0,0
122872,2,1,0,0,0,0,25,0,11,0,0,0
122873,1,1,0,0,0,0,0,0,0,0,0,15
122873,2,1,0,0,0,0,0,14,0,0,0,0
122873,3,1,0,0,49,0,0,0,0,0,0,0
122874,1,1,0,0,0,0,0,0,0,0,0,0
122874,2,1,0,0,0,0,0,0,0,0,0,0
122874,3,1,0,0,0,0,8,0,0,0,0,0
122875,1,1,0,0,0,0,0,0,0,0,0,0
122875,2,1,0,0,0,0,0,0,0,0,0,0
122876,0,1,24,0,0,0,0,0,0,18,0,0
122876,1,1,16,13,22,28,19,0,0,18,30,19
122877,1,1,0,0,0,0,0,0,0,0,0,0
122880,0,1,0,0,0,0,14,0,0,0,12,0
122880,1,1,0,0,0,0,0,0,0,0,12,0
122882,1,1,0,0,0,0,0,0,0,0,0,0
122882,2,1,0,0,0,0,0,0,0,0,0,0
122883,1,1,32,0,0,0,0,0,0,0,0,0
122883,2,1,0,0,0,0,0,0,20,0,0,7
122884,1,1,9,9,9,9,9,9,9,9,9,9
122884,2,1,14,0,7,0,0,0,0,0,0,0
122885,1,1,0,0,0,0,0,0,0,0,0,0
122886,0,1,0,0,20,0,0,0,20,0,0,0
122886,1,1,0,0,0,0,0,0,0,0,4,27
122887,1,1,24,0,27,0,28,0,20,11,14,9
122887,2,1,19,0,0,0,0,11,10,16,6,0
122888,1,1,12,12,12,12,12,12,12,12,12,12
122889,1,1,8,0,0,0,0,0,0,0,18,0
122889,2,1,0,0,0,0,0,0,0,0,0,0
122890,1,1,0,0,0,0,0,0,0,0,0,0
122890,2,1,16,16,16,16,16,16,16,16,16,16
122891,0,1,0,0,0,0,0,0,0,0,0,0
122891,1,1,0,0,0,0,0,0,0,0,25,13
122892,1,1,34,0,0,0,0,0,24,0,0,13
122892,2,1,0,0,0,0,0,0,0,4,0,0
122893,0,1,3,3,3,3,3,3,3,3,3,3
122893,1,1,0,0,0,0,0,0,0,0,0,0
122894,1,1,24,24,24,24,24,24,24,24,24,24
122895,1,1,0,16,0,8,0,0,0,0,0,0
122895,2,1,9,0,6,0,0,0,0,42,11,0
122896,0,1,28,28,28,28,28,28,28,28,28,28
122896,1,1,0,0,0,0,0,0,0,0,0,0
122897,1,1,0,0,0,0,0,0,0,0,0,0
122897,2,1,0,0,0,0,0,0,0,0,0,0
122898,1,1,7,14,10,7,15,39,13,17,15,13
122899,1,1,20,20,20,20,20,20,20,20,20,20
122899,2,1,7,7,7,7,7,7,7,7,7,7
122900,1,1,0,0,0,0,0,0,0,0,0,0
122900,2,1,0,0,15,0,0,0,0,0,0,0
122901,1,1,0,0,0,0,0,0,0,0,0,0
122901,2,1,0,0,0,0,0,0,0,0,0,25
122902,0,1,0,0,0,0,0,0,0,0,0,0
122902,1,1,0,0,0,0,0,0,0,0,0,0
122903,1,1,13,0,0,0,26,0,0,0,0,0
122903,2,1,0,0,0,0,0,14,0,0,0,0
122904,1,1,0,0,0,0,0,0,0,0,0,0
122904,2,1,0,0,0,0,0,0,0,0,0,0
122905,1,1,0,0,0,0,0,0,7,15,20,0
122905,2,1,0,0,0,0,0,0,0,0,0,0
122906,1,1,0,0,0,0,0,0,0,0,8,0
122906,2,1,0,0,0,0,16,0,0,0,0,0
122907,1,1,0,0,0,0,0,0,0,0,0,0
122908,0,1,23,0,0,0,0,0,0,0,0,0
122908,1,1,0,0,0,0,0,0,0,0,0,0
122909,0,1,0,0,0,0,0,0,0,0,0,0
122909,1,1,11,0,0,0,0,0,0,0,0,0
122910,0,1,0,0,0,0,0,0,0,0,0,0
122910,1,1,0,0,0,0,0,0,0,0,0,0
122911,1,1,5,0,0,18,0,26,0,11,0,0
122912,1,1,4,0,0,0,6,0,0,0,0,0
122912,2,1,0,0,0,0,0,0,0,0,0,0
122913,1,1,0,0,0,0,0,0,0,0,0,0
122913,2,1,0,0,0,18,0,0,0,0,0,0
122914,1,1,0,0,0,0,0,0,0,0,0,0
122914,2,1,0,0,0,0,0,0,0,0,0,15
122915,1,1,0,0,0,0,0,0,0,0,0,0
122915,2,1,0,0,0,0,0,0,0,0,0,0
122915,3,1,0,0,0,0,0,0,0,0,0,0
122916,0,1,0,0,0,0,0,0,0,0,0,0
122916,1,1,0,0,0,0,0,0,0,0,0,0
122917,1,1,0,0,0,0,0,0,0,0,0,0
122917,2,1,0,0,0,0,0,0,0,0,0,0
122917,3,1,0,0,0,0,0,0,0,0,0,0
122917,4,1,0,0,0,0,0,0,0,0,0,0
122918,0,1,0,0,20,0,12,0,18,0,0,0
122918,1,1,0,0,0,0,0,0,0,0,0,15
122919,1,1,0,0,0,0,0,0,0,0,0,0
122920,1,1,0,0,0,0,0,0,0,0,0,0
122920,2,1,0,0,0,0,0,0,0,0,0,0
122921,0,1,0,0,13,0,18,9,0,12,19,0
122921,1,1,0,0,10,0,0,0,13,0,0,0
122923,1,1,0,0,0,21,0,0,0,25,0,0
122923,2,1,0,9,0,0,0,19,0,16,0,0
122924,0,1,11,11,11,11,11,11,11,11,11,11
122924,1,1,0,0,12,0,0,5,0,0,0,0
122925,1,1,15,5,0,27,0,0,0,12,3,8
122926,1,1,0,0,0,0,0,0,0,0,0,0
122926,2,1,0,0,0,0,0,0,0,0,0,0
122926,3,1,0,0,0,0,0,0,0,0,0,0
122926,4,1,0,0,0,13,0,0,0,0,9,0
122927,1,1,0,0,0,0,0,0,0,0,12,0
122927,2,1,0,0,22,0,0,0,5,0,0,0
122928,1,1,13,0,0,0,0,0,0,0,0,0
122928,2,1,0,0,0,0,0,0,0,0,0,0
122929,0,1,0,0,0,7,0,0,0,0,0,0
122929,1,1,0,0,0,0,0,0,0,8,0,0
122930,0,1,0,0,0,0,0,0,0,0,0,0
122930,1,1,0,0,0,0,0,0,0,0,15,0
122932,0,1,17,0,0,0,21,0,0,0,0,0
122932,1,1,0,0,0,0,7,0,0,0,10,0
122933,0,1,14,14,44,0,28,16,3,0,11,26
122933,1,1,24,9,0,0,8,0,0,0,0,0
122934,0,1,0,0,0,0,0,20,0,0,35,0
122934,1,1,0,0,0,0,0,13,0,0,0,0
122935,1,1,0,0,0,0,0,0,0,0,0,0
122935,2,1,0,0,0,0,0,0,0,0,0,0
122936,1,1,0,0,0,0,0,0,0,0,0,0
122936,2,1,0,0,0,0,0,15,0,0,0,0
122937,1,1,0,0,5,0,0,0,0,14,0,0
122938,1,1,0,18,0,0,0,0,0,0,0,0
122938,2,1,0,0,15,0,0,17,0,0,0,0
122940,0,1,20,20,20,20,20,20,20,20,20,20
122940,1,1,0,0,0,0,0,0,0,23,0,0
122941,0,1,0,9,0,6,28,0,0,16,25,10
122941,1,1,13,16,0,17,0,0,0,11,0,0
122942,1,1,0,0,0,16,0,0,0,0,14,0
122943,1,1,0,0,0,0,0,0,0,0,0,0
122943,2,1,0,0,0,0,0,0,0,0,0,0
122944,1,1,0,0,12,0,0,0,0,0,0,0
122944,2,1,0,0,0,0,0,0,0,0,0,26
122945,1,1,0,0,0,0,0,0,0,0,0,0
122946,0,1,0,0,0,0,0,0,0,0,0,0
122946,1,1,0,0,0,16,0,0,0,0,0,0
122948,0,1,0,0,0,0,0,16,0,0,0,0
122948,1,1,0,0,0,0,0,0,0,0,0,0
122949,1,1,0,0,0,9,23,0,0,0,12,26
122950,1,1,20,20,20,20,20,20,20,20,20,20
122950,2,1,0,0,0,0,0,0,0,0,0,0
122950,3,1,0,0,0,5,0,0,0,0,0,14
122951,1,1,18,23,23,28,0,0,0,0,0,0
122951,2,1,0,0,7,0,0,0,0,0,0,0
122952,1,1,14,14,14,14,14,14,14,14,14,14
122952,2,1,0,0,0,0,0,0,13,0,0,0
122953,1,1,0,15,16,24,0,24,0,0,0,8
122953,2,1,0,26,0,0,0,0,0,0,0,0
122954,1,1,0,0,0,7,18,0,0,33,0,19
122955,1,1,0,0,0,0,0,0,0,0,0,0
122955,2,1,0,0,21,0,0,0,0,0,0,0
122956,1,1,0,0,0,0,0,0,0,0,0,0
122957,0,1,0,32,0,0,0,0,0,0,0,0
122957,1,1,0,0,0,0,0,0,0,0,0,9
122958,0,1,11,11,11,11,11,11,11,11,11,11
122958,1,1,0,0,0,0,0,0,0,0,0,0
122959,0,1,0,0,0,0,0,0,0,0,0,0
122959,1,1,0,0,0,0,0,0,0,0,0,0
122960,0,1,0,0,0,14,0,0,23,0,0,0
122960,1,1,0,0,0,0,0,0,0,0,0,0
122961,0,1,0,14,0,0,0,0,0,0,0,0
122961,1,1,0,0,0,0,0,0,0,0,0,0
122962,0,1,0,11,20,0,0,0,0,8,0,0
122962,1,1,0,9,0,0,21,0,0,0,0,13
122963,1,1,0,0,0,0,0,0,0,0,0,0
122964,1,1,0,0,0,0,0,0,0,0,0,0
122965,0,1,0,24,0,0,0,0,0,0,5,0
122965,1,1,33,13,0,0,0,0,0,0,0,0
122966,0,1,9,9,9,9,9,9,9,9,9,9
122966,1,1,18,14,0,0,0,0,7,0,10,10
122967,0,1,0,0,0,0,0,13,0,0,0,0
122967,1,1,0,0,0,0,0,0,0,0,0,0
122968,0,1,0,10,0,0,0,0,0,0,0,0
122968,1,1,0,0,0,0,0,26,0,10,0,0
122969,1,1,6,20,0,0,0,0,8,0,0,13
122970,0,1,0,0,0,0,0,0,0,0,0,14
122970,1,1,0,0,0,0,0,0,0,0,0,0
122971,1,1,10,10,10,10,10,10,10,10,10,10
122972,1,1,0,0,15,0,0,0,0,0,0,0
122972,2,1,0,0,0,0,0,0,0,0,0,0
122973,0,1,25,21,0,0,0,0,0,0,0,0
122973,1,1,0,0,0,0,0,0,0,16,0,0
122974,1,1,0,0,0,0,0,0,0,0,0,0
122974,2,1,0,0,0,0,0,0,0,0,0,0
122974,3,1,0,0,0,11,0,0,0,0,0,0
122975,1,1,0,0,0,0,0,0,0,0,0,0
122975,2,1,0,0,0,0,0,0,0,0,0,0
122976,0,1,0,0,0,0,0,25,19,0,0,0
122976,1,1,0,0,0,0,0,0,0,19,0,0
122977,1,1,15,0,9,34,0,7,13,20,2,8
122978,1,1,3,3,3,3,3,3,3,3,3,3
122979,0,1,0,0,0,0,0,0,0,0,0,0
122979,1,1,0,0,0,0,0,0,0,0,0,0
122980,1,1,15,15,15,15,15,15,15,15,15,15
122980,2,1,0,0,0,0,0,0,0,0,0,0
122981,1,1,0,0,0,0,0,0,0,0,0,0