ST_CASE,VEH_NO,PER_NO,P1,P2,P3,P4,P5,P6,P7,P8,P9,P10
131363,2,1,19,19,19,19,19,19,19,19,19,19
131364,1,1,9,9,9,9,9,9,9,9,9,9
131365,0,1,8,8,8,8,8,8,8,8,8,8
131365,1,1,0,0,0,0,0,0,0,12,0,0
131366,1,1,0,0,0,0,0,0,0,0,0,0
131367,1,1,6,0,19,0,0,0,8,0,0,0
131367,2,1,0,0,0,0,0,0,0,0,0,0
131368,1,1,22,3,13,7,39,17,20,17,0,5
131369,1,1,0,0,0,0,6,0,15,19,0,0
131370,1,1,0,0,0,0,0,0,0,0,0,0
131371,0,1,11,0,44,19,0,0,0,0,22,0
131371,1,1,0,0,0,0,0,0,0,0,0,0
131373,1,1,5,5,5,5,5,5,5,5,5,5
131373,2,1,0,0,0,0,0,0,0,0,0,0
131374,1,1,0,0,0,0,0,0,0,0,0,0
131374,2,1,0,0,0,0,0,0,0,0,0,0
131375,1,1,0,0,0,0,0,0,0,0,0,0
131375,2,1,0,0,0,0,0,0,0,0,0,12
131376,1,1,0,0,24,0,0,0,7,0,7,18
131377,1,1,0,0,0,0,0,0,0,0,0,0
131378,1,1,0,0,0,0,0,0,0,0,0,0
131378,2,1,0,0,0,0,0,0,0,0,0,0
131379,1,1,0,0,0,0,0,0,0,0,0,0
131380,1,1,28,28,28,28,28,28,28,28,28,28
131380,2,1,0,0,11,0,0,0,0,0,0,0
131381,1,1,0,25,0,38,9,11,22,0,19,9
131381,2,1,0,0,0,0,0,6,0,0,0,0
131382,1,1,0,0,0,0,0,0,0,0,0,0
131382,2,1,0,0,0,0,4,0,0,0,0,0
131383,1,1,0,0,0,0,0,0,0,0,0,0
131383,2,1,0,0,0,0,0,0,0,0,0,0
131384,1,1,0,0,0,0,16,0,0,0,0,0
131384,2,1,0,0,0,0,0,0,0,0,0,0
131385,0,1,4,4,4,4,4,4,4,4,4,4
131385,1,1,0,0,0,0,0,0,0,0,0,0
131386,1,1,0,0,0,0,0,0,0,0,0,0
131386,2,1,0,0,12,0,0,0,0,0,0,0
131387,1,1,8,8,8,8,8,8,8,8,8,8
131388,1,1,10,10,10,10,10,10,10,10,10,10
131388,2,1,0,0,0,0,0,0,0,0,0,0
131389,1,1,17,6,23,13,6,14,10,11,17,15
131390,0,1,0,0,30,0,0,0,15,15,0,0
131390,1,1,0,0,0,0,0,0,0,0,0,0
131391,1,1,0,0,0,0,0,0,0,0,0,0
131391,2,1,0,0,0,0,0,0,0,0,0,0
131392,1,1,0,0,0,0,0,0,0,0,0,0
131392,2,1,0,0,0,0,0,0,0,0,0,0
131393,1,1,0,0,0,0,0,0,0,0,0,0
131394,1,1,13,18,18,34,21,19,9,9,31,14
131395,1,1,0,0,13,0,0,0,0,0,0,0
131395,2,1,0,17,0,0,0,0,19,0,0,0
131396,1,1,0,0,0,0,0,0,0,0,0,0
131396,2,1,0,0,0,0,0,0,0,0,0,0
131397,1,1,0,0,0,0,0,0,0,0,0,0
131398,1,1,9,9,9,9,9,9,9,9,9,9
131399,1,1,18,18,18,18,18,18,18,18,18,18
131400,0,1,0,0,0,24,0,0,32,0,0,0
131400,1,1,0,0,0,0,0,0,0,0,0,0
131401,1,1,0,0,0,0,0,0,0,0,0,0
131401,2,1,0,0,0,0,0,0,0,0,0,0
131402,1,1,0,0,0,0,0,0,0,0,0,0
131402,2,1,0,0,0,0,0,0,0,0,0,0
131403,0,1,0,0,0,0,9,0,0,0,0,0
131403,1,1,0,0,0,0,0,0,0,0,0,0
131404,1,1,0,0,0,0,18,0,0,0,0,0
131405,1,1,0,0,0,0,0,0,0,0,30,0
131405,2,1,0,0,0,0,0,0,0,0,0,0
131405,3,1,0,0,0,0,0,0,0,0,0,0
131405,4,1,0,6,0,0,0,6,0,0,0,0
131406,0,1,0,0,0,0,0,0,0,0,0,0
131406,1,1,0,0,0,0,0,0,0,0,0,0
131407,0,1,0,0,0,0,0,0,0,0,0,0
131407,1,1,0,0,0,0,0,0,0,0,0,0
131408,1,1,0,0,0,0,0,0,0,0,0,0
131409,1,1,25,25,25,25,25,25,25,25,25,25
131410,1,1,0,0,0,0,0,0,0,0,0,0
131410,2,1,0,0,0,0,0,0,0,0,0,0
131411,0,1,21,21,21,21,21,21,21,21,21,21
131411,1,1,0,0,0,0,0,0,0,0,0,0
131412,1,1,0,0,0,28,27,0,0,0,0,0
131412,2,1,0,0,17,0,0,0,0,0,0,7
131413,1,1,18,18,18,18,18,18,18,18,18,18
131414,0,1,5,5,5,5,5,5,5,5,5,5
131414,1,1,0,0,0,0,0,0,0,0,0,0
131415,1,1,31,0,0,0,19,0,0,0,0,0
131415,2,1,0,20,0,0,0,0,0,0,8,0
131415,3,1,0,0,0,0,0,0,0,0,5,0
131415,4,1,0,0,0,0,0,0,0,0,0,0
131416,0,1,0,0,0,0,0,0,0,0,0,0
131416,1,1,0,12,0,0,0,0,0,0,0,0
131417,0,1,0,0,0,0,25,10,0,0,0,0
131417,1,1,0,0,0,0,0,0,0,0,0,0
131418,1,1,0,0,0,0,0,0,0,0,0,0
131419,1,1,0,0,0,0,0,0,0,0,0,0
131420,0,1,0,0,0,0,0,0,0,0,0,0
131420,1,1,0,0,0,0,0,0,0,0,0,0
131421,1,1,0,0,0,0,0,0,0,0,0,0
131421,2,1,0,0,0,0,0,0,0,0,6,0
131422,1,1,25,25,25,25,25,25,25,25,25,25
131423,1,1,17,17,17,17,17,17,17,17,17,17
131424,1,1,2,2,2,2,2,2,2,2,2,2
131425,1,1,0,0,0,0,0,0,0,14,0,0
131425,2,1,0,0,0,0,0,0,0,0,0,0
131426,0,1,0,0,0,24,0,0,20,0,0,0
131426,0,2,0,0,0,0,0,0,0,0,0,0
131426,0,3,0,0,0,0,0,0,0,0,0,0
131426,1,1,0,0,0,0,0,0,0,0,0,0
131427,0,1,27,27,27,27,27,27,27,27,27,27
131427,1,1,0,0,0,10,0,0,0,0,0,0
131428,1,1,20,20,20,20,20,20,20,20,20,20
131429,0,1,0,0,0,0,0,19,19,0,0,0
131429,1,1,0,0,0,0,0,10,0,0,0,0
131430,1,1,22,22,22,22,22,22,22,22,22,22
131431,1,1,0,0,0,0,0,0,0,0,0,0
131431,2,1,0,0,0,0,0,0,0,0,0,0
131431,3,1,0,0,0,0,0,0,0,0,0,0
131432,1,1,0,18,14,0,0,0,13,0,0,0
131433,0,1,24,24,24,24,24,24,24,24,24,24
131433,1,1,0,0,0,0,0,0,0,0,0,0
131434,1,1,0,0,0,0,0,0,0,0,0,0
131434,2,1,0,0,0,0,0,0,0,0,0,0
131435,1,1,11,8,0,0,9,0,7,4,5,21
131435,2,1,1,6,0,17,0,8,3,19,25,12
150001,0,1,20,20,20,20,20,20,20,20,20,20
150001,1,1,0,0,0,14,0,0,0,0,0,0
150002,1,1,0,0,0,0,0,0,0,0,12,0
150002,2,1,0,0,0,0,0,0,0,0,0,0
150003,1,1,0,0,0,0,0,0,0,0,0,0
150004,1,1,18,18,18,18,18,18,18,18,18,18
150005,0,1,38,0,0,0,22,0,0,0,0,0
150005,1,1,36,13,0,9,9,3,22,19,0,0
150006,0,1,0,0,9,11,0,38,0,4,47,0
150006,1,1,0,0,0,0,7,0,25,18,0,19
150007,0,1,16,0,0,0,9,0,0,10,0,0
150007,1,1,0,0,0,0,0,13,0,15,0,0
150008,1,1,0,0,0,0,0,0,0,0,0,0
150009,1,1,22,22,22,22,22,22,22,22,22,22
150010,0,1,20,11,0,27,37,0,26,16,0,0
150010,1,1,15,15,15,15,15,15,15,15,15,15
150012,0,1,0,0,0,0,0,0,0,0,0,0
150012,1,1,8,6,6,33,7,14,2,5,0,12
150013,1,1,18,18,7,5,9,33,16,7,8,0
150013,2,1,27,21,21,37,41,7,23,14,8,7
150014,1,1,0,7,0,0,0,0,0,0,0,0
150015,1,1,12,0,0,0,0,0,22,18,0,0
150016,0,1,0,0,0,0,0,0,0,0,0,0
150016,1,1,0,0,0,0,0,0,4,0,2,7
150017,1,1,0,0,0,0,0,0,0,0,0,0
150017,2,1,0,0,0,0,0,0,0,0,0,0
150018,1,1,14,22,15,35,7,18,17,17,13,15
150018,2,1,32,0,0,0,0,0,0,0,0,0
150019,0,1,10,10,10,10,10,10,10,10,10,10
150019,1,1,0,0,0,0,0,0,0,0,0,0
150020,1,1,0,0,0,0,0,0,0,0,0,0
150020,2,1,0,0,0,0,0,0,0,0,0,0
150021,0,1,32,32,32,32,32,32,32,32,32,32
150021,1,1,0,0,0,0,0,0,0,0,0,0
150022,1,1,22,0,0,0,0,0,0,0,0,0
150023,1,1,0,0,0,0,29,0,5,0,0,0
150024,1,1,28,28,28,28,28,28,28,28,28,28
150025,1,1,0,0,0,0,0,0,0,0,0,0
150026,0,1,0,0,0,0,0,0,0,0,0,0
150026,1,1,0,0,0,6,0,0,0,0,0,0
150027,0,1,21,21,21,21,21,21,21,21,21,21
150027,1,1,0,0,10,0,0,0,0,0,15,0
150029,0,1,0,0,0,0,0,0,0,0,0,0
150029,1,1,13,13,13,13,13,13,13,13,13,13
150030,1,1,0,0,0,0,0,0,0,0,0,0
150030,2,1,8,0,5,0,0,0,0,0,0,0
150031,1,1,0,0,0,0,0,0,0,0,0,0
150031,2,1,0,0,0,0,0,0,0,0,0,0
150032,1,1,0,0,0,0,0,0,0,0,0,0
150033,1,1,0,0,0,0,0,0,0,0,0,0
150034,1,1,0,28,0,0,0,0,0,0,0,0
150034,2,1,0,0,0,0,0,0,0,0,0,0
150035,0,1,0,0,0,0,0,0,0,0,0,0
150035,1,1,0,0,0,0,0,0,0,0,0,0
150036,1,1,7,7,7,7,7,7,7,7,7,7
150038,0,1,0,0,0,0,0,0,0,0,0,0
150038,1,1,0,0,0,0,0,0,0,0,0,0
150039,0,1,0,0,32,0,0,0,0,0,0,0
150039,1,1,0,0,0,19,0,0,0,0,0,0
150040,1,1,0,21,0,0,0,0,0,0,0,0
150040,2,1,0,0,0,0,0,0,0,0,0,0
150041,1,1,18,18,18,18,18,18,18,18,18,18
150041,2,1,0,0,0,0,0,0,0,0,0,0
150042,1,1,0,0,0,0,0,0,0,0,0,0
150042,2,1,4,4,4,4,4,4,4,4,4,4
150043,0,1,0,0,0,0,0,0,0,0,0,0
150043,1,1,0,6,23,0,18,23,0,0,0,0
150044,0,1,16,16,16,16,16,16,16,16,16,16
150044,1,1,0,23,11,0,15,10,0,9,7,0
150045,1,1,0,0,0,0,0,0,0,0,0,0
150046,1,1,21,21,21,21,21,21,21,21,21,21
150047,1,1,10,10,10,10,10,10,10,10,10,10
150048,1,1,14,14,14,14,14,14,14,14,14,14
150048,2,1,0,0,0,0,0,0,0,0,0,0
150049,1,1,18,18,18,18,18,18,18,18,18,18
150050,1,1,0,0,0,16,0,0,10,22,0,30
150050,2,1,0,0,0,0,0,0,0,0,0,0
150051,0,1,0,0,0,0,0,0,0,0,0,0
150051,1,1,0,0,0,0,0,0,0,0,0,0
150052,0,1,0,0,0,0,0,0,0,0,0,0
150052,1,1,14,0,0,41,7,0,1,4,7,0
150053,1,1,17,17,17,17,17,17,17,17,17,17
150054,1,1,0,0,0,0,0,0,0,0,0,0
150055,1,1,16,16,16,16,16,16,16,16,16,16
150055,2,1,0,0,15,0,0,0,28,0,0,29
150056,1,1,0,0,0,0,0,0,0,15,0,0
150056,2,1,14,0,0,0,0,0,0,16,0,0
150057,0,1,0,0,0,0,0,0,0,0,0,0
150057,1,1,0,0,0,0,0,0,0,0,0,0
150058,1,1,17,17,17,17,17,17,17,17,17,17
150059,1,1,0,0,0,0,0,0,0,0,0,0
150059,2,1,0,0,0,0,0,0,0,0,10,0
150060,0,1,0,11,0,0,0,0,0,0,13,17
150060,1,1,0,16,0,0,0,0,0,0,0,0
150061,1,1,0,0,0,0,0,0,0,0,0,0
150062,0,1,0,0,0,0,0,0,0,0,0,0
150063,1,1,0,0,0,0,0,0,0,0,0,0
150064,1,1,0,0,0,0,0,23,0,0,0,0
150064,2,1,0,0,0,0,0,0,0,0,0,0
150065,1,1,2,0,0,0,5,0,0,0,0,0
150065,2,1,0,0,0,0,0,0,0,0,0,0
150066,1,1,0,0,0,0,0,0,0,0,0,0
150067,1,1,0,0,0,0,0,0,0,0,0,0
150068,1,1,17,17,17,17,17,17,17,17,17,17
150069,1,1,0,0,0,0,0,0,0,0,0,0
150069,2,1,0,0,0,0,0,0,0,0,0,0
150070,1,1,0,0,0,0,0,0,0,0,0,22
150070,2,1,0,0,0,0,0,0,7,2,0,0
150071,1,1,15,15,15,15,15,15,15,15,15,15
150071,2,1,16,16,16,16,16,16,16,16,16,16
150072,0,1,0,0,0,0,0,0,0,0,0,0
150072,1,1,0,14,0,0,0,0,0,0,0,0
150073,0,1,0,0,0,0,0,0,0,0,0,0
150073,1,1,8,0,0,0,0,0,0,0,0,20
150074,0,1,0,0,0,0,2,0,0,0,0,0
150074,1,1,0,0,0,0,0,0,0,0,0,0
150075,1,1,0,0,0,0,0,0,0,0,0,0
150076,1,1,0,0,0,0,0,0,0,0,0,0
150077,1,1,0,0,0,0,0,0,0,0,0,0
150077,2,1,0,0,0,0,0,0,0,0,0,10
150078,1,1,0,0,0,0,0,0,0,0,0,0
150079,1,1,18,18,18,18,18,18,18,18,18,18
150079,2,1,0,0,0,0,0,12,23,0,0,0
150079,3,1,0,0,0,13,9,0,6,0,9,0
150080,1,1,23,23,23,23,23,23,23,23,23,23
150081,1,1,0,0,0,0,0,0,0,0,0,0
150081,2,1,0,0,0,0,0,0,0,0,0,0
150081,3,1,0,0,0,0,0,0,0,0,0,0
150081,4,1,0,0,0,0,0,0,0,0,0,0
150082,0,1,0,0,0,0,0,0,0,0,0,0
150082,1,1,0,0,0,0,0,0,0,0,4,0
150083,1,1,0,0,0,0,0,0,0,0,0,0
150083,2,1,0,0,0,0,0,0,0,0,0,0
150084,1,1,25,9,0,15,0,0,10,20,0,7
150085,1,1,0,20,12,0,0,0,7,0,0,10
150085,3,1,0,0,0,31,7,14,0,0,8,4
150085,4,1,17,18,0,13,0,10,20,22,0,15
150086,1,1,0,0,0,0,0,0,0,0,0,0
150086,2,1,0,0,0,0,0,0,0,24,0,0
150087,1,1,0,0,0,0,0,0,0,0,0,0
150087,2,1,0,0,0,0,0,0,0,0,0,0
150088,1,1,10,0,0,0,0,0,0,0,0,0
150088,2,1,0,0,0,0,0,0,0,0,0,0
150088,3,1,15,0,0,0,0,0,0,0,4,0
150089,0,1,31,0,0,7,0,28,20,0,0,0
150089,1,1,12,0,0,12,0,0,26,0,0,16
150090,1,1,24,24,24,24,24,24,24,24,24,24
150091,0,1,0,0,0,0,0,0,0,0,0,0
150091,1,1,0,0,0,0,0,0,0,0,0,0
150092,1,1,0,0,0,0,0,0,0,0,0,0
150092,2,1,0,0,0,0,0,27,0,0,0,0
150093,1,1,0,0,0,0,0,0,0,0,0,0
150093,2,1,0,0,0,0,0,0,0,0,0,0
150093,3,1,0,0,0,0,0,0,0,0,0,0
150094,1,1,21,21,21,21,21,21,21,21,21,21
150095,0,1,0,0,0,0,0,0,0,0,0,0
150095,1,1,0,0,0,0,0,0,0,0,15,0
150096,0,1,0,0,0,0,0,0,0,0,0,0
150096,1,1,11,0,0,15,0,0,0,17,12,0
150097,1,1,0,0,0,0,0,0,0,0,0,0
150097,2,1,0,33,0,0,15,0,0,0,0,0
150098,1,1,0,0,0,0,0,0,0,0,0,0
150099,1,1,0,0,0,0,0,0,0,0,0,0
150099,2,1,0,0,0,0,0,0,0,0,0,0
150100,1,1,26,26,26,26,26,26,26,26,26,26
150101,0,1,0,0,0,0,0,0,0,0,10,0
150101,0,2,0,0,0,0,0,0,0,0,0,0
150101,0,3,0,0,0,0,0,0,0,0,0,0
150101,1,1,10,10,10,10,10,10,10,10,10,10
150101,2,1,0,0,0,0,0,0,0,0,0,0
150102,0,1,12,0,0,0,0,0,0,0,0,15
150102,1,1,0,0,0,0,0,0,11,0,0,0
150103,1,1,0,0,11,0,0,0,0,0,0,0
150104,1,1,0,0,0,0,0,0,0,0,0,0
150104,2,1,4,0,0,0,0,0,0,2,4,0
150105,1,1,0,0,0,0,0,0,0,0,0,0
150105,2,1,0,0,0,0,0,0,0,0,0,0
150106,1,1,2,2,2,2,2,2,2,2,2,2
150107,1,1,19,19,19,19,19,19,19,19,19,19
150108,0,1,13,13,13,13,13,13,13,13,13,13
150108,1,1,0,0,0,0,0,0,0,0,0,0
150109,1,1,0,0,0,0,0,0,0,0,0,0
150110,1,1,0,16,0,5,0,0,0,12,9,11
150110,2,1,0,0,0,0,0,0,0,0,0,0
150110,3,1,0,0,0,0,0,0,0,0,0,0
150111,1,1,18,18,18,18,18,18,18,18,18,18
150112,1,1,11,11,11,11,11,11,11,11,11,11
150112,2,1,0,0,0,0,0,0,0,0,0,0
160001,1,1,0,0,0,0,0,0,0,0,0,0
160001,2,1,0,0,0,0,0,0,0,0,0,0
160002,1,1,0,0,0,0,0,0,0,0,0,0
160003,0,1,0,0,0,0,0,0,0,0,0,0
160004,1,1,0,0,0,0,0,0,0,0,0,0
160004,2,1,0,0,0,0,0,0,0,0,0,0
160005,1,1,20,20,20,20,20,20,20,20,20,20
160005,2,1,0,0,0,0,0,0,0,0,0,0
160006,1,1,29,29,29,29,29,29,29,29,29,29
160006,2,1,0,0,0,0,0,0,0,0,0,0
160007,0,1,0,0,0,0,19,23,0,9,0,0
160007,1,1,13,0,12,16,0,0,20,23,3,3
160008,1,1,30,30,30,30,30,30,30,30,30,30
160009,1,1,0,0,0,0,0,0,0,0,0,0
160009,2,1,0,0,0,0,0,0,0,0,0,0
160009,3,1,0,0,0,0,0,0,0,0,0,0
160009,4,1,0,0,0,0,0,0,0,0,0,0
160010,1,1,0,0,21,0,0,0,0,0,0,0
160010,2,1,0,0,0,0,0,0,0,0,0,0
160011,0,1,0,0,0,0,0,0,0,0,0,18
160011,1,1,0,0,0,0,0,0,0,0,0,0
160012,1,1,0,0,0,0,0,0,0,0,0,0
160012,2,1,7,7,7,7,7,7,7,7,7,7
160013,1,1,0,0,0,0,0,0,0,0,0,0
160013,2,1,0,0,0,0,0,0,0,0,0,0
160014,1,1,0,0,0,0,0,8,0,0,0,0
160014,2,1,0,0,0,0,0,0,18,0,0,0
160015,1,1,0,0,0,0,0,0,0,6,0,0
160015,2,1,0,0,0,0,0,20,0,0,18,0
160016,1,1,14,14,14,14,14,14,14,14,14,14
160017,1,1,0,0,0,0,0,0,0,0,0,0
160017,2,1,0,0,0,0,0,0,0,0,0,0
160018,1,1,20,20,20,20,20,20,20,20,20,20
160019,1,2,0,13,0,20,0,13,0,0,0,8
160020,1,1,0,0,0,0,0,11,0,0,16,0
160021,1,1,0,0,0,0,0,0,0,0,0,0
160021,2,1,0,0,0,0,0,0,0,0,0,0
160022,1,1,0,0,0,0,0,0,0,0,0,0
160022,2,1,0,0,0,0,0,0,0,0,0,0
160023,1,1,27,27,27,27,27,27,27,27,27,27
160024,1,1,0,0,0,0,0,0,0,0,0,0
160025,1,1,0,18,16,0,3,14,0,0,0,0
160026,1,1,0,0,0,0,0,0,0,0,0,0
160026,2,1,0,0,0,37,0,0,6,0,3,0
160027,1,1,0,31,21,14,0,0,0,13,7,0
160027,2,1,0,0,0,3,0,0,0,0,0,0
160028,1,1,0,0,0,0,0,0,0,0,0,0
160028,2,1,0,0,0,0,0,0,0,0,0,0
160029,1,1,16,16,16,16,16,16,16,16,16,16
160030,1,1,20,20,20,20,20,20,20,20,20,20
160031,1,1,14,0,26,23,11,12,13,21,24,15
160032,1,1,0,0,0,0,0,0,0,0,0,0
160032,2,1,0,0,0,0,0,22,0,27,0,0
160033,1,1,0,0,0,0,0,0,0,24,0,0
160033,2,1,0,0,0,0,0,0,0,0,0,0
160034,1,1,0,0,0,0,0,0,0,0,0,0
160035,1,1,16,16,16,16,16,16,16,16,16,16
160036,1,1,5,0,0,0,0,0,0,0,0,0
160036,2,1,0,0,0,0,0,0,0,0,0,0
160037,1,1,0,0,0,0,0,0,0,0,0,0
160037,2,1,0,0,0,0,0,0,10,13,0,0
160038,0,1,0,0,0,0,0,0,0,0,0,0
160038,1,1,0,0,0,0,0,0,0,0,0,0
160039,1,1,18,12,11,0,29,13,15,11,18,16
160040,1,1,18,18,18,18,18,18,18,18,18,18
160040,2,1,0,0,0,0,0,0,9,0,0,0
160041,0,1,19,19,19,19,19,19,19,19,19,19
160041,1,1,0,0,0,0,0,0,0,0,0,0
160042,1,1,0,0,0,0,0,0,0,0,0,0
160043,1,1,0,0,0,0,0,0,0,0,0,0
160044,1,1,0,0,0,0,0,0,0,0,0,0
160045,1,1,12,12,12,12,12,12,12,12,12,12
160045,2,1,0,0,0,0,0,0,0,0,0,0
160046,1,1,17,17,17,17,17,17,17,17,17,17
160047,1,1,22,22,22,22,22,22,22,22,22,22
160048,1,1,0,0,0,0,0,0,0,0,0,0
160049,1,1,0,0,0,0,0,0,0,0,0,0
160049,2,1,0,0,0,0,0,0,0,0,0,0
160050,1,1,18,18,18,18,18,18,18,18,18,18
160051,1,1,0,0,13,0,0,0,0,0,0,0
160052,1,1,11,11,11,11,11,11,11,11,11,11
160052,2,1,0,0,0,0,0,0,0,0,0,0
160053,0,1,0,0,0,0,0,0,0,0,0,0
160053,1,1,0,0,0,0,0,0,0,0,0,0
160054,1,1,0,0,0,0,0,0,0,0,0,0
160054,2,1,21,0,0,0,0,14,0,0,0,0
160055,1,1,0,0,0,0,0,0,0,0,0,0
160055,2,1,0,0,0,0,0,0,0,0,0,0
160057,1,1,0,0,0,0,0,0,0,0,0,0
160057,2,1,0,0,0,0,0,0,0,0,0,0
160058,1,1,25,25,25,25,25,25,25,25,25,25
160058,2,1,0,0,0,0,0,0,0,0,0,0
160059,1,1,12,12,12,12,12,12,12,12,12,12
160060,1,1,0,0,0,0,0,0,0,0,0,0
160061,0,1,0,0,0,0,0,0,0,0,0,0
160061,1,1,0,0,0,0,0,23,0,0,0,0
160062,1,1,0,0,0,0,0,18,0,0,0,0
160063,1,1,2,17,14,0,6,6,20,15,25,16
160064,1,1,13,0,21,0,0,0,0,0,0,0
160065,1,1,0,0,0,0,0,0,0,0,0,0
160066,0,1,0,0,0,0,0,0,0,0,0,0
160066,1,1,0,0,13,0,0,0,0,0,0,0
160067,1,1,16,16,16,16,16,16,16,16,16,16
160068,1,1,0,0,0,0,0,0,0,0,0,0
160068,2,1,0,0,0,0,0,0,0,0,0,0
160068,3,1,0,0,0,0,0,0,0,0,0,0
160069,1,1,0,28,0,0,0,0,0,16,0,0
160070,1,1,11,7,9,6,0,0,15,14,27,10
160071,1,1,13,13,13,13,13,13,13,13,13,13
160071,2,1,0,0,2,0,0,0,0,0,0,0
160072,1,1,24,24,24,24,24,24,24,24,24,24
160073,1,1,0,0,0,27,0,0,0,0,0,26
160073,2,1,0,0,0,0,0,0,0,0,0,0
160074,1,1,25,25,25,25,25,25,25,25,25,25
160074,2,1,0,0,0,0,0,0,0,0,0,0
160075,1,1,0,0,0,0,0,0,0,0,0,0
160076,1,1,0,0,0,0,0,0,0,0,0,0
160076,2,1,0,6,0,21,0,0,0,0,0,0
160077,1,1,0,0,0,0,0,0,0,0,0,0
160077,2,1,0,0,0,0,0,0,0,0,0,0
160078,1,1,0,19,0,0,0,0,0,11,0,0
160079,1,1,0,0,0,0,0,0,0,0,0,0
160080,1,1,0,0,6,0,0,0,0,0,0,0
160081,1,1,0,0,0,0,0,0,0,0,0,0
160082,1,1,0,0,0,0,0,0,0,0,0,0
160083,1,1,0,0,0,0,0,0,0,0,0,0
160083,2,1,0,0,0,0,0,0,0,0,0,0
160084,0,1,17,0,0,0,0,8,0,0,26,0
160084,1,1,36,17,15,9,32,0,22,14,22,13
160085,1,1,0,0,0,0,0,0,0,0,0,0
160086,1,1,0,0,0,0,0,0,0,0,0,0
160086,2,1,0,0,0,0,0,0,0,0,0,0
160087,1,1,0,0,0,0,0,0,0,0,0,0
160088,1,1,22,20,12,0,12,0,0,18,12,3
160089,1,1,33,33,33,33,33,33,33,33,33,33
160090,1,1,0,0,0,0,0,0,0,0,0,0
160090,2,1,0,0,0,0,0,0,0,0,0,30
160091,1,1,27,27,27,27,27,27,27,27,27,27
160092,1,1,0,16,35,0,0,0,20,5,35,0
160093,1,1,21,21,21,21,21,21,21,21,21,21
160094,1,1,17,17,17,17,17,17,17,17,17,17
160095,1,1,18,18,18,18,18,18,18,18,18,18
160096,1,1,28,28,28,28,28,28,28,28,28,28
160097,1,1,29,29,29,29,29,29,29,29,29,29
160098,1,1,0,0,0,0,0,0,0,0,0,0
160099,1,1,0,0,0,0,0,0,0,0,0,0
160099,2,1,0,0,0,0,0,0,0,0,0,0
160100,1,1,0,0,0,0,0,0,0,0,0,0
160100,2,1,0,0,0,0,0,0,0,0,0,0
160100,3,1,0,0,0,0,0,0,0,0,0,0
160101,0,1,0,0,0,0,0,0,0,0,0,0
160101,1,1,0,0,0,0,0,0,0,0,0,0
160102,1,1,0,0,0,0,0,0,0,0,0,0
160102,2,1,0,0,0,0,10,0,8,0,0,0
160103,0,1,0,0,0,0,0,0,0,0,0,0
160103,0,2,0,0,0,0,0,0,0,0,36,0
160103,1,1,0,0,0,0,0,0,0,0,0,0
160104,1,1,16,16,16,16,16,16,16,16,16,16
160105,1,1,0,0,0,0,0,0,0,0,0,0
160106,0,1,0,0,0,0,0,0,0,0,0,0
160106,1,1,0,0,0,0,0,0,0,0,0,0
160107,1,1,26,26,26,26,26,26,26,26,26,26
160108,1,1,0,0,14,0,0,0,0,0,0,8
160109,1,1,9,9,9,9,9,9,9,9,9,9
160110,1,1,0,0,0,0,0,0,0,0,0,22
160111,1,1,0,0,0,0,0,0,0,0,0,0
160111,2,1,0,0,0,0,0,0,0,0,0,0
160112,1,1,0,0,0,0,0,0,0,0,0,0
160113,0,1,0,0,30,19,0,0,0,0,0,0
160113,0,2,0,0,0,0,0,0,0,0,0,0
160113,1,1,0,0,0,0,0,0,0,0,0,21
160114,1,1,7,11,20,0,12,0,0,0,10,0
160114,2,1,10,21,0,0,0,0,5,21,31,4
160115,1,1,0,0,0,0,0,0,0,0,0,0
160115,2,1,0,0,0,0,0,0,0,0,0,0
160116,1,1,27,27,27,27,27,27,27,27,27,27
160117,1,1,0,0,0,0,0,0,0,0,0,0
160118,1,1,0,0,0,0,0,0,0,0,0,0
160119,1,1,22,22,22,22,22,22,22,22,22,22
160120,1,1,0,0,0,0,0,0,0,16,0,0
160121,1,1,0,0,0,0,0,0,0,0,0,0
160122,1,1,0,0,0,0,0,0,0,0,0,0
160123,1,1,0,0,0,0,0,0,0,0,0,0
160124,1,1,0,0,0,0,0,0,0,0,0,0
160124,2,1,0,0,0,0,0,0,0,0,0,0
160125,1,1,0,0,0,0,0,0,0,0,0,0
160126,1,1,0,0,0,0,0,0,0,0,0,0
160126,2,1,0,0,0,0,0,0,0,0,0,0
160127,1,1,24,24,24,24,24,24,24,24,24,24
160128,1,1,0,0,0,0,0,0,0,0,0,0
160128,2,1,0,0,0,0,0,0,0,0,0,0
160129,0,1,0,0,0,0,0,0,0,0,0,0
160129,1,1,0,0,0,0,4,0,0,18,0,0
160130,1,1,0,0,0,0,0,0,0,0,0,0
160131,1,1,0,0,0,0,0,0,0,0,0,0
160131,2,1,0,0,0,0,24,0,0,31,0,0
160132,0,1,19,19,19,19,19,19,19,19,19,19
160132,1,1,16,22,0,0,0,0,0,0,0,0
160133,1,1,8,0,0,0,0,0,0,0,14,9