ST_CASE,VEH_NO,PER_NO,P1,P2,P3,P4,P5,P6,P7,P8,P9,P10
200217,2,1,0,0,0,0,0,0,0,0,0,0
200218,1,1,0,0,0,0,0,0,0,12,13,0
200218,2,1,0,0,0,0,0,0,0,0,0,0
200219,1,1,0,0,0,0,0,0,0,0,0,0
200219,2,1,0,0,0,0,0,0,0,0,0,0
200220,1,1,0,4,0,0,0,21,0,0,0,0
200221,1,1,0,20,0,0,0,0,0,0,0,0
200222,1,1,0,0,0,0,0,0,0,0,0,0
200222,2,1,0,0,0,0,0,0,0,0,0,0
200223,1,1,0,0,0,0,0,0,0,0,0,0
200223,2,1,0,0,0,0,0,0,0,0,0,0
200224,0,1,0,0,0,0,0,0,0,0,0,0
200224,1,1,0,0,0,0,0,0,0,0,0,0
200225,1,1,0,0,0,0,0,0,0,0,0,0
200225,2,1,22,0,0,0,0,0,0,0,0,0
200226,1,1,0,0,0,0,0,0,0,0,0,0
200226,2,1,0,0,0,0,0,11,0,0,0,0
200227,1,1,0,0,0,0,0,0,0,0,0,0
200227,2,1,0,0,0,0,0,0,0,0,0,0
200228,1,1,0,0,0,0,0,0,0,0,0,0
200229,1,1,0,11,0,0,0,0,12,0,0,0
200230,1,1,27,27,27,27,27,27,27,27,27,27
200230,2,1,0,0,0,0,0,0,0,0,0,0
200231,1,1,17,17,17,17,17,17,17,17,17,17
200232,1,1,0,0,0,0,0,0,0,0,0,0
200232,2,1,0,0,0,0,0,18,0,0,0,0
200233,1,1,0,0,5,0,0,0,0,0,0,0
200234,1,1,0,0,0,0,0,0,0,0,0,0
200234,2,1,0,0,0,0,21,0,0,0,0,0
200235,1,1,0,0,0,0,0,0,0,0,0,0
200235,2,1,0,0,0,0,0,0,0,0,0,0
200236,0,1,17,27,17,30,23,0,19,10,10,15
200236,1,1,0,0,0,0,0,0,0,0,22,0
200237,0,1,0,0,0,0,6,8,22,0,0,0
200237,1,1,0,0,0,0,0,0,0,0,0,0
200238,1,1,0,0,0,0,0,0,0,0,0,0
200238,2,1,0,0,0,0,0,0,0,0,0,0
200239,1,1,0,0,0,0,0,0,0,0,0,16
200239,2,1,10,0,0,0,0,0,10,0,0,0
200240,1,1,0,0,0,0,0,0,0,0,0,0
200241,1,1,0,0,0,0,0,0,0,0,0,0
200242,1,1,0,0,0,0,0,0,0,0,0,0
200242,2,1,0,0,0,0,0,0,0,0,0,0
200242,3,1,0,0,0,0,0,0,0,0,0,0
200243,1,1,0,16,0,0,0,0,0,0,0,0
200243,2,1,0,0,0,0,0,0,0,0,0,0
200244,1,1,0,0,0,9,0,0,0,0,13,0
200245,1,1,0,0,0,0,0,0,0,0,0,0
200245,2,1,0,0,0,0,0,0,0,0,0,0
200246,1,1,0,0,0,0,0,0,0,0,0,0
200246,2,1,0,0,0,0,0,0,0,0,0,0
200247,0,1,0,0,0,0,0,0,0,0,0,0
200247,1,1,0,0,0,0,0,0,0,0,0,0
200248,1,1,0,0,0,0,0,8,0,30,0,0
200249,1,1,0,0,0,0,0,0,0,0,0,0
200250,1,1,0,0,0,0,0,0,0,0,0,0
200250,2,1,0,0,0,0,0,0,0,0,0,0
200251,1,1,9,9,9,9,9,9,9,9,9,9
200252,1,1,0,0,0,0,0,0,0,0,0,0
200253,1,1,0,0,0,0,0,0,0,0,0,0
200253,2,1,0,0,0,0,0,0,0,0,0,0
200254,1,1,0,0,0,0,0,0,0,0,0,0
200254,2,1,0,0,0,0,0,0,0,0,0,0
200255,0,1,0,0,0,10,0,0,0,0,0,0
200255,1,1,0,0,0,0,0,0,0,0,0,0
200256,1,1,0,6,0,0,0,0,0,0,12,10
200257,1,1,0,0,0,0,0,0,0,0,0,0
200257,2,1,0,0,0,0,0,0,0,0,0,0
200258,1,1,0,0,0,0,0,0,0,0,0,0
200259,0,1,0,0,0,0,0,0,0,0,0,0
200259,1,1,0,0,0,0,0,0,0,0,0,0
200260,0,1,11,32,44,28,28,15,22,19,25,17
200260,1,1,25,0,0,0,0,0,0,0,11,0
200260,2,1,7,0,0,0,0,0,0,0,0,0
200261,1,1,0,0,0,17,0,0,0,0,0,19
200262,1,1,0,0,0,0,0,0,0,0,0,0
200263,1,1,0,0,0,0,0,0,0,0,0,0
200264,1,1,0,0,0,0,0,0,0,0,0,0
200265,1,1,0,8,0,0,0,0,0,0,0,0
200266,0,1,0,0,0,0,0,0,0,0,0,0
200266,1,1,10,10,23,17,10,14,0,16,5,0
200267,1,1,0,0,0,0,0,0,0,0,0,0
200268,1,1,17,17,17,17,17,17,17,17,17,17
200269,1,1,0,0,0,0,0,0,0,0,0,0
200270,1,1,12,12,12,12,12,12,12,12,12,12
200270,2,1,0,0,0,0,0,0,0,0,0,0
200271,1,1,0,0,0,0,0,0,0,0,0,0
200271,2,1,0,0,0,0,0,0,0,0,0,0
200272,0,1,0,0,0,0,0,0,0,0,0,0
200272,1,1,0,0,0,0,0,0,0,0,0,0
200273,1,1,0,0,0,0,0,0,0,0,6,0
200273,2,1,0,0,0,0,0,0,0,0,0,0
200274,1,1,14,14,14,14,14,14,14,14,14,14
200275,1,1,11,11,11,11,11,11,11,11,11,11
200275,2,1,0,0,0,0,0,0,0,0,0,0
200276,0,1,0,0,0,0,0,0,0,0,0,0
200276,1,1,0,0,0,0,0,0,0,0,0,0
200277,1,1,0,0,10,17,0,0,0,17,0,0
200278,1,1,12,12,12,12,12,12,12,12,12,12
200278,2,1,0,0,0,0,0,0,0,0,0,0
200279,1,1,0,0,0,0,0,0,0,0,0,0
200280,1,1,20,20,20,20,20,20,20,20,20,20
200281,1,1,0,0,0,0,0,0,0,22,0,0
200281,2,1,0,0,0,0,0,0,0,0,0,0
200282,1,1,20,20,20,20,20,20,20,20,20,20
200283,1,1,0,0,0,0,0,0,0,0,0,0
200284,1,1,0,0,0,0,0,0,0,0,0,0
200284,2,1,0,0,0,0,0,0,0,0,0,26
200285,1,1,25,25,25,25,25,25,25,25,25,25
200285,2,1,0,0,0,0,0,0,0,0,0,0
200286,1,1,0,0,0,0,0,0,0,0,0,0
200286,2,1,0,0,0,0,0,0,0,0,0,0
200287,1,1,0,0,0,0,0,0,0,0,0,0
200287,2,1,0,0,0,0,0,0,0,0,0,0
200288,1,1,0,0,0,0,0,0,0,0,0,0
200289,1,1,0,0,0,0,0,0,0,0,0,0
200289,2,1,0,0,0,0,0,0,0,0,0,0
200290,1,1,25,25,25,25,25,25,25,25,25,25
200290,2,1,0,20,0,0,12,0,0,0,0,0
200291,1,1,0,0,0,0,0,0,0,0,0,0
200291,2,1,0,0,0,0,0,0,0,0,0,0
200292,1,1,22,22,22,22,22,22,22,22,22,22
200292,2,1,0,0,0,0,0,0,0,0,0,0
200293,1,1,0,0,0,0,0,0,0,0,0,0
200293,2,1,0,0,0,0,0,0,0,0,0,0
200294,1,1,0,0,0,0,0,0,0,0,0,0
200295,1,1,0,0,0,0,0,0,0,0,0,0
200296,1,1,27,27,27,27,27,27,27,27,27,27
200297,1,1,26,26,26,26,26,26,26,26,26,26
200298,1,1,0,0,0,0,0,0,0,0,0,0
200299,0,1,35,0,0,0,0,0,0,0,0,0
200299,1,1,0,0,0,0,0,0,0,0,0,0
200300,1,1,0,0,0,0,0,0,0,0,0,0
200300,2,1,0,0,0,0,0,0,0,0,0,0
200301,1,1,0,0,0,0,0,0,17,0,0,0
200302,1,1,0,0,0,0,0,0,0,0,0,0
200303,1,1,0,0,0,45,41,0,9,0,27,17
200304,0,1,0,0,0,0,0,0,0,0,0,0
200304,1,1,0,0,0,0,0,0,0,0,0,0
200305,1,1,0,0,0,0,0,0,0,0,0,0
200306,1,1,0,0,0,0,0,0,0,0,0,0
200306,2,1,0,0,0,0,0,0,0,0,0,0
200307,1,1,0,0,0,0,0,0,0,0,0,0
200307,2,1,0,0,0,0,0,0,0,0,0,0
200308,0,1,15,15,15,15,15,15,15,15,15,15
200308,1,1,0,0,0,0,0,0,0,0,0,0
200309,0,1,0,0,13,0,0,0,0,0,17,0
200309,1,1,0,0,0,0,0,0,0,0,8,0
200310,1,1,0,0,0,0,0,0,0,0,0,0
200310,2,1,0,0,0,0,0,0,0,0,0,0
200311,1,1,2,0,10,0,0,16,0,0,0,0
200311,2,1,5,0,0,0,0,0,0,0,0,0
200312,0,1,10,34,0,0,0,0,0,0,0,0
200312,1,1,0,0,0,0,0,0,0,0,0,0
200313,1,1,0,0,0,0,0,20,0,0,0,0
200314,1,1,0,0,6,0,0,0,0,0,0,0
200314,2,1,0,0,0,0,0,0,0,0,0,0
200315,1,1,24,24,24,24,24,24,24,24,24,24
200316,1,1,0,0,0,0,0,0,0,0,20,0
200318,0,1,24,23,18,31,10,28,15,0,0,29
200318,1,1,0,0,0,0,0,0,0,0,0,0
200320,1,1,0,0,0,0,0,0,0,0,0,0
200321,1,1,9,9,9,9,9,9,9,9,9,9
200322,1,1,29,29,29,29,29,29,29,29,29,29
200323,1,1,17,17,17,17,17,17,17,17,17,17
200324,1,1,16,16,16,16,16,16,16,16,16,16
200324,2,1,0,0,0,0,15,0,0,0,0,0
200325,1,1,0,0,0,0,0,0,0,0,0,0
200326,1,1,0,0,0,0,0,0,0,0,0,0
200326,2,1,0,0,0,0,0,0,0,0,0,0
200327,1,1,0,0,0,0,0,0,0,19,0,0
200327,2,1,0,0,0,0,0,0,0,0,0,0
200328,1,1,0,0,0,0,0,0,0,0,0,0
200328,2,1,0,0,0,0,0,0,0,0,0,0
200329,1,1,18,0,0,0,0,0,0,0,0,0
200329,2,1,0,0,0,0,0,0,0,0,0,0
200330,0,1,0,0,0,0,0,0,0,0,0,16
200330,1,1,0,0,20,0,7,0,0,0,0,0
200331,1,1,0,0,0,0,0,0,0,0,0,0
200331,2,1,0,0,0,0,0,0,0,18,0,0
200332,1,1,0,0,0,0,0,17,8,0,0,0
200333,1,1,0,0,0,0,0,0,0,0,0,0
200333,2,1,16,16,16,16,16,16,16,16,16,16
200334,1,1,0,0,20,25,15,0,0,0,0,0
200334,2,1,0,0,15,0,0,0,0,0,0,0
200335,1,1,16,28,8,13,39,7,15,36,27,11
200336,1,1,21,21,21,21,21,21,21,21,21,21
200337,1,1,0,0,0,0,0,0,0,0,0,0
200337,2,1,0,0,0,0,0,0,0,0,0,0
200338,1,1,0,3,0,0,0,0,0,0,0,0
200338,2,1,0,0,0,0,0,0,0,0,0,0
200339,1,1,0,0,0,0,0,0,0,0,0,0
200340,1,1,22,31,16,25,20,45,19,19,0,26
200341,1,1,18,18,18,18,18,18,18,18,18,18
200342,1,1,0,0,0,22,0,0,0,0,0,16
200343,1,1,0,0,0,0,0,0,0,0,0,0
200344,1,1,0,0,0,0,0,0,0,0,0,0
200345,0,1,19,19,19,19,19,19,19,19,19,19
200345,1,1,0,0,0,0,0,0,0,0,0,0
200346,1,1,0,0,0,0,0,0,0,0,0,0
200347,1,1,0,0,0,0,0,0,0,0,0,0
200347,2,1,0,0,0,0,0,0,0,0,0,0
200348,0,1,17,9,20,0,0,0,3,8,22,0
200348,1,1,0,0,0,0,0,0,0,0,0,0
200349,1,1,0,0,0,0,10,0,0,0,0,0
200350,1,1,18,5,0,18,20,30,34,11,0,0
200351,1,1,0,0,0,0,0,0,0,0,0,0
200352,1,1,0,0,0,0,0,0,0,0,0,0
200352,2,1,0,0,0,0,0,0,0,0,0,0
200353,1,1,0,0,0,0,0,0,0,0,0,0
200353,2,1,0,0,0,0,0,0,0,0,0,0
200354,1,1,0,0,0,0,0,0,15,0,35,0
200355,1,1,26,26,26,26,26,26,26,26,26,26
200356,1,1,0,0,0,0,0,0,0,0,0,0
200356,2,1,0,0,0,0,0,0,0,0,0,0
200357,1,1,0,0,0,0,0,0,0,0,0,0
200357,2,1,0,10,0,0,0,0,0,16,0,0
200358,0,1,9,9,9,9,9,9,9,9,9,9
200358,1,1,0,6,10,0,0,32,0,23,0,0
200359,1,1,0,0,0,0,0,0,0,0,0,0
200359,2,1,0,0,0,0,0,0,0,0,0,0
200360,1,1,0,0,0,0,0,0,0,0,0,0
200360,2,1,0,0,0,0,0,0,0,0,0,0
200361,1,1,0,0,0,0,0,0,0,0,0,0
200361,2,1,0,0,0,0,0,0,0,21,0,0
200362,0,1,7,0,0,15,0,0,0,37,0,0
200362,1,1,0,0,0,0,0,0,0,0,0,0
200363,1,1,0,0,18,0,0,0,0,0,0,0
200364,0,1,0,0,0,0,0,0,0,0,0,0
200364,2,1,0,0,0,0,0,0,0,0,0,0
200365,1,1,0,29,0,0,21,0,0,34,0,0
200366,1,1,0,0,0,0,0,0,0,0,0,0
200367,0,1,0,0,0,0,0,27,0,0,0,0
200367,0,2,0,0,0,0,0,0,0,0,0,0
200367,1,1,0,20,0,0,0,0,7,0,20,0
200368,1,1,0,0,0,0,0,0,0,0,0,0
200368,2,1,0,0,0,0,0,0,0,0,0,0
200368,3,1,0,0,0,0,0,0,0,0,0,0
200369,1,1,0,0,0,0,0,0,0,0,0,0
200369,2,1,0,0,0,0,0,0,0,16,0,0
200370,0,1,0,0,0,0,0,0,0,0,0,0
200370,1,1,0,0,0,0,0,0,0,0,0,0
200371,1,1,0,0,0,0,0,0,0,0,0,0
200371,2,1,0,0,0,0,0,0,0,0,0,0
200372,1,1,0,0,0,0,0,0,0,0,0,0
200372,2,1,0,0,0,0,0,0,0,0,0,0
200373,1,1,0,0,0,0,0,0,14,0,0,0
200374,1,1,24,24,24,24,24,24,24,24,24,24
200375,1,1,0,0,0,0,0,0,0,0,0,0
200376,1,1,9,9,9,9,9,9,9,9,9,9
200376,2,1,0,0,0,0,0,0,0,0,0,0
200376,3,1,0,0,0,0,0,0,0,0,0,0
200377,1,1,0,0,0,0,0,0,30,0,0,0
200378,1,1,20,20,20,20,20,20,20,20,20,20
200379,1,1,22,9,9,9,29,5,13,0,9,0
200379,2,1,0,22,0,0,21,0,0,0,0,0
200379,3,1,0,0,0,0,0,0,0,0,0,0
200380,1,1,0,0,0,0,0,0,0,0,0,0
200381,1,1,0,0,0,0,0,0,0,0,0,0
200382,1,1,0,0,0,0,0,0,0,0,0,0
200383,1,1,0,18,0,0,0,0,0,0,0,0
200384,1,1,0,0,0,0,0,0,0,0,0,0
200384,2,1,0,0,0,0,0,0,0,0,0,0
200385,1,1,0,0,0,0,0,0,0,0,0,0
200385,2,1,0,0,0,0,0,0,19,0,0,0
210001,1,1,18,18,18,18,18,18,18,18,18,18
210001,2,1,0,0,0,0,0,0,0,0,0,0
210002,1,1,0,0,0,0,0,0,0,0,0,0
210002,2,1,0,0,0,0,0,0,0,0,0,0
210003,1,1,0,0,0,0,0,0,0,0,0,0
210004,0,1,0,0,0,0,0,0,0,0,0,0
210004,1,1,0,0,0,0,0,0,0,0,0,0
210005,0,1,22,22,22,22,22,22,22,22,22,22
210005,1,1,0,0,0,0,0,0,0,0,0,0
210006,1,1,0,0,0,0,0,0,0,0,0,0
210006,2,1,0,0,0,0,0,0,28,0,0,0
210007,1,1,0,0,0,0,0,0,0,0,0,0
210007,2,1,0,0,0,0,0,0,0,0,0,0
210008,1,1,0,0,0,0,0,0,0,0,0,0
210009,1,1,0,0,0,0,0,0,0,0,0,0
210010,1,1,0,0,0,25,0,11,0,0,0,0
210010,2,1,0,0,0,0,0,0,0,0,0,0
210011,1,1,0,0,0,0,0,0,0,0,0,0
210012,1,1,0,0,0,0,0,0,0,0,0,0
210013,1,1,0,0,0,0,0,0,0,0,0,0
210013,2,1,0,0,0,0,0,0,0,0,0,0
210014,1,1,0,0,0,0,0,0,0,0,0,0
210015,1,1,29,29,29,29,29,29,29,29,29,29
210015,2,1,0,0,0,0,0,0,0,0,0,0
210016,1,1,0,0,0,0,0,0,0,0,0,0
210017,0,1,30,30,30,30,30,30,30,30,30,30
210017,1,1,0,0,0,0,0,0,0,0,0,0
210018,1,1,0,0,0,0,0,0,0,0,0,0
210018,2,1,0,0,0,0,0,0,0,0,0,0
210018,3,1,0,0,0,0,0,0,0,0,0,0
210019,1,1,0,0,0,0,0,0,0,0,0,0
210019,2,1,0,0,0,0,0,0,0,0,0,0
210020,1,1,0,0,0,0,0,0,0,0,0,0
210021,1,1,18,18,18,18,18,18,18,18,18,18
210022,1,1,16,16,16,16,16,16,16,16,16,16
210023,1,1,20,20,20,20,20,20,20,20,20,20
210024,1,1,0,0,0,0,0,0,0,0,0,0
210025,1,1,0,0,0,0,0,0,0,0,0,0
210025,2,1,0,0,0,0,0,0,0,0,0,0
210026,1,1,0,0,0,0,0,0,0,0,0,0
210027,1,1,41,18,5,14,19,22,13,14,4,14
210028,1,1,0,0,0,0,0,0,0,0,0,0
210028,2,1,5,5,5,5,5,5,5,5,5,5
210029,1,1,0,0,0,0,0,0,0,0,0,0
210030,0,1,17,20,29,23,15,19,30,25,15,12
210030,1,1,0,0,0,0,0,0,0,0,0,0
210031,0,1,0,0,0,0,0,0,0,0,0,0
210031,1,1,0,0,0,0,0,0,0,0,0,0
210032,1,1,0,0,0,0,0,0,0,0,0,0
210033,1,1,0,0,0,0,0,0,23,0,0,0
210034,1,1,26,26,26,26,26,26,26,26,26,26
210035,1,1,26,26,26,26,26,26,26,26,26,26
210036,1,1,13,13,13,13,13,13,13,13,13,13
210037,0,1,20,20,20,20,20,20,20,20,20,20
210037,1,1,0,2,0,0,13,0,0,0,0,0
210038,1,1,0,0,0,0,0,0,0,0,0,0
210039,1,1,0,0,0,0,0,0,0,0,0,0
210040,1,1,0,0,0,0,0,0,0,0,0,0
210040,2,1,0,0,0,10,0,0,0,0,0,0
210041,1,1,0,0,0,0,0,0,0,0,0,0
210041,2,1,0,0,0,0,0,0,0,0,0,0
210042,1,1,9,9,9,9,9,9,9,9,9,9
210043,1,1,0,0,0,0,0,0,0,0,0,0
210044,0,1,0,0,20,0,0,12,0,0,6,0
210044,1,1,0,0,0,0,0,0,0,0,0,23
210045,1,1,17,17,17,17,17,17,17,17,17,17
210046,1,1,0,0,2,0,0,0,0,0,0,0
210047,1,1,0,0,0,0,0,0,0,0,0,0
210048,1,1,0,0,0,0,0,0,0,0,0,0
210049,0,1,0,0,0,0,0,0,0,0,0,0
210049,1,1,17,17,17,17,17,17,17,17,17,17
210050,1,1,0,0,0,0,0,0,0,0,0,0
210051,1,1,0,0,0,0,0,0,0,0,0,0
210051,2,1,0,0,0,0,0,0,0,0,0,0
210052,0,1,0,0,0,0,0,0,0,0,0,0
210052,1,1,0,0,0,0,0,0,0,0,0,0
210053,1,1,0,0,0,0,0,0,0,0,0,0
210053,2,1,0,0,0,0,0,0,0,0,0,0
210054,1,1,7,19,19,12,16,0,0,17,18,25
210054,2,1,0,0,0,0,0,0,0,0,0,0
210055,1,1,0,23,0,0,0,0,0,0,0,0
210055,2,1,0,0,34,0,13,0,0,0,18,0
210055,3,1,0,0,0,0,0,0,0,0,0,0
210056,0,1,0,0,0,0,0,0,0,0,0,0
210056,1,1,0,0,0,0,0,0,0,0,0,0
210057,1,1,0,0,0,0,0,0,0,0,0,0
210057,2,1,0,0,0,0,0,0,0,0,0,0
210058,0,1,15,14,25,17,7,23,11,29,7,5
210058,1,1,0,0,0,0,0,0,0,0,0,0
210059,1,1,0,0,0,0,0,0,0,0,0,0
210059,2,1,0,0,0,0,0,0,0,0,0,0
210060,1,1,19,19,19,19,19,19,19,19,19,19
210060,2,1,0,0,0,0,0,0,0,0,0,0
210060,3,1,0,0,0,0,0,0,0,0,0,0
210060,4,1,0,0,0,0,0,0,0,0,0,0
210061,1,1,0,0,0,0,0,0,0,0,0,0
210062,1,1,0,0,0,0,0,0,0,0,0,0
210062,2,1,0,0,0,0,0,0,0,0,0,0
210063,0,1,4,4,4,4,4,4,4,4,4,4
210063,1,1,0,0,0,0,0,0,0,0,0,0
210064,1,1,0,0,0,0,0,0,0,0,0,0
210065,1,1,0,0,0,0,0,0,0,0,0,0
210065,2,1,0,0,0,0,0,0,0,0,0,0
210066,1,1,0,0,0,0,0,0,0,0,0,0
210066,2,1,0,0,0,0,0,0,0,0,0,0
210067,1,1,14,14,14,14,14,14,14,14,14,14
210067,2,1,14,14,14,14,14,14,14,14,14,14
210068,1,1,0,0,0,0,0,0,0,0,0,0
210068,2,1,0,0,0,0,0,0,0,0,0,0
210069,1,1,0,0,0,0,0,0,0,0,0,0
210070,1,1,0,0,0,0,0,0,0,0,0,0
210070,2,1,0,0,0,0,0,0,0,0,0,0
210071,1,1,0,0,0,0,0,0,0,0,0,0
210071,2,1,0,0,0,0,0,0,0,0,0,0
210072,1,1,20,20,20,20,20,20,20,20,20,20
210073,1,1,0,0,0,0,0,0,0,0,0,0
210074,1,1,20,20,20,20,20,20,20,20,20,20
210075,1,1,20,20,20,20,20,20,20,20,20,20
210075,2,1,0,0,0,0,0,0,0,0,0,0
210076,1,1,17,17,17,17,17,17,17,17,17,17
210077,1,1,0,0,0,0,0,0,0,0,0,0
210078,1,1,0,0,0,0,0,0,0,0,0,0
210078,2,1,0,0,0,0,0,0,0,0,0,0
210079,1,1,0,0,0,0,0,0,0,0,0,0
210080,1,1,13,13,13,13,13,13,13,13,13,13
210081,1,1,0,0,0,0,0,0,0,0,0,0
210081,2,1,0,0,0,0,0,0,0,0,0,0
210082,1,1,0,0,0,0,0,0,0,0,0,0
210082,2,1,0,0,0,0,0,0,0,0,0,0
210083,1,1,0,0,0,0,0,0,0,0,0,0
210083,2,1,0,0,0,0,0,0,0,0,0,0
210084,1,1,6,6,6,6,6,6,6,6,6,6
210084,2,1,0,0,34,0,0,0,0,0,0,0
210084,3,1,0,0,0,0,0,0,0,0,0,0
210085,1,1,0,0,0,0,0,0,0,0,0,0
210085,2,1,0,9,0,0,0,0,0,0,0,0
210086,0,1,0,0,0,0,0,0,0,0,0,0
210086,1,1,0,0,0,0,0,0,0,0,0,0
210087,1,1,0,0,0,0,0,0,0,0,0,0
210088,1,1,13,24,19,18,14,4,26,5,9,9
210089,0,1,0,0,0,0,0,0,0,0,0,0
210089,1,1,0,0,0,0,0,0,0,0,0,0
210090,1,1,0,0,0,0,0,0,0,0,0,7
210090,2,1,0,0,0,0,0,0,0,0,0,0
210091,1,1,20,0,0,0,0,0,0,0,0,0
210092,1,1,8,8,8,8,8,8,8,8,8,8
210093,1,1,0,0,0,0,0,0,0,0,0,0
210094,1,1,0,0,0,0,0,0,0,0,0,0
210094,2,1,0,0,0,0,0,0,0,0,0,0
210095,1,1,0,0,0,0,0,0,0,0,0,0
210096,1,1,10,10,10,10,10,10,10,10,10,10
210097,1,1,13,13,13,13,13,13,13,13,13,13
210098,1,1,10,6,3,13,17,21,13,29,27,20
210099,1,1,18,18,18,18,18,18,18,18,18,18
210100,1,1,0,0,0,0,0,0,0,0,0,0
210100,2,1,0,0,0,0,0,0,0,0,0,0
210101,1,1,0,0,0,2,0,2,0,0,0,0
210102,1,1,9,9,9,9,9,9,9,9,9,9
210103,1,1,0,0,0,0,0,0,0,0,0,0
210104,1,1,0,0,0,0,0,0,0,0,0,0
210104,2,1,0,0,0,0,0,0,0,0,0,0
210105,1,1,0,0,0,0,0,9,0,0,0,11
210106,1,1,33,8,12,28,23,7,16,11,26,28
210106,2,1,0,0,0,0,0,0,0,0,0,0
210107,0,1,0,0,0,0,0,0,0,0,0,0
210107,1,1,0,0,0,0,0,0,0,0,0,0
210108,1,1,0,0,0,0,0,0,0,0,0,0
210108,2,1,0,0,0,0,0,0,0,0,0,0
210109,1,1,0,0,0,0,0,0,0,0,0,0
210110,1,1,16,16,16,16,16,16,16,16,16,16
210110,2,1,0,0,0,0,0,0,0,0,0,0
210111,1,1,0,0,0,0,0,0,0,0,0,0
210112,1,1,0,0,0,0,0,0,0,0,0,0
210112,2,1,0,0,0,0,0,0,0,0,0,0
210113,1,1,17,17,17,17,17,17,17,17,17,17
210114,1,1,0,0,0,0,0,0,0,0,0,0
210114,2,1,0,0,0,0,0,0,0,0,0,0
210115,1,1,0,0,0,0,0,0,0,0,0,0
210115,2,1,0,0,0,0,0,0,0,0,0,0
210116,1,1,0,0,0,0,0,0,0,0,0,0
210116,2,1,0,0,0,0,0,0,0,0,0,0
210116,3,1,17,0,0,0,0,0,0,0,0,0
210117,1,1,0,0,0,0,0,0,0,0,0,0
210118,1,1,0,0,0,0,0,0,0,0,0,0
210118,2,1,0,0,0,0,0,0,0,0,0,0
210119,1,1,20,0,0,0,0,0,0,0,0,0
210119,2,1,9,0,0,0,0,0,0,0,21,0
210119,3,1,0,0,0,0,0,0,0,8,0,0
210119,4,1,0,0,0,0,0,0,0,0,0,0
210119,5,1,0,0,0,0,0,0,0,0,0,0
210120,1,1,0,0,0,0,0,0,0,0,0,0
210120,2,1,0,0,0,0,0,0,0,0,0,0
210121,1,1,0,0,0,0,0,0,0,0,0,0
210121,2,1,0,0,0,0,0,0,0,0,0,0
210122,1,1,0,0,0,0,0,0,0,0,0,0
210123,1,1,0,0,0,0,0,0,0,0,0,0
210123,2,1,0,0,0,0,0,0,0,0,0,0
210123,3,1,0,0,0,0,0,0,0,0,0,0
210124,1,1,15,15,15,15,15,15,15,15,15,15
210125,1,1,20,30,10,33,5,20,26,4,27,18
210126,1,1,17,25,24,8,20,38,21,35,11,15
210127,1,1,0,0,0,0,0,0,0,0,0,0
210128,1,1,0,0,0,0,0,0,0,0,0,0
210128,2,1,0,0,0,0,0,0,0,0,0,0
210129,1,1,0,0,0,0,0,0,0,0,0,0
210129,2,1,0,0,0,0,0,0,0,0,0,0
210130,0,1,0,0,0,0,0,0,0,0,0,0
210130,1,1,0,0,0,0,0,0,0,0,0,0
210131,1,1,0,13,0,0,0,0,0,0,0,0
210132,1,1,0,0,0,0,0,0,25,0,0,0
210133,1,1,17,17,17,17,17,17,17,17,17,17
210134,1,1,0,0,0,0,0,0,0,0,0,0
210135,1,1,0,0,0,0,0,0,0,0,0,0
210136,0,1,0,0,0,0,0,0,0,0,0,0
210136,1,1,0,0,0,0,0,0,0,0,0,0
210137,1,1,0,10,7,0,0,0,0,0,0,0
210137,2,1,0,14,0,0,0,0,0,0,0,0
210138,1,1,0,0,0,0,0,0,0,0,0,0
210138,2,1,0,0,0,0,0,0,0,0,0,0
210138,3,1,0,0,0,0,0,0,0,0,0,0
210138,4,1,0,0,0,0,0,0,0,0,0,0
210139,1,1,0,0,0,0,0,0,0,0,0,0
210140,1,1,0,0,0,0,0,0,0,0,0,0
210140,2,1,0,0,0,0,0,0,0,0,0,0
210141,1,1,20,20,20,20,20,20,20,20,20,20
210142,1,1,0,0,0,0,0,0,0,0,0,0
210143,1,1,0,0,0,0,0,0,0,0,0,0
210144,1,1,17,17,17,17,17,17,17,17,17,17
210145,1,1,0,0,0,0,0,0,0,0,0,0
210146,1,1,0,0,0,0,0,0,0,0,0,0
210147,1,1,23,23,23,23,23,23,23,23,23,23
210148,1,1,0,0,0,0,0,0,0,0,0,0
210149,1,1,0,0,0,0,0,0,0,0,0,0
210149,2,1,0,0,0,0,0,0,0,0,0,0
210150,1,1,0,0,0,0,0,0,0,0,0,0
210150,2,1,0,0,0,0,0,0,0,0,0,0
210151,1,1,0,0,0,0,0,0,0,0,0,0
210151,2,1,0,0,0,0,0,0,0,0,0,0
210152,1,1,0,0,0,0,0,0,0,0,0,0
210152,2,1,0,0,0,0,0,0,0,0,0,0
210153,1,1,0,0,0,0,0,0,0,0,0,0
210153,2,1,0,0,0,0,0,0,0,0,0,0
210154,0,1,0,10,8,0,0,16,0,8,0,0
210154,1,1,0,0,0,0,0,18,0,0,0,0
210155,1,1,20,20,20,20,20,20,20,20,20,20
210156,1,1,0,0,0,0,0,0,0,0,0,0
210156,2,1,0,0,0,0,0,0,0,0,0,0
210156,3,1,0,0,0,27,8,0,0,0,0,0
210157,0,1,26,26,26,26,26,26,26,26,26,26
210157,1,1,0,0,0,0,0,0,0,0,0,0
210158,1,1,0,0,0,0,0,0,0,20,0,0
210158,2,1,0,0,0,0,0,0,0,0,0,0
210159,0,1,0,0,0,0,0,0,0,0,0,0