ST_CASE,VEH_NO,PER_NO,P1,P2,P3,P4,P5,P6,P7,P8,P9,P10
210476,1,1,0,0,0,0,0,0,0,0,0,0
210476,2,1,0,0,0,0,0,0,0,0,0,0
210477,0,1,0,0,0,0,0,0,0,0,0,0
210477,1,1,0,0,0,0,0,0,0,0,0,0
210478,1,1,0,0,0,0,0,0,0,0,0,0
210478,2,1,3,3,3,3,3,3,3,3,3,3
210479,0,1,36,0,0,0,0,0,16,13,0,0
210479,1,1,0,0,0,0,0,0,0,0,0,0
210480,1,1,0,0,0,0,0,0,0,0,0,0
210481,1,1,20,20,20,20,20,20,20,20,20,20
210482,1,1,0,0,0,0,0,0,0,0,0,0
210482,2,1,0,0,0,0,0,0,0,0,0,0
210483,1,1,0,0,0,0,0,0,0,0,0,0
210483,2,1,0,0,0,0,0,0,0,0,0,0
210484,1,1,3,3,3,3,3,3,3,3,3,3
210485,1,1,21,21,21,21,21,21,21,21,21,21
210485,2,1,0,0,2,0,0,15,0,0,0,0
210486,1,1,0,0,0,0,0,0,0,0,0,0
210486,2,1,0,0,0,0,0,0,0,0,0,0
210487,1,1,0,0,0,0,0,0,0,0,0,0
210487,2,1,0,0,0,0,0,0,0,0,0,0
210488,1,1,0,0,0,0,0,0,0,0,0,0
210488,2,1,0,0,0,0,0,0,0,0,0,0
210489,1,1,0,0,0,0,0,0,0,0,0,0
210489,2,1,0,0,0,0,0,0,0,0,0,0
210490,1,1,0,0,0,0,0,0,0,0,0,0
210491,0,1,36,36,36,36,36,36,36,36,36,36
210491,1,1,0,0,0,0,0,0,0,0,0,0
210492,1,1,0,0,0,0,0,0,0,0,0,0
210493,1,1,0,0,0,0,0,0,0,0,0,0
210493,2,1,0,0,0,0,0,0,0,0,0,0
210494,1,1,0,0,0,0,0,0,0,0,0,0
210494,2,1,0,0,0,0,0,0,0,0,0,0
210495,0,1,0,0,0,0,0,0,0,0,0,0
210495,1,1,0,0,0,0,0,0,0,0,0,0
210496,1,1,10,31,21,29,4,16,21,10,0,0
210497,1,1,0,0,0,0,0,0,0,0,0,0
210497,2,1,0,0,0,0,0,0,0,0,0,0
210497,3,1,0,0,0,0,0,0,0,0,0,0
210498,0,1,0,0,0,0,0,0,0,0,0,0
210498,1,1,9,9,9,9,9,9,9,9,9,9
210499,1,1,0,5,0,0,25,43,16,0,22,13
210500,1,1,18,18,18,18,18,18,18,18,18,18
210501,1,1,0,0,0,0,0,0,0,0,0,0
210501,2,1,0,0,0,26,0,0,0,0,0,0
210502,1,1,0,0,0,0,0,0,0,0,0,0
210502,2,1,0,0,0,0,0,0,0,0,0,0
210503,1,1,0,0,0,0,0,0,0,0,0,0
210504,1,1,0,0,0,0,0,0,0,0,0,0
210504,2,1,0,0,0,0,0,0,0,0,0,0
210505,1,1,0,0,0,0,0,0,0,0,0,0
210505,2,1,0,0,0,0,0,0,0,0,0,0
210506,0,1,0,0,0,0,0,0,0,0,0,0
210506,1,1,0,0,12,0,0,0,0,0,0,0
210507,1,1,0,0,0,0,0,0,0,0,0,0
210507,2,1,18,0,0,0,0,0,0,0,0,0
210508,1,1,0,0,0,0,0,0,0,14,0,0
210508,2,1,0,0,0,0,0,0,0,0,0,0
210509,1,1,21,21,21,21,21,21,21,21,21,21
210510,1,1,0,0,0,0,0,0,0,0,0,0
210510,2,1,4,4,4,4,4,4,4,4,4,4
210510,3,1,0,0,0,0,0,0,0,0,0,0
210511,1,1,0,0,0,0,0,0,0,0,0,0
210511,2,1,0,0,0,0,0,0,0,0,0,0
210512,0,1,0,17,0,0,0,0,0,0,0,0
210512,1,1,0,0,0,0,0,0,0,0,0,0
210513,1,1,0,0,0,0,0,0,0,0,0,0
210514,1,1,0,0,0,0,0,0,0,0,0,0
210515,0,1,0,0,0,0,0,0,0,0,0,0
210515,1,1,0,0,0,0,0,12,0,0,0,0
210516,1,1,0,0,0,0,0,0,0,0,0,0
210516,2,1,0,0,0,0,0,0,0,0,0,0
210517,1,1,0,0,0,0,0,0,0,0,0,0
210517,2,1,0,0,0,34,0,0,0,0,0,0
210518,1,1,0,0,0,0,0,0,0,0,0,0
210518,2,1,0,0,0,0,0,0,0,0,0,28
210518,3,1,0,0,0,0,0,19,0,0,0,0
210519,1,1,25,25,25,25,25,25,25,25,25,25
210520,1,1,0,0,0,0,0,17,0,0,0,0
210520,2,1,0,0,0,0,0,0,0,0,0,0
210521,1,1,12,12,12,12,12,12,12,12,12,12
210522,1,1,3,3,3,3,3,3,3,3,3,3
210523,0,1,0,0,0,0,0,0,0,0,0,0
210523,1,1,10,8,0,0,0,9,8,12,2,25
210524,1,1,0,0,0,0,0,0,0,0,0,0
210524,2,1,0,0,0,0,0,0,0,0,0,0
210524,3,1,0,0,33,0,0,0,0,0,0,0
210525,1,1,0,31,0,0,14,0,4,0,0,0
210526,1,1,0,0,0,0,0,0,0,0,0,0
210526,2,1,0,0,0,0,0,0,0,0,0,0
210527,0,1,0,0,0,0,0,0,0,0,0,0
210527,1,1,0,0,0,0,0,0,0,0,0,0
210528,1,1,0,0,0,0,0,0,0,0,0,0
210529,1,1,0,0,0,0,0,0,0,0,0,0
210530,1,1,0,0,0,0,0,0,0,0,0,0
210530,2,1,0,0,0,0,0,0,0,0,0,0
210531,1,1,19,19,19,19,19,19,19,19,19,19
210532,1,1,0,0,0,0,0,0,0,0,0,0
210533,1,1,0,0,0,0,0,0,0,0,0,0
210533,2,1,0,0,0,0,0,0,0,0,0,0
210534,1,1,0,0,0,0,0,0,0,0,0,0
210535,1,1,15,15,15,15,15,15,15,15,15,15
210536,1,1,0,0,0,0,0,0,0,0,0,0
210537,0,1,0,0,0,0,0,0,0,0,0,0
210537,1,1,0,0,0,0,0,0,0,0,0,0
210538,1,1,0,0,0,0,0,14,0,0,0,0
210538,2,1,0,0,0,0,0,0,0,0,0,0
210539,1,1,27,0,10,0,0,0,7,0,0,0
210540,1,1,0,0,0,0,0,0,0,0,0,0
210541,1,1,21,0,0,0,0,0,0,0,0,0
210541,2,1,0,0,0,0,0,0,0,0,0,0
210542,1,1,0,0,0,0,0,0,0,0,0,0
210543,1,1,0,6,0,0,0,0,0,0,0,0
210543,2,1,0,0,0,0,0,0,0,0,0,0
210543,3,1,0,0,0,0,0,0,0,0,0,0
210544,1,1,0,0,0,0,0,0,0,0,0,0
210544,2,1,0,0,0,0,0,0,0,0,0,0
210545,1,1,0,0,0,0,0,0,0,0,18,0
210546,1,1,0,0,0,0,0,0,0,0,0,0
210546,2,1,0,0,0,0,0,0,0,0,0,0
210546,3,1,0,0,0,0,0,0,0,0,0,0
210547,1,1,0,0,0,0,12,0,0,16,0,0
210548,1,1,0,0,0,0,0,0,0,0,0,0
210548,2,1,7,9,36,4,22,9,9,41,24,9
210549,0,1,28,19,35,31,6,3,17,28,23,12
210549,1,1,0,0,0,0,0,0,0,0,0,0
210550,1,1,18,18,18,18,18,18,18,18,18,18
210551,1,1,25,25,25,25,25,25,25,25,25,25
210551,2,1,0,0,0,0,0,0,0,0,0,0
210552,1,1,0,0,0,0,0,0,0,0,0,0
210553,1,1,0,0,0,0,0,0,0,0,0,0
210554,1,1,0,0,0,0,0,0,0,0,0,0
210555,1,1,0,18,17,0,0,9,0,0,11,0
210556,1,1,0,0,0,0,0,0,0,0,0,0
210556,2,1,0,0,0,0,0,0,0,0,0,0
210557,1,1,14,14,14,14,14,14,14,14,14,14
210557,2,1,0,0,0,0,0,0,0,0,0,0
210558,0,1,0,0,0,0,0,0,0,0,0,0
210558,1,1,0,0,0,0,0,0,0,0,0,0
210559,1,1,0,0,0,0,0,0,0,0,0,0
210560,0,1,16,16,16,16,16,16,16,16,16,16
210560,1,1,0,2,20,32,0,0,14,0,28,3
210561,1,1,0,0,0,0,0,0,0,0,0,0
210561,2,1,0,0,0,0,0,0,0,0,0,13
210562,1,1,0,0,0,0,0,0,0,0,0,0
210562,2,1,0,0,0,0,0,0,0,0,0,0
210563,0,1,7,7,7,7,7,7,7,7,7,7
210563,1,1,0,0,0,0,0,0,0,0,0,0
210564,1,1,0,0,0,0,0,0,0,0,0,0
210565,1,1,0,0,0,0,0,0,0,0,0,0
210565,2,1,0,0,0,0,0,0,0,0,0,0
210566,1,1,13,13,13,13,13,13,13,13,13,13
210567,1,1,0,0,0,0,0,0,0,0,0,0
210568,1,1,28,28,28,28,28,28,28,28,28,28
210569,0,1,0,0,0,0,0,0,0,0,0,0
210569,1,1,0,0,0,0,0,0,0,0,0,0
210570,1,1,0,0,0,0,0,0,0,0,0,0
210570,2,1,0,0,0,0,0,0,0,0,0,0
210571,1,1,0,0,0,0,0,0,0,0,0,0
210571,2,1,16,0,0,0,0,0,0,0,0,0
210572,1,1,0,0,0,0,0,0,0,12,0,0
210572,2,1,0,0,0,0,0,0,0,0,0,0
210572,3,1,0,0,0,0,0,0,11,0,0,0
210572,4,1,0,0,0,0,0,0,0,0,0,0
210573,1,1,0,0,0,0,0,0,0,0,0,0
210573,2,1,0,0,0,0,0,0,0,0,0,0
210573,3,1,0,0,0,23,0,0,0,0,0,0
210574,0,1,19,17,0,42,0,0,0,0,0,0
210574,1,1,0,0,0,0,0,0,0,0,0,0
210574,2,1,0,0,0,0,0,0,0,0,0,0
210575,0,1,0,0,0,28,9,0,17,0,0,0
210575,1,1,0,0,0,0,0,0,0,0,0,0
210576,1,1,0,0,0,0,0,0,0,0,0,0
210576,2,1,0,0,0,0,0,0,0,0,0,0
210577,1,1,0,0,0,0,0,0,0,0,0,0
210577,2,1,0,0,0,0,0,0,0,0,0,0
210578,1,1,0,0,0,0,0,0,0,0,0,0
210579,1,1,0,0,0,0,0,0,0,0,0,0
210579,2,1,0,0,0,0,0,0,0,0,0,0
210580,1,1,0,0,0,0,0,0,0,0,0,0
210581,1,1,31,19,15,24,13,24,0,21,0,9
210581,2,1,0,0,0,0,0,0,0,0,0,0
210582,1,1,10,10,10,10,10,10,10,10,10,10
210583,1,1,23,23,23,23,23,23,23,23,23,23
210583,2,1,0,0,3,0,0,0,0,0,10,0
210584,1,1,0,0,0,0,9,0,5,0,0,0
210585,1,1,0,0,0,0,0,0,0,0,0,0
210585,2,1,0,0,0,0,0,0,0,0,0,0
210585,3,1,0,0,0,0,0,17,0,0,0,0
210585,4,1,0,0,0,0,0,0,0,0,0,0
210585,5,1,0,0,0,0,0,0,0,19,0,0
210586,1,1,19,0,0,7,22,0,0,0,0,20
210586,2,1,18,0,0,16,0,0,0,0,0,18
210587,1,1,0,0,0,0,0,0,0,0,0,0
210587,2,1,0,0,0,0,0,0,0,0,0,23
210588,1,1,4,4,4,4,4,4,4,4,4,4
210588,2,1,0,0,0,0,0,0,0,0,0,0
210589,1,1,0,0,0,0,0,0,0,0,0,0
210590,0,1,0,0,0,0,0,0,0,0,0,0
210590,1,1,0,0,0,0,0,0,0,0,0,0
210591,1,1,0,0,0,0,15,0,0,0,1,0
210591,2,1,0,0,0,0,0,0,0,0,0,0
210591,3,1,0,0,0,0,0,0,0,0,0,0
210591,4,1,0,0,0,0,0,0,0,0,0,0
210592,1,1,0,0,0,0,0,0,0,0,0,0
210592,2,1,0,0,0,0,0,0,0,0,0,0
210593,0,1,0,0,0,0,0,0,0,0,0,0
210593,0,2,0,0,0,0,0,0,0,0,22,37
210593,1,1,0,0,0,0,0,0,0,0,10,0
210594,1,1,22,22,22,22,22,22,22,22,22,22
210595,1,1,0,0,0,0,0,0,0,0,0,0
210596,1,1,0,0,0,0,0,0,0,0,0,13
210596,2,1,0,0,0,0,0,0,0,0,0,0
210597,1,1,0,0,0,0,0,0,0,0,0,0
210598,1,1,0,0,0,0,0,0,0,0,0,0
210598,2,1,0,0,0,0,0,0,0,0,0,0
210599,1,1,0,0,0,0,0,0,0,0,0,0
210600,1,1,0,0,0,0,0,0,0,0,0,0
210600,2,1,0,0,0,0,0,0,0,0,0,0
210601,1,1,0,0,0,0,0,0,0,0,0,0
210602,0,1,19,19,19,19,19,19,19,19,19,19
210602,0,2,0,0,0,0,0,0,0,0,0,0
210602,1,1,23,23,23,23,23,23,23,23,23,23
210603,1,1,15,0,0,0,0,0,0,0,0,16
210604,1,1,28,0,0,0,0,0,0,0,0,0
210604,2,1,15,15,15,15,15,15,15,15,15,15
210605,0,1,0,0,19,0,9,0,0,0,0,30
210605,1,1,0,0,0,0,0,0,0,0,0,0
210606,0,1,0,0,0,0,0,0,0,0,0,0
210606,0,2,29,0,33,8,0,17,0,0,35,0
210606,1,1,24,24,24,24,24,24,24,24,24,24
210607,1,1,0,0,0,0,0,0,0,0,0,0
210607,2,1,0,26,14,0,4,0,0,0,0,0
210608,1,1,0,0,0,0,0,0,0,0,0,0
210609,1,1,0,0,0,0,0,0,0,0,0,0
210609,2,1,0,0,0,0,0,0,0,0,0,0
210610,1,1,0,0,0,0,0,0,0,0,0,0
210610,2,1,0,0,0,0,0,0,0,0,0,0
210611,1,1,0,0,0,0,0,0,0,0,0,0
210611,2,1,0,0,10,0,0,3,0,0,13,0
210612,1,1,0,0,0,0,0,0,0,0,0,0
210612,2,1,0,0,0,0,0,0,8,0,0,0
210613,1,1,0,0,0,0,0,0,0,0,0,0
210613,2,1,0,0,0,0,0,0,0,0,0,0
210614,1,1,0,0,0,0,0,0,0,0,0,0
210614,2,1,0,0,0,0,0,0,0,10,0,0
210615,1,1,0,0,0,0,0,0,0,0,0,0
210616,1,1,0,0,0,0,0,0,0,0,0,0
210617,1,1,11,11,11,11,11,11,11,11,11,11
210618,0,1,20,20,20,20,20,20,20,20,20,20
210618,1,1,0,0,0,0,0,0,0,0,0,0
210619,1,1,3,21,19,11,21,12,30,8,22,23
210619,2,1,0,0,0,0,23,0,0,0,0,0
210620,1,1,17,17,17,17,17,17,17,17,17,17
210621,1,1,0,0,0,0,0,0,0,0,0,0
210622,1,1,0,0,0,0,0,0,0,0,0,0
210623,1,1,0,0,0,0,0,0,0,0,0,0
210623,2,1,0,0,0,0,0,0,0,0,0,0
210624,1,1,0,0,0,0,0,0,0,0,0,0
210624,2,1,0,0,0,0,0,0,0,0,0,0
210625,1,1,0,0,0,0,0,0,0,0,0,0
210626,1,1,0,0,0,0,0,0,17,0,0,0
210627,1,1,14,15,13,5,0,43,0,0,0,0
210628,1,1,0,0,0,0,0,0,0,0,0,0
210629,1,1,0,0,0,0,0,0,0,0,18,0
210630,1,1,0,0,0,0,0,0,0,0,0,0
210631,1,1,12,12,12,12,12,12,12,12,12,12
210631,2,1,0,0,0,0,0,0,0,0,0,0
210632,1,1,13,13,13,13,13,13,13,13,13,13
210633,1,1,0,0,0,0,0,0,0,0,0,0
210633,2,1,0,0,0,0,0,0,0,0,0,0
210634,1,1,0,0,0,0,0,0,0,0,0,0
210634,2,1,0,0,0,0,0,0,0,0,0,0
210635,1,1,0,0,0,0,0,0,0,0,0,0
210635,2,1,0,0,0,0,0,0,0,15,0,0
210636,1,1,25,25,25,25,25,25,25,25,25,25
210637,0,1,0,0,0,0,0,0,0,0,0,0
210637,1,1,0,0,0,0,0,0,0,0,0,0
210638,1,1,0,0,21,0,0,0,0,0,0,0
210638,2,1,0,0,0,0,0,0,0,0,0,0
210639,1,1,0,0,0,0,0,0,0,0,0,0
210640,1,1,6,6,6,6,6,6,6,6,6,6
210641,1,1,0,0,0,0,0,0,0,0,0,0
210642,1,1,0,0,0,0,0,0,0,0,0,0
210642,2,1,0,0,0,0,0,0,0,0,0,0
210643,0,1,0,18,0,6,0,0,0,0,0,27
210643,1,1,0,0,0,0,0,0,0,0,0,0
210644,1,1,0,0,0,0,0,0,0,0,0,0
210645,1,1,0,0,0,0,0,0,0,0,0,0
210645,2,1,0,0,0,0,0,0,0,0,0,0
210646,1,1,10,10,10,10,10,10,10,10,10,10
210646,2,1,0,0,0,0,0,0,0,0,0,0
210646,3,1,0,0,0,0,0,0,0,0,0,0
210647,1,1,17,17,17,17,17,17,17,17,17,17
210647,2,1,0,0,0,0,0,0,0,0,0,0
210648,1,1,0,0,0,0,0,0,0,0,0,0
210648,2,1,0,0,0,0,0,0,0,0,0,0
210648,3,1,0,0,0,0,0,0,0,0,0,0
210649,1,1,22,22,22,22,22,22,22,22,22,22
210650,1,1,0,0,0,0,0,0,0,0,0,0
210650,2,1,0,0,0,0,0,0,0,0,0,0
210651,1,1,0,0,0,0,0,0,0,0,0,0
210651,2,1,0,0,0,0,0,0,0,0,0,0
210652,0,1,0,0,13,0,0,0,0,0,0,0
210652,1,1,0,0,0,25,0,0,0,0,0,0
210653,0,1,0,0,0,0,0,0,0,0,0,0
210653,1,1,0,0,0,0,0,0,0,0,0,0
210653,2,1,0,0,0,0,0,0,0,0,0,0
210653,3,1,0,0,0,0,0,0,0,0,0,0
210654,1,1,8,8,8,8,8,8,8,8,8,8
210655,1,1,37,37,37,37,37,37,37,37,37,37
210656,0,1,0,0,0,0,0,0,0,0,0,0
210656,1,1,0,0,0,0,0,0,0,0,0,0
210657,1,1,0,0,5,0,0,0,0,0,0,0
210658,0,1,19,0,9,35,13,23,14,22,0,19
210658,1,1,0,0,0,0,0,0,13,0,0,5
210659,1,1,18,18,18,18,18,18,18,18,18,18
210659,2,1,0,0,0,0,0,0,0,0,0,0
210660,1,1,0,0,0,0,0,0,0,0,0,0
210660,2,1,0,0,0,0,0,0,0,0,0,0
210661,1,1,5,5,5,5,5,5,5,5,5,5
210662,1,1,35,35,35,35,35,35,35,35,35,35
210663,1,1,0,0,0,0,0,0,0,0,0,0
210663,2,1,0,0,0,0,0,0,0,0,0,0
210664,1,1,0,0,0,0,0,0,0,0,0,0
210665,1,1,24,24,24,24,24,24,24,24,24,24
210666,1,1,0,0,0,0,0,0,0,0,0,0
210667,1,1,0,0,0,0,0,0,0,0,0,0
210667,2,1,0,0,0,0,0,0,0,0,0,0
210668,1,1,0,0,0,0,0,0,0,0,0,0
210668,2,1,0,0,0,0,0,0,0,0,0,0
210669,1,1,19,19,19,19,19,19,19,19,19,19
210670,0,1,0,0,0,0,0,0,0,0,0,0
210670,0,2,0,0,0,0,0,0,0,0,0,0
210670,1,1,0,0,0,0,0,0,0,0,0,0
210671,1,1,15,15,15,15,15,15,15,15,15,15
210671,2,1,0,0,0,0,0,0,0,0,0,0
210671,3,1,0,0,0,0,0,0,0,0,0,0
210671,4,1,0,0,0,0,0,0,0,0,0,0
210672,1,1,0,0,0,0,0,0,0,0,0,0
210673,0,1,14,0,0,24,13,0,0,0,0,20
210673,0,2,14,0,0,0,28,0,0,0,0,0
210673,1,1,0,0,0,0,0,0,0,0,0,0
210673,2,1,0,0,0,0,0,0,0,0,0,0
210673,3,1,0,27,0,0,0,0,0,0,0,19
210673,4,1,0,0,0,0,0,14,0,0,10,0
210673,5,1,20,0,0,0,0,0,0,0,0,0
210673,7,1,0,15,31,0,0,0,7,0,0,11
210673,8,1,0,0,0,0,0,0,0,0,0,0
210673,9,1,0,0,0,0,0,0,0,0,0,0
210674,1,1,0,0,0,0,0,0,0,0,0,0
210674,2,1,0,0,0,0,0,0,0,0,0,0
210675,1,1,7,7,7,7,7,7,7,7,7,7
210676,0,1,0,0,0,0,0,0,0,0,0,0
210676,1,1,0,0,0,0,0,0,0,0,0,0
210677,0,1,0,0,0,0,0,0,0,0,0,0
210677,1,1,0,0,0,0,0,0,0,0,0,0
210678,1,1,0,0,0,0,0,0,0,0,0,0
210678,2,1,0,0,0,0,0,0,0,0,0,0
210679,1,1,0,0,0,0,0,0,0,0,0,0
210679,2,1,0,0,0,0,0,0,0,0,0,0
210680,1,1,0,0,0,0,0,0,0,0,0,0
210680,2,1,0,0,0,0,0,0,0,0,0,0
210681,1,1,12,12,12,12,12,12,12,12,12,12
210682,1,1,21,0,0,0,0,0,0,0,0,0
210683,0,1,0,0,28,0,0,0,0,0,0,19
210683,1,1,0,0,0,0,0,0,0,0,0,0
210684,1,1,0,0,0,0,0,0,0,0,0,0
210685,1,1,0,0,0,0,0,0,0,0,0,0
210685,2,1,12,0,0,17,0,14,0,0,0,0
210686,1,1,0,0,6,0,5,14,0,0,0,17
210686,2,1,11,0,0,0,0,0,0,0,0,0
210687,1,1,0,0,0,0,0,0,0,0,0,0
210687,2,1,0,0,0,0,0,0,0,0,0,0
210688,1,1,0,0,0,0,0,0,0,0,0,0
210689,1,1,17,17,17,17,17,17,17,17,17,17
210690,1,1,0,23,0,0,0,0,0,0,0,0
210691,1,1,0,0,0,0,0,0,0,0,0,0
210691,2,1,0,0,0,0,0,0,0,0,0,0
210692,1,1,0,0,0,0,0,0,0,0,0,0
210693,1,1,23,23,23,23,23,23,23,23,23,23
210694,1,1,0,0,0,0,0,0,0,0,0,0
210695,0,1,0,0,0,0,0,24,0,0,0,0
210695,1,1,0,0,0,0,0,0,0,0,0,0
210696,0,1,12,12,12,12,12,12,12,12,12,12
210696,1,1,0,0,0,0,0,0,0,0,0,0
210697,1,1,0,0,0,0,0,0,0,0,0,0
210697,2,1,0,0,0,0,0,0,0,0,0,0
210698,1,1,0,0,0,0,0,0,0,0,0,0
210698,2,1,0,0,0,0,0,0,0,0,0,0
210699,1,1,0,0,0,0,0,0,0,0,0,0
210700,0,1,0,19,0,0,0,0,0,0,0,0
210700,1,1,0,0,0,0,0,0,0,0,0,0
210701,1,1,0,0,0,0,0,0,0,0,0,0
210702,1,1,0,0,0,0,0,0,0,0,0,0
210703,1,1,0,0,0,0,0,0,0,0,0,0
210703,2,1,0,0,0,0,0,0,0,0,0,0
210704,1,1,0,0,0,0,0,0,0,0,0,0
210705,1,1,0,0,0,0,0,0,0,0,0,0
210705,2,1,0,0,0,0,0,0,0,0,0,0
210706,0,1,0,0,0,0,0,0,0,0,0,0
210706,1,1,0,0,20,0,0,0,22,0,0,0
210707,1,1,0,0,0,0,0,0,0,0,0,0
210707,2,1,0,0,0,0,0,0,0,0,0,0
210708,1,1,0,0,0,0,0,0,0,0,0,0
210708,2,1,1,1,1,1,1,1,1,1,1,1
210709,1,1,25,25,25,25,25,25,25,25,25,25
210709,2,1,0,0,0,0,0,0,0,0,0,0
210710,1,1,0,0,0,0,0,0,0,0,0,0
210711,1,1,0,0,0,0,0,0,0,0,0,0
210711,2,1,0,0,0,0,0,0,0,0,0,0
210712,1,1,0,0,0,0,0,0,0,0,0,0
210712,2,1,0,0,0,0,0,0,0,0,0,0
210713,1,1,18,18,18,18,18,18,18,18,18,18
210714,1,1,18,18,18,18,18,18,18,18,18,18
210715,0,1,0,0,0,0,0,0,0,0,0,0
210715,1,1,0,0,0,0,0,0,0,0,0,0
210716,1,1,16,16,16,16,16,16,16,16,16,16
210717,1,1,0,0,0,0,0,0,0,0,0,0
210717,2,1,0,0,0,0,0,0,0,0,0,0
210718,1,1,15,15,15,15,15,15,15,15,15,15
210719,1,1,0,0,0,0,0,0,0,0,0,0
210720,1,1,32,32,32,32,32,32,32,32,32,32
210720,2,1,0,0,0,0,0,0,0,0,0,0
210721,1,1,0,0,0,0,0,0,0,0,0,0
210721,2,1,0,0,0,0,0,0,0,0,0,0
210722,1,1,16,16,16,16,16,16,16,16,16,16
210722,2,1,0,0,0,0,0,0,0,0,0,0
210722,3,1,0,0,8,0,0,0,0,0,0,0
210723,1,1,0,0,0,0,0,0,0,0,0,0
210724,1,1,0,0,0,0,0,0,0,0,0,0
210725,1,1,0,0,0,0,0,0,0,0,0,0
210725,2,1,0,0,0,0,0,0,0,0,0,0
210726,1,1,0,0,0,0,0,0,0,0,0,0
210726,2,1,0,0,0,0,0,0,0,0,0,0
210727,1,1,0,0,0,0,0,0,0,0,0,0
210727,2,1,0,0,0,0,0,0,0,0,0,0
210728,1,1,11,11,11,11,11,11,11,11,11,11
210728,2,1,0,0,0,0,0,0,0,0,0,0
210729,1,1,19,19,19,19,19,19,19,19,19,19
210730,1,1,0,0,0,0,0,0,0,0,0,0
210731,1,1,0,0,0,0,0,0,0,0,0,0
210732,1,1,0,0,0,0,0,0,0,0,0,0
210732,2,1,0,0,0,0,0,0,0,0,0,0
210733,1,1,0,0,0,0,0,0,0,0,0,0
210733,2,1,0,0,0,0,0,0,0,0,0,0
210734,1,1,0,0,0,0,0,0,0,0,0,0
210735,1,1,29,29,29,29,29,29,29,29,29,29
210736,1,1,0,0,0,0,0,0,0,0,0,0
210737,1,1,0,0,0,0,0,0,0,0,0,0
210738,1,1,0,0,0,0,0,0,0,0,0,0
210738,2,1,0,0,0,0,0,0,0,0,0,0
210739,1,1,18,18,18,18,18,18,18,18,18,18
210740,1,1,0,0,0,0,0,0,0,0,0,0
210741,1,1,2,2,2,2,2,2,2,2,2,2
210742,1,1,14,14,14,14,14,14,14,14,14,14
210742,2,1,0,0,0,0,0,0,0,0,0,0
210743,0,1,0,0,0,0,0,0,0,0,0,0
210743,1,1,0,0,0,0,0,0,0,0,0,0
210744,0,1,7,31,17,0,19,0,20,17,21,18
210744,1,1,23,0,0,0,0,0,0,0,0,0
210745,1,1,0,0,0,0,0,0,0,0,0,0
210745,2,1,0,0,0,0,0,0,0,0,0,0
210746,1,1,20,0,0,0,0,0,0,0,25,0
210746,2,1,0,0,17,0,0,0,0,0,15,0
210747,1,1,0,0,0,0,0,0,0,0,0,0
210747,2,1,0,0,0,0,0,0,0,0,0,0
210747,3,1,0,0,0,0,0,0,0,0,0,0
210747,4,1,0,0,0,0,0,0,0,0,0,0
210748,1,1,0,0,0,0,0,0,0,0,0,0
210749,1,1,0,0,0,0,0,0,0,0,0,0
210750,1,1,0,0,0,0,0,0,0,0,0,0
210750,2,1,0,12,0,0,0,0,0,0,0,0
210751,0,1,0,0,0,0,0,0,0,0,0,0
210751,1,1,0,0,0,0,0,0,0,19,0,0
210752,0,1,22,22,22,22,22,22,22,22,22,22
210752,1,1,0,0,13,0,0,0,0,0,7,0
210753,1,1,0,0,0,0,0,0,0,0,0,0
210753,2,1,0,0,0,0,0,0,0,0,0,0
210754,0,1,2,2,2,2,2,2,2,2,2,2
210754,1,1,0,0,0,0,0,0,0,0,0,0
210755,1,1,0,0,0,0,0,0,0,0,0,0
210756,1,1,0,0,0,0,0,0,0,0,0,0
210756,2,1,0,0,0,0,0,0,0,0,0,0
210757,1,1,0,0,0,0,0,0,0,0,0,0
210758,1,1,0,0,0,0,0,0,0,0,0,0
210758,2,1,0,0,0,0,0,0,0,0,0,0
210759,1,1,23,23,23,23,23,23,23,23,23,23
210759,2,1,0,0,0,0,0,0,0,0,0,0
210760,1,3,0,0,0,0,0,0,0,0,0,0
210761,1,1,0,0,0,0,0,0,0,0,0,0
210761,2,1,0,0,0,0,0,0,0,0,0,0
210762,1,1,0,0,0,0,0,0,0,0,0,0
210763,1,1,0,0,0,0,10,0,0,0,0,0
210764,1,1,14,1,30,17,14,5,16,8,20,11
210765,1,1,0,0,0,0,0,0,0,0,0,0
210766,0,1,22,19,0,21,0,9,0,31,35,0
210766,1,1,0,0,0,0,0,0,0,0,0,0
220001,1,1,0,0,0,0,0,0,0,0,0,0
220003,0,1,0,0,0,0,0,0,0,0,0,0
220003,1,1,0,0,0,0,0,0,0,0,0,0
220003,2,1,0,5,0,0,0,0,0,0,5,12
220004,0,1,0,0,0,0,25,0,0,0,0,22
220004,1,1,0,0,0,20,2,0,0,11,0,15
220005,0,1,29,29,29,29,29,29,29,29,29,29
220005,1,1,0,0,0,0,13,0,0,0,0,0
220006,1,1,0,0,0,0,0,0,0,0,0,0
220007,1,1,0,0,0,0,0,0,0,0,0,0
220007,2,1,0,0,0,0,0,0,0,0,0,0
220008,1,1,0,33,20,0,5,9,5,34,23,0
220008,2,1,0,0,0,0,0,0,0,24,0,0
220008,3,1,0,0,0,3,10,0,13,0,31,0
220008,4,1,0,23,0,0,0,0,0,0,0,0
220008,5,1,0,0,0,0,0,0,0,3,0,0
220009,1,1,20,20,20,20,20,20,20,20,20,20
220010,1,1,0,0,0,0,0,0,0,0,0,0
220010,2,1,0,0,0,0,0,0,0,0,0,0
220011,1,1,11,0,12,17,18,0,0,0,0,0
220012,0,1,0,0,0,0,0,0,0,0,0,0
220012,1,1,0,0,0,0,0,0,0,0,0,0
220012,2,1,0,0,0,0,0,0,0,0,0,0