ST_CASE,VEH_NO,PER_NO,P1,P2,P3,P4,P5,P6,P7,P8,P9,P10
240051,2,1,17,17,17,17,17,17,17,17,17,17
240052,0,1,0,0,0,0,0,0,0,0,0,0
240052,1,1,0,0,21,13,4,0,0,6,8,11
240053,1,1,0,0,0,0,19,0,12,0,0,0
240054,0,1,0,0,0,0,0,0,0,0,0,0
240054,1,1,0,0,0,0,0,0,0,0,0,0
240055,0,1,0,0,0,0,0,0,0,0,0,0
240055,1,1,0,0,0,0,0,0,0,0,0,0
240055,2,1,0,0,0,0,0,0,0,0,0,0
240056,1,1,0,0,0,0,0,0,0,0,0,0
240056,2,1,0,0,0,0,0,0,0,0,0,0
240056,3,1,0,0,0,0,0,0,0,0,10,0
240056,4,1,0,0,0,0,0,0,0,0,0,0
240057,1,1,4,4,4,4,4,4,4,4,4,4
240057,2,1,0,0,0,0,0,0,0,0,0,0
240058,1,1,0,0,0,0,0,0,0,0,0,0
240058,2,1,0,0,0,0,0,0,0,0,0,0
240059,0,1,0,0,0,0,0,0,0,0,0,0
240059,1,1,0,0,0,0,0,0,0,0,0,0
240060,1,1,0,0,0,0,0,0,0,0,0,0
240060,2,1,0,0,0,0,0,0,16,0,0,0
240060,3,1,0,0,0,0,0,0,0,0,0,0
240061,1,1,0,0,0,10,0,0,0,0,0,0
240062,1,1,10,10,10,10,10,10,10,10,10,10
240063,1,1,0,0,0,30,0,0,0,0,0,0
240064,1,1,0,0,0,0,0,14,0,0,0,0
240065,1,1,11,11,11,11,11,11,11,11,11,11
240065,2,1,0,0,0,0,0,0,0,0,0,0
240066,1,1,0,0,0,0,0,0,0,0,0,0
240066,2,1,0,0,0,0,0,0,0,0,0,0
240067,1,1,0,0,0,0,0,0,0,0,0,0
240067,2,1,0,0,0,0,0,0,0,0,0,0
240068,1,1,0,0,0,0,0,0,0,0,0,0
240069,1,1,28,28,28,28,28,28,28,28,28,28
240070,1,1,0,7,0,0,0,0,0,0,0,0
240071,1,1,0,0,0,0,0,0,0,0,0,0
240072,0,1,0,0,0,0,0,0,0,0,0,0
240072,1,1,0,0,0,0,0,0,0,0,0,24
240073,1,1,0,0,0,0,0,0,0,0,0,0
240073,2,1,0,0,0,0,0,0,0,0,0,0
240073,4,1,0,0,0,0,0,0,0,0,0,0
240074,0,1,0,19,19,0,0,31,13,0,18,12
240074,1,1,0,0,4,0,0,0,0,0,0,0
240075,0,1,0,0,0,0,0,0,0,0,0,0
240075,1,1,0,0,0,0,0,0,0,0,0,0
240076,1,1,0,0,0,0,0,0,0,0,0,0
240076,2,1,0,0,0,0,0,0,0,0,0,0
240077,1,1,0,0,0,0,0,0,0,0,0,0
240078,1,1,20,20,20,20,20,20,20,20,20,20
240078,2,1,0,0,0,0,0,0,0,0,0,0
240079,0,1,22,22,22,22,22,22,22,22,22,22
240079,1,1,0,0,0,0,0,0,0,0,0,0
240080,1,1,7,7,7,7,7,7,7,7,7,7
240080,2,1,0,0,0,0,0,0,0,0,0,0
240081,1,1,16,16,16,16,16,16,16,16,16,16
240082,0,1,18,8,16,18,12,16,15,36,0,2
240082,1,1,0,0,0,0,6,0,22,0,0,0
240083,1,1,16,16,16,16,16,16,16,16,16,16
240083,2,1,16,16,16,16,16,16,16,16,16,16
240084,1,1,19,19,19,19,19,19,19,19,19,19
240085,1,1,23,23,23,23,23,23,23,23,23,23
240085,2,1,0,0,0,0,0,0,0,0,0,0
240086,1,1,0,0,0,0,0,0,0,0,0,0
240086,2,1,0,0,13,0,18,0,17,0,0,0
240087,1,1,16,16,16,16,16,16,16,16,16,16
240087,2,1,0,0,0,0,0,0,0,0,0,0
240087,3,1,0,0,0,6,0,0,0,5,0,0
240087,4,1,0,0,0,0,0,0,0,0,0,0
240088,0,1,0,0,0,0,0,0,0,0,0,0
240088,1,1,0,0,0,0,0,0,0,0,30,0
240089,1,1,0,0,0,0,0,0,0,0,0,0
240090,1,1,14,22,13,31,15,42,16,36,14,8
240090,2,1,0,0,0,0,0,0,7,0,0,0
240091,0,1,0,0,0,0,0,0,0,0,0,0
240091,1,1,0,0,0,0,0,0,0,0,0,0
240092,1,1,18,18,18,18,18,18,18,18,18,18
240093,1,1,0,0,0,0,0,0,0,0,0,0
240094,0,1,0,0,0,0,0,0,0,0,0,0
240094,1,1,0,0,20,0,0,0,0,12,0,21
240095,1,1,0,0,0,0,0,0,0,0,0,0
240095,2,1,0,0,0,0,0,0,0,0,0,0
240095,3,1,0,0,0,0,0,0,0,0,0,0
240096,1,1,0,0,0,0,0,0,0,0,0,0
240096,2,1,0,0,0,0,0,0,0,0,0,0
240097,0,1,26,26,26,26,26,26,26,26,26,26
240097,1,1,0,8,17,25,13,18,0,19,11,0
240098,1,1,14,14,14,14,14,14,14,14,14,14
240098,2,1,0,0,0,0,0,0,0,0,0,0
240099,1,1,0,0,0,0,0,0,0,0,0,0
240099,2,1,0,0,0,0,0,0,0,0,0,0
240100,0,1,0,0,0,0,0,0,0,0,0,0
240100,1,1,0,0,0,0,0,4,0,35,12,0
240101,1,1,20,20,20,20,20,20,20,20,20,20
240102,1,1,0,0,0,0,0,0,0,0,0,0
240103,1,1,23,23,23,23,23,23,23,23,23,23
240104,0,1,37,0,0,26,0,41,21,27,0,19
240104,1,1,35,0,22,0,0,0,0,0,0,0
240105,1,1,7,8,0,6,0,0,15,8,15,4
240106,1,1,0,0,0,0,0,0,0,0,0,0
240107,0,1,16,16,16,16,16,16,16,16,16,16
240107,1,1,0,0,0,0,0,0,0,0,14,0
240108,1,1,0,0,0,0,0,0,0,0,0,0
240108,2,1,0,0,0,0,0,0,0,0,0,0
240109,1,1,0,0,0,0,0,0,0,0,0,0
240110,1,1,0,0,14,0,0,0,0,0,0,0
240110,2,1,19,19,19,19,19,19,19,19,19,19
240111,0,1,10,10,10,10,10,10,10,10,10,10
240111,1,1,0,0,0,0,0,0,0,0,0,0
240112,1,1,0,0,0,0,0,0,0,0,0,0
240113,1,1,0,0,0,0,0,0,0,0,0,0
240113,2,1,0,0,0,0,0,0,0,0,0,0
240114,0,1,0,0,0,0,0,0,0,0,0,0
240114,1,1,0,0,0,0,8,0,0,0,0,0
240115,1,1,16,16,16,16,16,16,16,16,16,16
240116,0,1,0,0,0,0,0,0,0,0,0,0
240116,1,1,0,0,0,0,0,0,0,0,0,0
240117,1,1,20,20,20,20,20,20,20,20,20,20
240118,1,1,0,0,0,0,0,0,0,0,0,0
240119,0,1,0,0,0,0,0,0,0,0,0,0
240119,1,1,0,0,7,0,0,9,7,0,13,0
240120,1,1,23,20,15,24,12,0,20,15,8,20
240120,2,1,0,0,0,0,0,0,0,0,0,0
240121,1,1,0,0,0,0,0,0,0,0,0,0
240121,2,1,0,0,0,0,0,0,0,0,0,0
240123,1,1,19,19,19,19,19,19,19,19,19,19
240124,1,1,0,0,0,0,0,0,0,0,0,0
240125,0,1,0,0,0,0,0,0,0,0,0,0
240125,1,1,0,0,0,0,0,0,0,0,0,0
240126,0,1,0,0,0,0,0,0,0,0,0,0
240126,0,2,0,0,0,0,0,0,0,0,0,0
240126,1,1,0,0,0,0,0,0,0,0,0,0
240127,0,1,26,26,26,26,26,26,26,26,26,26
240127,1,1,0,0,0,0,0,0,0,2,0,0
240128,1,1,9,9,9,9,9,9,9,9,9,9
240129,0,1,11,11,11,11,11,11,11,11,11,11
240129,1,1,0,0,0,0,0,13,0,0,0,38
240130,1,1,0,0,0,0,0,0,0,0,0,0
240131,1,1,0,0,0,0,0,0,0,0,0,0
240131,2,1,0,0,0,0,0,0,0,0,0,0
240132,1,1,0,0,0,0,0,0,0,0,0,0
240133,0,1,0,0,27,24,0,0,0,0,0,0
240133,1,1,0,0,0,0,0,0,0,0,0,0
240134,1,1,0,0,0,0,0,0,0,0,0,0
240134,2,1,0,0,0,0,0,0,0,0,0,0
240135,1,1,12,12,12,12,12,12,12,12,12,12
240136,1,1,11,11,11,11,11,11,11,11,11,11
240136,2,1,2,2,2,2,2,2,2,2,2,2
240137,1,1,0,0,0,0,0,0,0,0,0,0
240138,1,1,0,0,0,0,0,0,0,0,0,0
240138,2,1,0,0,0,0,0,0,0,0,0,0
240138,3,1,0,0,0,0,0,0,0,0,0,0
240139,0,1,0,0,0,0,0,0,0,0,0,0
240139,1,1,0,0,0,0,0,0,0,0,0,0
240140,1,1,0,0,0,0,0,0,0,0,0,0
240140,2,1,0,19,0,0,0,0,0,0,0,0
240141,1,1,0,0,0,0,0,0,0,0,0,0
240142,0,1,28,28,28,28,28,28,28,28,28,28
240142,1,1,0,0,0,0,0,0,0,0,0,0
240143,1,1,0,17,0,0,0,0,11,0,0,0
240144,1,1,0,0,0,0,0,0,0,0,0,0
240145,1,1,29,29,29,29,29,29,29,29,29,29
240146,1,1,0,0,0,0,0,0,0,0,0,0
240146,2,1,0,0,0,0,0,0,0,0,0,0
240147,0,1,0,0,0,0,0,0,0,0,0,0
240147,1,1,0,0,9,0,0,0,4,24,0,0
240147,2,1,0,0,0,0,0,0,0,0,0,0
240147,3,1,0,0,0,0,0,0,0,0,0,0
240148,1,1,0,0,11,0,0,0,0,0,0,24
240148,2,1,18,0,0,14,0,12,0,0,0,0
240148,3,1,0,0,0,0,0,0,7,0,0,0
240148,4,1,0,0,0,0,0,0,0,0,0,18
240149,1,1,0,0,17,0,0,0,0,0,0,0
240149,2,1,0,0,0,0,0,0,0,0,0,0
240150,1,1,0,0,0,0,0,0,0,0,0,0
240151,1,1,26,26,26,26,26,26,26,26,26,26
240152,0,1,16,16,16,16,16,16,16,16,16,16
240152,1,1,0,0,0,0,0,0,0,0,0,0
240152,2,1,0,0,0,0,0,0,0,0,0,0
240153,1,1,0,7,0,0,0,0,0,0,0,0
240154,1,1,11,10,10,14,16,17,15,15,10,0
240154,2,1,0,0,0,0,0,0,0,0,0,0
240155,1,1,0,0,0,0,0,0,0,0,0,0
240156,1,1,16,22,38,13,25,9,31,10,1,27
240157,1,1,0,0,0,0,0,0,0,0,0,0
240158,1,1,0,0,0,0,0,0,0,0,0,0
240158,2,1,0,0,0,0,0,0,0,0,0,0
240159,1,1,28,28,28,28,28,28,28,28,28,28
240160,0,1,0,48,0,0,20,5,14,16,8,12
240160,1,1,0,0,0,0,0,0,0,0,0,0
240161,1,1,20,20,20,20,20,20,20,20,20,20
240162,0,1,0,0,0,0,0,0,0,0,0,0
240162,1,1,0,0,0,0,0,0,0,0,0,0
240163,1,1,0,0,0,0,0,0,0,0,0,0
240164,1,1,0,0,0,0,0,0,0,0,0,0
240165,1,1,43,43,43,43,43,43,43,43,43,43
240166,1,1,0,0,0,0,0,0,0,0,0,0
240166,2,1,10,10,10,10,10,10,10,10,10,10
240167,1,1,14,14,14,14,14,14,14,14,14,14
240168,1,1,0,0,0,0,0,0,0,0,0,0
240169,1,1,0,0,0,0,0,0,0,0,0,0
240169,2,1,0,15,0,0,0,0,26,0,0,14
240170,0,1,10,10,10,10,10,10,10,10,10,10
240170,1,1,0,0,0,0,0,0,0,0,0,0
240171,1,1,0,0,0,19,0,0,0,0,0,0
240172,1,1,0,0,0,0,0,6,0,0,0,0
240173,1,1,8,8,8,8,8,8,8,8,8,8
240173,2,1,0,0,0,0,0,0,0,0,0,0
240173,3,1,0,0,0,0,9,0,0,0,0,0
240174,1,1,0,0,0,0,0,0,0,0,0,0
240174,2,1,0,0,0,0,0,0,0,0,0,0
240175,0,1,0,0,0,0,0,0,0,0,0,0
240175,1,1,0,0,0,0,0,0,0,0,0,0
240176,1,1,0,0,0,0,0,0,0,0,0,0
240176,2,1,0,0,0,0,0,0,0,0,0,0
240177,1,1,0,0,0,0,0,0,0,0,0,0
240177,2,1,0,0,0,0,0,0,0,0,0,0
240177,3,1,0,0,0,0,0,0,0,0,0,0
240178,1,1,28,28,28,28,28,28,28,28,28,28
240179,0,1,0,0,0,0,0,0,0,0,0,0
240179,0,2,0,22,10,0,14,0,31,0,0,0
240179,1,1,0,17,0,0,0,19,0,0,0,0
240180,1,1,0,0,0,0,0,0,0,0,0,0
240180,2,1,0,0,0,0,0,0,0,0,0,0
240181,1,1,0,0,0,0,0,0,0,0,0,0
240181,2,1,0,0,0,0,0,0,0,0,0,0
240181,3,1,0,0,0,0,0,0,0,0,0,0
240182,1,1,0,0,0,0,0,0,0,0,0,0
240182,2,1,0,0,0,0,0,0,0,0,0,0
240182,3,1,0,0,0,0,0,0,0,0,0,0
240183,1,1,21,21,21,21,21,21,21,21,21,21
240184,1,1,25,25,25,25,25,25,25,25,25,25
240185,1,1,0,25,0,8,4,0,24,0,22,0
240185,2,1,0,0,0,0,0,0,0,0,0,0
240186,1,1,0,0,0,0,0,0,21,0,0,0
240186,2,1,0,0,0,0,0,0,0,0,0,0
240186,3,1,0,0,0,0,0,0,0,0,0,0
240187,1,1,0,0,0,0,0,0,0,0,0,0
240187,2,1,0,0,0,0,0,0,0,0,0,0
240189,1,1,17,0,0,20,0,0,7,23,12,0
240190,1,1,0,0,0,0,0,0,0,0,0,0
240190,2,1,0,0,0,0,0,0,0,0,0,0
240191,1,1,2,2,2,2,2,2,2,2,2,2
240192,1,1,25,25,25,25,25,25,25,25,25,25
240193,1,1,0,0,0,0,0,0,0,0,0,0
240194,1,1,0,0,10,26,0,31,0,0,0,0
240194,2,1,0,0,0,0,0,0,0,0,0,0
240194,3,1,0,28,0,0,25,0,0,20,13,0
240195,1,1,0,0,0,0,0,0,0,0,0,0
240195,2,1,0,0,0,0,0,0,0,0,0,0
240195,3,1,0,0,21,0,0,0,0,0,0,0
240195,4,1,0,0,0,0,0,0,0,0,0,0
240195,5,1,0,0,0,0,0,0,0,0,0,0
240195,6,1,0,0,0,0,0,0,0,0,0,0
240195,7,1,0,0,0,0,0,0,0,0,31,0
240196,1,1,0,0,0,0,0,0,0,0,0,0
240197,1,1,0,0,0,0,0,0,0,0,0,0
240198,1,1,0,0,0,0,0,0,0,0,0,0
240198,2,1,0,0,0,0,0,0,0,0,0,0
240198,3,1,0,0,0,0,0,0,0,0,0,0
240199,1,1,0,0,0,0,0,0,0,0,0,0
240199,2,1,0,0,0,0,0,0,0,19,0,3
240200,0,1,10,10,10,10,10,10,10,10,10,10
240200,1,1,3,8,0,0,7,8,0,11,13,9
240201,1,1,0,0,0,0,0,0,0,0,0,0
240201,2,1,0,0,0,18,0,0,0,0,0,0
240202,1,1,0,0,0,0,0,0,0,0,0,0
240202,2,1,0,0,0,0,22,0,0,0,0,0
240203,0,1,0,0,0,0,0,0,0,0,0,0
240203,1,1,0,6,0,0,0,0,0,0,0,0
240204,1,1,0,7,9,0,0,0,0,0,0,0
240204,2,1,0,0,0,0,0,0,0,0,0,0
240205,1,1,0,0,0,0,0,0,0,0,0,0
240206,1,1,0,0,0,0,0,0,0,0,0,0
240206,2,1,0,0,0,0,0,0,0,0,0,0
240207,0,1,0,0,0,0,0,0,0,0,0,0
240207,1,1,0,0,10,0,0,0,0,0,0,0
240208,1,1,0,0,0,0,0,12,4,0,16,0
240209,1,1,0,0,22,0,19,4,0,17,5,4
240209,2,1,0,0,0,0,0,30,0,0,0,19
240210,0,1,0,0,0,0,0,0,0,0,0,0
240210,1,1,0,0,16,0,0,0,0,0,0,0
240211,0,1,0,0,0,0,0,0,0,0,0,0
240211,1,1,0,22,0,0,0,0,0,0,0,0
240212,1,1,47,0,0,0,0,0,7,0,17,28
240213,1,1,0,10,0,0,0,0,0,0,0,0
240215,1,1,0,6,0,0,0,0,0,0,0,0
240215,2,1,0,0,0,0,0,0,0,0,0,0
240215,3,1,0,0,0,0,0,0,0,0,0,0
240216,1,1,14,14,14,14,14,14,14,14,14,14
240217,1,1,0,0,0,0,0,0,0,0,0,0
240218,1,1,0,0,0,0,0,0,0,0,0,0
240219,1,1,0,0,0,0,0,0,0,0,0,0
240219,2,1,0,0,0,0,0,0,0,0,0,5
240220,1,1,4,4,4,4,4,4,4,4,4,4
240220,2,1,7,0,0,0,0,0,0,0,7,0
240221,1,1,0,0,0,0,0,0,0,0,0,0
240221,2,1,0,0,0,0,0,0,0,0,0,0
240222,1,1,0,20,0,0,0,0,0,0,0,0
240222,2,1,0,0,0,0,0,0,0,0,0,0
240223,1,1,0,0,0,0,0,0,0,0,0,0
240223,2,1,0,0,0,0,0,0,0,0,0,0
240224,0,1,29,29,29,29,29,29,29,29,29,29
240224,1,1,0,0,0,0,0,0,0,0,0,0
240225,1,1,0,0,0,0,0,0,0,0,0,0
240225,2,1,0,0,0,0,0,0,0,0,0,0
240226,0,1,39,39,39,39,39,39,39,39,39,39
240226,1,1,0,0,0,0,0,0,0,0,0,0
240227,1,1,0,0,0,0,0,0,0,0,0,0
240227,2,1,0,0,0,0,0,0,0,0,0,0
240228,1,1,0,0,0,0,0,0,0,0,0,0
240229,0,1,4,4,4,4,4,4,4,4,4,4
240229,1,1,12,0,0,20,0,0,0,17,0,0
240230,1,1,0,0,0,0,0,0,0,0,0,0
240231,0,1,0,0,0,0,0,0,0,0,0,0
240231,1,1,0,0,0,0,0,0,0,0,0,0
240232,0,1,22,22,22,22,22,22,22,22,22,22
240232,1,1,0,0,16,0,0,29,0,0,0,0
240233,1,1,0,0,0,0,0,0,0,0,0,0
240234,1,1,0,0,0,0,0,0,0,0,33,0
240234,2,1,0,0,0,0,0,0,0,0,0,0
240235,1,1,11,11,11,11,11,11,11,11,11,11
240236,1,1,19,19,19,19,19,19,19,19,19,19
240237,1,1,23,0,0,0,0,0,0,0,37,0
240237,2,1,0,0,0,0,0,0,0,0,0,0
240238,1,1,0,0,0,0,0,0,0,0,0,0
240238,2,1,0,0,0,0,0,0,0,0,0,0
240239,1,1,0,0,0,0,0,0,0,0,0,0
240240,1,1,0,0,0,0,0,0,0,0,0,0
240240,2,1,0,0,0,0,0,0,0,0,0,0
240241,1,1,0,0,0,0,0,0,0,0,0,0
240241,2,1,0,0,0,0,0,0,0,0,0,0
240242,1,1,0,0,0,0,0,0,0,0,0,0
240242,2,1,0,0,0,0,0,0,0,0,10,0
240243,1,1,0,0,0,0,0,0,0,0,0,0
240243,2,1,0,0,0,0,27,0,0,0,0,0
240244,1,1,10,10,10,10,10,10,10,10,10,10
240245,1,1,0,0,0,0,0,0,0,0,0,0
240245,2,1,0,0,0,0,0,0,0,0,0,0
240246,1,1,0,0,0,0,0,0,0,0,0,0
240247,0,1,8,8,8,8,8,8,8,8,8,8
240247,1,1,22,14,0,0,0,0,7,0,24,12
240248,1,1,0,25,11,0,0,0,0,0,0,0
240249,1,1,0,0,0,0,0,0,0,0,0,0
240250,1,1,0,0,0,0,0,0,0,0,0,0
240250,2,1,0,0,0,0,0,0,0,0,0,0
240250,3,1,0,0,0,0,0,0,0,0,0,0
240251,1,1,25,25,25,25,25,25,25,25,25,25
240251,2,1,0,0,0,0,0,0,0,0,0,0
240252,0,1,2,2,2,2,2,2,2,2,2,2
240252,1,1,0,0,0,0,0,0,0,0,0,0
240252,2,1,13,0,0,0,0,11,0,0,0,27
240253,1,1,0,0,0,0,0,0,0,0,0,0
240254,1,1,7,7,7,7,7,7,7,7,7,7
240254,2,1,11,11,11,11,11,11,11,11,11,11
240255,1,1,0,0,0,0,0,0,0,0,0,0
240257,1,1,2,0,0,0,0,0,0,0,0,0
240257,2,1,0,0,0,0,0,0,0,0,0,0
240258,1,1,0,0,0,0,0,0,0,0,0,0
240258,2,1,0,0,0,0,0,0,0,0,0,0
240259,1,1,0,0,0,0,0,0,0,0,0,0
240259,2,1,0,0,0,0,0,0,0,0,0,0
240260,1,1,0,0,0,0,0,0,0,0,0,0
240260,2,1,0,0,0,0,0,0,0,0,0,0
240261,0,1,0,0,0,0,0,0,0,0,0,0
240261,1,1,0,0,0,0,0,0,0,0,0,0
240262,1,1,0,0,0,0,0,0,0,0,0,0
240262,2,1,0,0,0,0,0,0,0,0,0,0
240263,1,1,0,0,11,0,0,0,0,0,0,0
240263,2,1,0,0,0,0,10,0,0,0,0,0
240264,0,1,10,10,10,10,10,10,10,10,10,10
240264,1,1,0,0,0,0,0,0,0,0,0,0
240265,1,1,5,5,5,5,5,5,5,5,5,5
240265,2,1,0,0,18,0,0,0,0,0,0,0
240266,1,1,23,23,23,23,23,23,23,23,23,23
240266,2,1,0,0,0,0,0,0,0,4,0,0
240266,3,1,0,24,6,0,0,34,0,0,0,0
240269,1,1,16,16,16,16,16,16,16,16,16,16
240269,2,1,0,21,13,0,0,0,0,0,13,0
240270,1,1,20,20,20,20,20,20,20,20,20,20
240271,0,1,0,0,0,0,0,0,0,0,0,0
240271,1,1,0,0,0,0,0,0,0,0,0,0
240272,0,1,0,0,0,0,0,0,0,0,0,0
240272,1,1,0,0,0,23,0,0,0,0,0,0
240273,1,1,0,0,0,0,0,0,0,0,0,0
240274,1,1,26,26,26,26,26,26,26,26,26,26
240276,1,1,0,0,0,0,0,0,0,0,0,0
240276,2,1,17,0,8,3,0,43,0,12,8,6
240277,0,1,21,39,12,39,30,32,36,0,10,35
240277,1,1,0,13,0,0,0,0,0,0,8,0
240278,1,1,13,13,13,13,13,13,13,13,13,13
240278,2,1,0,0,0,10,0,20,0,0,7,21
240279,0,1,0,0,0,0,0,0,0,0,0,0
240279,1,1,0,0,0,0,0,0,0,0,0,0
240280,0,1,12,12,12,12,12,12,12,12,12,12
240280,1,1,26,0,0,0,0,0,0,15,11,16
240281,1,1,22,22,22,22,22,22,22,22,22,22
240281,2,1,0,0,0,0,0,0,0,0,0,0
240281,3,1,28,0,0,0,0,0,0,0,0,0
240282,1,1,0,0,0,0,0,0,0,0,0,0
240282,2,1,0,0,0,0,0,0,0,0,0,0
240282,3,1,0,0,0,0,0,0,0,0,0,0
240282,4,1,0,0,0,0,0,0,0,0,0,0
240284,0,1,0,0,19,0,22,0,0,10,0,5
240284,1,1,0,0,0,0,0,0,0,0,0,0
240285,1,1,0,0,0,0,0,0,0,0,0,0
240285,2,1,0,0,0,0,0,0,0,0,0,22
240285,3,1,0,0,0,0,0,0,0,0,0,0
240286,1,1,0,0,0,0,16,0,13,24,0,0
240286,2,1,0,0,0,0,0,0,0,0,0,0
240287,1,1,20,0,0,0,11,0,0,23,0,22
240289,1,1,0,0,0,0,0,0,0,0,0,0
240289,2,1,0,0,0,0,0,0,0,0,0,0
240289,3,1,0,0,0,0,0,0,0,0,0,0
240289,4,1,0,5,16,0,0,6,7,0,0,0
240290,1,1,0,0,18,0,0,0,0,0,0,0
240290,2,1,0,0,0,11,0,0,0,0,0,0
240291,0,1,0,0,0,0,0,0,0,0,0,0
240291,1,1,0,0,0,0,0,0,0,0,0,0
240292,0,1,0,0,0,0,0,0,0,0,0,0
240292,1,1,0,0,0,0,0,0,0,0,0,0
240293,1,1,18,18,18,18,18,18,18,18,18,18
240294,0,1,0,0,0,0,0,0,0,0,0,0
240294,1,1,1,1,1,1,1,1,1,1,1,1
240295,1,1,0,0,0,0,0,0,0,0,0,0
240295,2,1,0,0,0,0,0,0,0,0,0,0
240296,1,1,0,0,0,0,0,0,0,0,0,0
240296,2,1,0,0,0,0,0,0,0,0,0,0
240297,1,1,0,0,0,0,0,0,0,0,0,0
240298,1,1,0,0,0,0,0,0,0,0,0,0
240298,2,1,0,0,0,0,0,0,0,0,0,0
240299,1,1,0,0,20,0,0,0,0,0,0,0
240299,2,1,0,0,0,0,0,0,0,0,0,0
240300,1,1,34,0,29,16,23,19,19,12,16,10
240300,2,1,0,0,0,0,0,23,0,9,0,9
240301,1,1,19,19,19,19,19,19,19,19,19,19
240302,0,1,0,0,0,0,0,0,0,0,0,0
240302,1,1,0,0,0,0,0,0,14,0,0,0
240303,1,1,0,0,0,0,0,0,0,0,0,0
240304,1,1,0,0,0,0,0,0,0,0,0,0
240304,2,1,0,0,0,0,0,0,0,0,0,0
240304,3,1,0,0,0,0,0,12,0,0,0,0
240304,4,1,0,0,0,18,0,0,0,0,0,0
240304,5,1,0,0,6,0,0,0,0,0,0,0
240304,6,1,0,0,0,0,0,0,0,0,0,0
240304,7,1,0,0,18,0,0,0,0,0,0,0
240305,0,1,0,0,0,0,0,0,0,0,0,0
240305,1,1,0,0,0,0,16,0,0,0,0,22
240306,1,1,7,7,7,7,7,7,7,7,7,7
240307,1,1,0,0,0,0,11,0,0,0,0,0
240307,2,1,0,0,0,0,0,0,0,0,0,0
240308,1,1,0,0,0,0,0,0,0,0,0,0
240309,1,1,0,0,0,0,0,19,0,0,14,0
240309,2,1,17,0,7,0,15,0,0,22,11,0
240310,0,1,0,0,0,0,0,0,0,0,0,0
240310,1,1,0,0,0,0,0,0,0,0,0,0
240311,1,1,2,2,2,2,2,2,2,2,2,2
240312,0,1,15,15,15,15,15,15,15,15,15,15
240312,1,1,0,0,0,0,0,0,0,0,0,0
240313,0,1,0,0,0,0,0,0,0,0,0,0
240313,0,2,0,0,42,0,0,0,0,0,0,0
240313,1,1,12,12,12,12,12,12,12,12,12,12
240313,3,1,4,4,4,4,4,4,4,4,4,4
240314,1,1,0,0,0,0,0,0,0,0,0,0
240314,2,1,0,0,0,0,0,0,0,0,0,0
240315,1,1,0,0,0,0,0,0,0,0,0,0
240315,2,1,0,0,10,0,18,10,0,24,0,0
240316,1,1,5,5,5,5,5,5,5,5,5,5
240317,1,1,0,0,0,0,17,0,0,0,0,0
240317,2,1,11,0,0,9,15,0,0,0,0,13
240317,3,1,0,0,0,0,0,0,18,0,0,0
240318,0,1,22,22,22,22,22,22,22,22,22,22
240318,1,1,0,0,0,0,0,0,0,0,20,0
240319,1,1,0,0,0,0,0,0,0,0,0,0
240319,2,1,0,0,0,0,0,0,0,0,0,0
240320,1,1,11,17,0,0,0,0,0,0,0,0
240320,2,1,0,0,0,0,0,0,0,0,0,0
240321,0,1,3,3,3,3,3,3,3,3,3,3
240321,1,1,18,11,5,13,0,0,20,0,0,9
240322,1,1,0,0,0,0,0,0,0,0,0,0
240322,2,1,0,0,0,0,0,0,0,0,0,0
240323,0,1,38,17,24,30,22,26,13,31,41,31
240323,1,1,9,0,0,7,0,20,0,0,0,0
240324,0,1,0,0,0,18,0,0,22,0,0,0
240324,1,1,0,0,0,0,0,0,0,0,0,0
240325,0,1,0,0,0,0,0,0,0,0,0,0
240325,1,1,0,0,0,0,0,0,0,0,0,0
240326,1,1,0,0,0,0,0,0,0,0,0,0
240327,0,1,0,0,0,0,0,0,0,0,0,0
240327,1,1,0,0,0,0,0,0,0,0,0,0
240328,1,1,35,28,18,8,22,8,16,30,8,0
240329,1,1,0,0,0,0,0,0,0,0,0,0
240330,1,1,0,0,0,0,0,0,0,0,0,0
240330,2,1,0,0,0,0,0,0,0,0,0,0
240331,1,1,0,0,0,0,0,0,0,0,0,0
240331,2,1,0,0,0,0,0,0,0,0,0,0
240332,0,1,0,0,0,0,0,0,0,0,0,0
240332,0,2,0,0,0,0,0,0,0,0,0,0
240332,1,1,0,0,0,0,21,0,0,0,0,0
240333,1,1,0,0,0,0,0,7,0,23,21,22
240333,2,1,0,0,0,0,0,0,0,0,0,0
240333,3,1,0,0,0,0,0,0,0,0,0,0
240334,0,1,23,23,23,23,23,23,23,23,23,23
240334,1,1,0,0,0,0,0,0,13,0,0,0
240335,0,1,28,28,28,28,28,28,28,28,28,28
240335,1,1,0,0,6,0,0,0,0,0,0,37
240336,0,1,36,36,36,36,36,36,36,36,36,36
240336,1,1,0,0,0,0,0,0,0,0,0,0
240337,0,1,0,0,37,0,0,0,0,4,20,0
240337,1,1,0,0,0,22,23,0,0,0,0,0
240338,1,1,15,19,14,13,17,3,5,18,8,16
240338,2,1,16,0,0,0,0,0,0,20,0,11
240338,3,1,0,0,0,0,0,0,0,0,0,0
240339,0,1,19,0,0,0,0,31,17,0,0,0
240339,1,1,0,0,0,0,0,26,0,0,0,0
240340,1,1,0,0,0,0,0,0,0,0,0,0