ST_CASE,VEH_NO,PER_NO,P1,P2,P3,P4,P5,P6,P7,P8,P9,P10
260381,1,1,0,0,0,0,0,0,0,0,0,11
260381,2,1,0,0,0,0,0,0,0,0,0,0
260382,1,1,9,9,9,9,9,9,9,9,9,9
260382,2,1,17,18,13,0,0,12,15,2,17,0
260383,1,1,0,0,0,0,0,0,0,0,29,17
260384,0,1,17,17,17,17,17,17,17,17,17,17
260384,1,1,0,0,0,0,0,0,0,0,6,0
260385,1,1,0,0,0,0,0,0,0,0,0,0
260385,2,1,0,0,0,0,0,0,0,0,0,0
260386,0,1,0,0,0,0,0,21,0,0,7,0
260386,1,1,7,7,7,7,7,7,7,7,7,7
260387,1,1,0,0,0,0,0,0,0,0,0,0
260387,2,1,0,0,10,31,0,5,0,0,0,0
260388,1,1,0,0,0,0,0,4,0,0,0,0
260388,2,1,0,0,0,0,0,0,0,0,0,0
260389,1,1,0,0,0,0,0,0,0,0,0,0
260389,2,1,0,0,0,0,0,0,0,0,0,3
260390,1,1,0,0,0,0,0,0,0,0,0,0
260390,2,1,0,0,0,0,0,0,0,0,0,0
260391,1,1,0,0,0,0,0,0,0,0,0,0
260391,2,1,0,0,0,0,0,0,0,0,0,0
260391,3,1,0,0,0,0,0,0,0,0,0,0
260392,1,1,0,0,0,0,0,0,0,0,0,0
260393,1,1,0,0,0,0,0,0,0,15,0,0
260394,1,1,0,20,0,0,0,0,0,0,0,0
260395,0,1,0,0,0,0,0,0,0,0,0,0
260395,1,1,0,0,0,0,0,0,0,0,0,0
260396,1,1,0,0,0,0,26,0,15,10,0,0
260396,2,1,0,0,0,0,0,0,0,15,0,18
260397,1,1,0,0,0,0,0,0,0,0,0,0
260398,1,1,0,0,0,0,0,0,0,0,0,0
260398,2,1,0,0,0,26,0,0,0,12,0,0
260399,1,1,0,0,0,0,0,0,0,0,0,0
260399,2,1,0,0,0,0,0,0,0,0,0,0
260400,0,1,0,0,0,0,0,0,0,0,0,0
260400,0,2,0,0,0,0,0,0,0,0,0,0
260400,0,3,17,0,0,0,28,0,0,0,5,0
260400,0,4,0,0,0,0,0,0,0,0,0,0
260400,0,5,0,0,0,0,0,0,0,0,0,0
260400,0,6,40,0,0,0,0,12,0,0,10,0
260400,0,7,0,0,0,0,37,0,0,16,0,0
260400,0,8,0,0,0,0,17,0,0,0,0,0
260400,0,9,0,0,0,0,0,0,0,0,0,13
260400,1,1,0,0,0,0,0,0,0,0,0,0
260401,1,1,0,0,0,0,0,0,0,0,0,0
260401,2,1,0,0,0,0,0,0,0,0,0,0
260402,0,1,0,0,0,0,0,0,0,0,0,0
260402,1,1,0,0,0,0,0,0,0,0,27,0
260403,1,1,0,0,0,0,0,0,0,0,0,0
260403,2,1,0,0,0,0,0,0,0,0,0,0
260404,1,1,0,0,0,0,0,0,0,0,0,0
260404,2,1,0,0,0,0,0,0,0,0,0,0
260404,3,1,0,0,0,0,0,0,0,0,0,0
260404,4,1,0,0,0,0,0,0,0,0,0,0
260405,1,1,1,1,1,1,1,1,1,1,1,1
260406,1,1,0,0,0,0,0,0,0,0,0,0
260407,1,1,20,20,20,20,20,20,20,20,20,20
260408,0,1,22,22,22,22,22,22,22,22,22,22
260408,1,1,3,3,3,3,3,3,3,3,3,3
260409,1,1,17,17,17,17,17,17,17,17,17,17
260410,1,1,0,0,0,0,0,0,0,0,0,0
260411,1,1,21,21,21,21,21,21,21,21,21,21
260412,0,1,10,0,0,0,0,0,0,0,0,17
260412,1,1,0,11,0,0,0,0,0,0,11,0
260413,0,1,0,0,0,0,0,25,0,0,0,0
260413,1,1,0,0,0,0,0,0,0,0,0,0
260414,1,1,20,20,20,20,20,20,20,20,20,20
260415,1,1,0,0,0,0,0,0,0,0,0,0
260415,2,1,0,0,0,0,0,0,0,0,0,0
260416,1,1,0,0,7,0,0,0,10,0,5,13
260416,2,1,0,0,0,0,0,0,0,8,0,0
260416,3,1,0,0,0,9,0,0,16,0,0,24
260417,0,1,0,0,0,0,0,0,0,0,0,0
260417,1,1,0,0,0,0,0,0,0,0,0,0
260418,0,1,0,0,0,0,0,0,0,0,0,0
260418,1,1,0,0,0,0,0,0,0,0,0,0
260419,0,1,0,0,0,0,0,0,0,0,0,0
260419,1,1,3,3,3,3,3,3,3,3,3,3
260420,1,1,0,5,0,0,0,0,8,0,0,0
260420,2,1,0,0,0,0,0,0,0,0,0,0
260421,0,1,0,0,24,0,0,0,0,0,0,0
260421,1,1,0,0,9,0,0,19,0,8,0,0
260422,1,1,0,0,0,0,0,0,0,0,0,0
260422,2,1,0,0,0,0,0,0,0,6,0,0
260422,3,1,0,0,0,0,0,0,0,0,0,0
260422,4,1,0,0,0,0,0,0,0,0,0,0
260422,5,1,0,0,0,0,0,0,0,0,0,0
260422,6,1,0,0,0,0,0,32,0,19,0,0
260422,7,1,14,0,0,0,0,0,0,0,0,0
260423,1,1,0,0,0,0,0,0,0,0,0,0
260423,2,1,0,0,0,0,0,0,0,0,0,0
260424,1,1,0,0,0,0,3,0,0,0,0,0
260424,2,1,0,0,0,0,0,0,0,0,0,0
260425,1,1,0,0,0,0,0,0,0,0,0,0
260425,2,1,0,0,0,0,0,0,0,0,0,0
260426,1,1,18,18,18,18,18,18,18,18,18,18
260427,1,1,0,0,0,0,0,0,0,0,0,0
260427,2,1,15,0,16,0,34,16,0,0,0,6
260428,0,1,28,9,31,30,16,22,27,19,33,44
260428,1,1,0,15,0,0,0,0,0,0,0,0
260429,1,1,0,0,0,0,0,0,0,0,0,0
260429,2,1,0,0,0,0,0,0,0,0,0,0
260430,1,1,0,0,0,0,0,0,19,0,0,0
260431,1,1,0,0,0,0,0,0,0,0,0,0
260432,0,1,7,0,5,17,14,0,0,19,19,7
260432,1,1,0,12,0,0,0,0,0,0,16,0
260433,1,1,11,24,11,6,8,14,15,18,20,13
260434,1,1,0,0,0,0,0,0,0,0,0,0
260434,2,1,0,0,0,0,0,0,0,0,0,0
260435,1,1,13,13,13,13,13,13,13,13,13,13
260436,1,1,0,0,0,0,0,0,0,0,0,0
260436,2,1,0,0,0,0,0,0,0,0,0,0
260437,1,1,0,0,0,0,0,0,0,0,0,0
260437,2,1,0,0,0,0,0,0,0,0,0,0
260438,1,1,0,0,4,0,0,26,0,0,0,0
260439,0,1,30,30,30,30,30,30,30,30,30,30
260439,1,1,0,0,0,0,0,0,0,0,0,0
260440,1,1,0,0,0,0,0,0,0,0,0,0
260440,2,1,21,6,15,14,11,7,20,12,14,13
260441,1,1,0,0,0,0,0,0,0,0,0,0
260441,2,1,0,0,0,0,0,0,0,0,0,0
260442,1,1,0,0,0,0,0,0,0,0,0,0
260442,2,1,0,0,0,0,0,0,0,0,0,0
260443,0,1,0,0,0,0,0,0,0,0,0,0
260443,1,1,0,0,0,0,0,0,0,0,0,0
260445,0,1,0,0,0,0,0,0,0,0,0,0
260445,1,1,0,0,0,0,0,0,0,0,0,0
260446,1,1,0,0,0,0,0,0,0,0,0,0
260446,2,1,0,0,0,0,0,0,0,0,0,0
260447,0,1,0,0,0,0,0,0,0,0,0,0
260447,1,1,2,2,2,2,2,2,2,2,2,2
260448,1,1,0,0,0,0,0,0,0,0,0,0
260448,2,1,0,0,0,0,0,0,0,0,0,0
260449,1,1,11,11,11,11,11,11,11,11,11,11
260449,2,1,0,0,0,0,0,0,0,9,24,0
260450,1,1,12,12,12,12,12,12,12,12,12,12
260451,1,1,0,0,0,0,0,0,0,0,0,0
260451,2,1,0,0,0,0,0,0,0,0,0,0
260452,1,1,0,0,0,0,0,0,0,0,0,0
260452,2,1,0,0,0,0,0,0,0,0,0,0
260453,1,1,0,0,17,0,0,0,0,0,0,0
260454,1,1,0,0,0,0,0,0,0,0,0,0
260455,1,1,21,21,21,21,21,21,21,21,21,21
260455,2,1,0,0,0,0,0,25,0,0,0,0
260456,1,1,0,0,0,0,0,0,0,0,0,0
260456,2,1,0,0,0,0,0,0,0,0,0,6
260456,3,1,0,0,0,0,0,0,0,0,0,0
260457,0,1,0,0,0,0,0,0,0,0,0,0
260457,1,1,0,0,0,0,0,0,0,0,0,0
260458,1,1,0,0,0,0,0,0,0,0,0,0
260458,2,1,0,0,0,0,0,0,0,0,0,0
260459,1,1,5,5,5,5,5,5,5,5,5,5
260460,1,1,0,0,0,0,0,0,0,0,0,0
260461,1,1,0,0,0,0,0,0,0,0,0,0
260461,2,1,0,0,0,0,0,0,0,0,0,0
260461,3,1,0,0,0,0,0,0,0,0,0,0
260462,1,1,13,27,0,0,13,0,0,0,17,0
260463,1,1,0,0,0,0,0,0,0,0,0,0
260463,2,1,0,0,0,0,0,0,0,0,0,0
260464,0,1,29,9,37,41,15,7,16,50,17,0
260464,1,1,1,1,1,1,1,1,1,1,1,1
260465,1,1,1,1,1,1,1,1,1,1,1,1
260466,1,1,11,11,11,11,11,11,11,11,11,11
260467,1,1,0,0,0,0,0,0,0,0,0,0
260467,2,1,0,0,0,0,0,0,0,0,0,0
260468,1,1,0,0,0,0,0,0,13,0,0,0
260469,1,1,0,0,0,0,0,0,0,0,0,0
260469,2,1,0,0,0,0,0,8,0,0,0,14
260470,1,1,0,0,12,0,0,0,0,0,27,21
260471,1,1,0,0,0,0,0,14,0,20,0,0
260472,1,1,0,0,0,0,0,22,31,0,20,0
260473,1,1,0,0,14,0,0,0,0,0,0,0
260473,2,1,0,0,0,0,0,21,18,0,9,0
260474,1,1,0,0,0,0,0,0,0,0,0,0
260474,2,1,0,0,0,0,0,0,0,0,0,0
260474,3,1,0,0,0,0,0,0,0,0,0,0
260475,1,1,0,0,0,0,0,0,0,0,17,0
260475,2,1,0,0,0,0,0,0,0,0,0,0
260476,0,1,0,0,0,0,0,0,0,21,0,0
260476,1,1,0,0,0,0,0,0,0,0,36,0
260477,1,1,5,0,6,20,0,20,0,0,0,0
260478,0,1,0,0,0,0,0,0,0,0,0,0
260478,1,1,0,0,0,0,0,0,0,0,0,0
260479,1,1,3,3,3,3,3,3,3,3,3,3
260480,1,1,11,11,11,11,11,11,11,11,11,11
260480,2,1,0,0,0,0,0,0,0,0,0,0
260481,1,1,0,0,0,0,0,0,0,0,0,0
260482,1,1,0,0,0,0,0,0,0,0,0,0
260482,2,1,0,0,0,0,0,0,0,0,0,0
260483,1,1,0,0,0,0,0,0,0,0,0,0
260484,1,1,0,0,0,0,0,0,0,0,0,0
260484,2,1,0,0,0,0,0,0,0,0,0,0
260484,3,1,0,0,0,0,0,0,0,0,0,0
260485,1,1,0,0,0,0,0,0,0,0,0,0
260486,1,1,11,11,11,11,11,11,11,11,11,11
260486,2,1,5,5,5,5,5,5,5,5,5,5
260487,1,1,16,0,0,0,0,0,0,0,0,0
260488,1,1,0,9,0,0,0,0,0,0,0,0
260489,1,1,0,0,0,0,0,0,0,0,0,0
260489,2,1,0,0,0,0,0,0,0,0,0,0
260489,3,1,0,0,0,0,0,0,0,0,0,0
260490,0,1,0,0,0,0,0,0,0,0,0,0
260490,1,1,0,0,0,0,0,0,0,0,0,0
260490,2,1,0,0,0,0,0,0,0,0,0,0
260491,1,1,0,0,0,0,0,0,0,0,0,0
260491,2,1,0,0,0,0,0,0,0,0,0,0
260492,1,1,0,0,0,10,0,0,0,0,0,15
260492,2,1,0,0,0,0,0,0,0,0,0,0
260493,1,1,0,0,0,0,0,0,0,0,0,0
260493,2,1,0,0,0,0,0,0,0,0,0,0
260494,1,1,0,5,0,0,0,0,21,0,0,0
260495,1,1,14,14,14,14,14,14,14,14,14,14
260496,1,1,2,2,2,2,2,2,2,2,2,2
260496,2,1,0,0,0,0,0,0,0,0,0,0
260497,1,1,0,0,0,0,0,0,0,0,0,0
260498,1,1,0,0,0,0,0,0,0,0,0,0
260499,1,1,0,0,0,0,0,0,0,0,0,0
260499,2,1,0,0,0,0,0,14,0,0,0,0
260500,1,1,0,0,0,0,0,0,0,0,0,0
260501,1,1,14,14,14,14,14,14,14,14,14,14
260501,2,1,14,14,14,14,14,14,14,14,14,14
260502,1,1,0,0,0,0,0,0,0,0,0,0
260502,2,1,0,0,0,0,0,0,0,0,0,0
260502,3,1,0,0,0,0,0,0,0,0,0,0
260503,1,1,18,18,18,18,18,18,18,18,18,18
260503,2,1,0,0,0,0,0,0,0,0,0,25
260504,1,1,0,0,0,0,0,28,25,0,16,0
260504,2,1,17,0,0,0,0,0,0,0,0,0
260505,1,1,13,13,13,13,9,14,19,14,14,30
260505,2,1,0,0,0,0,0,0,0,0,0,0
260506,1,1,0,0,0,0,0,0,0,0,0,0
260506,2,1,0,0,0,0,0,0,0,0,0,0
260507,1,1,0,0,0,30,0,0,0,0,0,0
260508,0,1,0,0,0,0,0,0,0,0,0,0
260508,1,1,0,0,0,0,0,0,0,0,0,0
260509,1,1,8,8,8,8,8,8,8,8,8,8
260510,1,1,0,0,0,0,0,0,0,0,0,0
260511,1,1,0,0,0,0,0,0,0,0,10,0
260511,2,1,0,0,0,0,0,0,0,0,0,0
260512,0,1,0,0,0,0,0,0,0,0,0,0
260512,1,1,0,0,0,0,0,0,0,0,0,0
260513,0,1,15,31,13,19,34,22,40,20,14,7
260513,1,1,0,0,0,0,0,0,0,0,0,0
260514,1,1,0,0,0,0,0,0,0,0,0,0
260514,2,1,0,0,0,0,0,0,0,0,0,0
260515,1,1,11,11,11,11,11,11,11,11,11,11
260516,1,1,0,0,0,0,0,0,0,0,8,0
260516,2,1,0,0,0,0,0,0,11,0,0,0
260517,1,1,0,0,0,0,0,0,0,0,0,0
260517,2,1,0,0,0,0,0,0,0,0,0,0
260518,1,1,0,0,0,0,0,0,0,0,0,0
260518,2,1,0,0,0,0,0,0,0,0,0,0
260519,1,1,0,0,0,0,0,0,0,0,0,0
260519,2,1,0,0,0,0,0,0,0,0,0,0
260520,1,1,0,0,0,0,0,0,0,0,0,0
260521,1,1,0,0,0,0,0,0,0,0,0,0
260521,2,1,0,0,0,0,0,0,0,0,0,0
260522,1,1,0,0,0,0,0,0,0,0,0,0
260523,1,1,0,0,0,0,0,0,0,0,0,0
260523,2,1,23,23,23,23,23,23,23,23,23,23
260524,0,1,0,0,0,0,0,0,0,0,0,0
260524,1,1,7,7,7,7,7,7,7,7,7,7
260525,0,1,0,0,0,0,0,0,0,27,0,0
260525,1,1,0,0,0,0,0,0,0,0,0,0
260527,1,1,0,0,0,0,0,0,0,0,0,0
260527,2,1,0,0,0,0,0,0,0,0,0,0
260528,0,1,0,0,0,0,0,0,0,0,0,0
260528,1,1,0,0,0,0,0,0,0,0,0,0
260529,1,1,0,0,0,0,0,0,0,0,0,0
260529,2,1,0,0,0,0,0,0,0,0,0,0
260530,1,1,0,0,0,0,0,0,0,0,0,0
260530,2,1,0,0,0,0,0,0,0,0,0,0
260531,0,1,0,0,0,0,0,0,0,0,0,0
260531,1,1,0,0,0,0,0,0,0,0,0,0
260532,1,1,0,0,0,0,0,0,0,0,0,0
260533,1,1,0,0,0,0,0,0,0,0,0,0
260533,2,1,0,0,0,0,0,0,0,0,0,0
260534,0,1,0,0,0,0,0,0,0,0,0,0
260534,1,1,0,0,0,0,0,0,0,0,0,0
260535,1,1,0,0,0,0,0,0,0,0,0,0
260535,2,1,0,0,0,0,0,0,0,0,0,0
260536,1,1,0,0,0,0,0,0,0,0,0,0
260536,2,1,0,0,0,0,0,0,0,0,0,0
260537,1,1,0,0,0,0,0,0,0,0,0,0
260537,2,1,0,0,0,0,0,0,0,0,0,0
260538,1,1,22,0,0,0,0,0,0,0,0,0
260539,1,1,0,0,0,0,0,25,0,0,0,0
260539,2,1,0,0,0,0,0,0,0,0,0,0
260540,1,1,0,0,0,0,0,0,0,0,0,0
260540,2,1,0,9,0,16,4,9,0,15,0,0
260541,1,1,18,18,18,18,18,18,18,18,18,18
260542,1,1,0,0,0,0,0,0,0,0,0,0
260542,2,1,0,0,0,0,0,0,0,0,0,0
260543,1,1,26,26,26,26,26,26,26,26,26,26
260544,1,1,5,5,5,5,5,5,5,5,5,5
260545,0,1,0,0,0,0,0,0,0,0,0,0
260545,1,1,0,0,0,0,0,0,0,0,0,0
260546,0,1,0,0,0,0,0,0,0,0,0,0
260546,1,1,0,0,0,0,0,0,0,0,0,0
260547,1,1,14,5,19,11,13,20,12,15,35,9
260548,1,1,0,0,0,0,0,0,0,0,0,0
260548,2,1,0,0,0,0,0,0,0,0,0,0
260549,1,1,0,0,0,0,0,0,0,0,0,0
260549,2,1,0,0,0,0,0,0,0,0,0,0
260550,1,1,0,0,0,0,0,0,0,0,0,0
260551,1,1,17,17,17,17,17,17,17,17,17,17
260552,1,1,0,0,0,0,0,0,0,0,0,0
260552,2,1,0,0,0,0,0,0,0,0,0,0
260553,1,1,0,0,0,0,0,0,0,0,0,0
260553,2,1,0,0,0,0,0,0,0,0,0,0
260553,3,1,0,0,0,0,0,0,0,0,0,13
260554,1,1,0,0,0,0,0,0,0,0,0,0
260554,2,1,0,0,0,0,0,0,0,0,0,0
260555,1,1,25,19,0,19,15,0,0,0,0,0
260556,1,1,15,0,0,0,0,0,0,0,0,0
260557,0,1,0,0,0,0,0,0,0,0,0,0
260557,1,1,0,9,0,0,0,0,0,0,0,0
260558,0,1,19,0,0,0,0,0,0,0,0,0
260558,1,1,0,0,28,0,15,0,0,0,0,0
260559,0,1,0,0,0,0,0,0,0,0,0,0
260559,1,1,0,0,0,0,0,0,0,0,0,0
260560,1,1,10,10,10,10,10,10,10,10,10,10
260560,2,1,0,0,0,23,0,0,0,7,16,0
260561,1,1,0,0,0,13,0,0,0,0,20,17
260562,1,1,19,10,16,8,14,26,12,10,31,27
260563,1,1,0,0,0,0,0,0,0,0,0,0
260563,2,1,0,0,0,0,0,0,0,0,0,0
260564,1,1,0,0,0,0,0,0,0,0,0,0
260564,2,1,0,0,0,0,0,0,0,0,0,0
260565,1,1,0,0,0,0,0,0,10,0,0,0
260567,1,1,0,0,0,0,0,0,0,0,0,0
260567,2,1,0,0,0,0,0,0,0,0,0,0
260568,0,1,12,25,11,10,20,27,18,16,44,14
260568,1,1,0,0,0,0,0,15,23,0,0,0
260569,1,1,9,12,0,0,0,0,0,28,0,0
260569,2,1,0,0,0,0,0,0,0,0,0,0
260569,3,1,16,0,18,0,0,0,0,16,0,0
260570,1,1,0,0,0,0,0,0,0,0,0,0
260571,1,1,20,20,20,20,20,20,20,20,20,20
260572,0,1,0,0,0,0,0,0,0,0,0,0
260572,1,1,0,0,0,0,0,0,0,0,0,0
260573,1,1,0,0,0,0,0,0,12,0,0,14
260574,1,1,0,0,0,0,0,0,0,0,0,0
260575,1,1,14,14,21,18,10,18,0,0,26,14
260576,1,1,0,0,16,0,0,16,19,0,10,13
260576,2,1,11,6,0,0,0,0,14,0,0,4
260577,1,1,0,0,0,0,0,0,0,0,0,0
260577,2,1,0,0,0,0,0,0,0,0,0,0
260577,3,1,0,0,0,0,0,0,0,0,0,0
260577,4,1,22,0,0,0,0,0,0,0,0,0
260578,1,1,0,0,0,0,0,0,0,0,0,0
260579,0,1,0,0,0,0,0,0,0,0,5,0
260579,1,1,10,28,0,0,28,6,14,17,0,0
260580,1,1,7,7,7,7,7,7,7,7,7,7
260581,1,1,0,0,0,0,0,0,15,0,0,0
260581,2,1,0,0,0,0,0,0,0,0,0,0
260582,0,1,0,0,0,0,0,0,0,0,0,0
260582,1,1,0,0,0,0,0,0,0,0,0,0
260583,1,1,0,0,0,0,0,0,0,0,0,0
260584,1,1,0,0,0,0,0,0,0,0,0,0
260584,2,1,0,0,0,0,0,0,0,0,0,0
260585,1,1,0,0,0,0,0,0,0,0,0,0
260585,2,1,0,0,0,0,0,0,0,0,0,0
260586,1,1,0,0,0,0,0,0,0,0,0,0
260586,2,1,0,0,0,0,0,18,0,0,0,28
260587,1,1,0,0,0,0,0,0,0,0,0,0
260587,2,1,0,0,0,0,0,0,0,0,0,0
260588,1,1,20,20,20,20,20,20,20,20,20,20
260589,1,1,0,0,0,0,0,0,0,0,0,0
260590,1,1,0,0,24,0,0,0,0,0,0,0
260591,1,1,0,0,0,0,0,0,0,0,0,0
260591,2,1,5,0,0,0,0,0,0,0,0,0
260592,1,1,0,0,0,0,9,0,0,0,0,0
260592,2,1,0,0,0,0,0,0,0,0,0,0
260593,1,1,0,0,0,0,0,0,0,0,0,0
260593,2,1,29,0,0,0,0,0,0,0,0,0
260594,0,1,13,16,9,21,4,33,16,13,20,23
260594,1,1,0,0,0,0,0,0,0,0,0,0
260595,0,1,0,0,0,0,0,0,0,0,0,0
260595,1,1,0,0,9,0,0,0,0,0,0,5
260596,0,1,0,0,0,0,0,0,0,0,0,0
260596,1,1,0,0,0,0,0,0,0,0,0,5
260597,1,1,0,0,0,0,0,0,0,0,0,0
260598,1,1,0,0,0,0,0,0,0,0,0,0
260599,1,1,0,0,0,0,0,0,0,0,0,0
260600,1,1,42,6,11,33,19,15,29,16,16,4
260601,1,1,0,0,0,0,0,0,0,0,0,0
260602,1,1,0,0,0,0,0,0,0,9,0,0
260602,2,1,0,0,0,0,0,0,0,0,0,0
260603,1,1,0,0,0,0,0,0,0,0,0,0
260603,2,1,0,0,0,0,0,0,0,0,10,0
260604,1,1,0,0,0,0,0,0,0,0,0,0
260604,2,1,0,0,0,0,0,0,0,0,0,0
260605,1,1,11,22,21,13,0,8,19,13,8,22
260606,1,1,0,0,0,0,0,0,0,0,0,0
260606,2,1,0,0,0,0,0,0,0,0,0,0
260607,1,1,24,23,13,0,25,18,19,12,0,8
260608,1,1,0,0,0,0,0,0,0,0,0,0
260608,2,1,0,0,0,0,0,0,0,0,0,0
260609,1,1,21,14,24,9,6,8,16,11,18,10
260609,2,1,13,13,13,13,13,13,13,13,13,13
260610,1,1,0,0,0,0,0,0,0,0,0,0
260610,2,1,0,0,0,0,0,0,0,0,13,0
260611,1,1,0,0,0,0,0,0,0,0,0,0
260612,1,1,0,14,0,0,0,0,0,0,0,0
260613,1,1,12,12,12,12,12,12,12,12,12,12
260613,2,1,0,0,0,0,0,0,0,0,0,0
260614,1,1,0,0,0,0,0,0,0,0,0,9
260615,1,1,0,0,0,0,0,0,0,0,0,0
260615,2,1,3,3,3,3,3,3,3,3,3,3
260616,1,1,0,0,0,0,0,0,0,0,0,0
260617,1,1,0,0,0,0,0,0,0,0,0,0
260617,2,1,0,0,0,0,0,0,0,0,0,0
260618,0,1,0,0,0,0,0,0,0,0,0,0
260618,1,1,0,0,0,0,0,0,0,0,0,7
260619,1,1,0,0,0,0,0,0,0,0,0,0
260619,2,1,0,0,0,0,0,0,0,0,0,0
260620,1,1,0,0,0,0,0,0,0,0,0,0
260620,2,1,0,0,25,0,0,0,0,0,0,0
260620,3,1,0,0,0,0,0,0,0,0,0,0
260621,1,1,0,0,0,0,0,0,0,0,0,0
260622,0,1,0,0,0,0,0,0,0,0,0,0
260622,1,1,6,0,0,0,0,0,0,0,0,0
260623,1,1,0,0,0,0,0,12,0,0,0,0
260623,2,1,0,0,0,0,0,0,0,0,0,0
260623,3,1,0,0,0,0,0,0,0,0,0,0
260624,1,1,37,22,16,15,18,11,10,25,22,20
260625,1,1,12,12,12,12,12,12,12,12,12,12
260625,2,1,24,18,14,22,34,16,0,16,11,8
260626,1,1,15,15,15,15,15,15,15,15,15,15
260626,2,1,0,0,0,0,0,16,0,0,0,0
260627,1,1,0,0,0,0,0,0,0,0,0,0
260627,2,1,0,0,2,0,0,0,0,0,0,0
260627,3,1,0,0,0,0,0,0,0,0,0,0
260628,1,1,0,0,0,0,0,0,0,0,0,0
260628,2,1,0,0,0,0,8,0,14,0,0,0
260629,1,1,0,0,0,0,0,0,0,0,0,0
260630,1,1,0,0,0,0,0,0,0,0,0,0
260631,1,1,0,0,0,0,0,0,0,0,0,0
260631,2,1,0,0,0,0,0,0,0,0,0,0
260632,1,1,8,0,0,0,14,0,0,0,0,0
260633,1,1,11,11,11,11,11,11,11,11,11,11
260633,2,1,0,19,9,14,0,0,0,3,0,0
260634,1,1,0,0,0,0,0,0,0,0,0,0
260634,2,1,0,0,0,0,0,0,0,0,0,0
260635,1,1,0,15,0,14,0,0,0,0,22,7
260636,0,1,0,0,0,0,0,0,0,0,0,0
260636,1,1,0,0,0,0,0,0,0,0,0,0
260637,1,1,26,26,26,26,26,26,26,26,26,26
260638,1,1,0,0,0,0,0,0,0,0,0,0
260638,2,1,0,0,0,0,0,0,0,0,0,0
260639,1,1,7,7,7,7,7,7,7,7,7,7
260640,1,1,0,0,0,0,0,0,0,0,0,0
260640,2,1,0,0,0,0,0,0,0,0,0,0
260641,1,1,0,0,0,0,0,0,0,0,0,0
260641,2,1,0,0,0,0,0,0,0,0,0,0
260642,1,1,20,12,17,10,10,0,7,9,8,4
260642,2,1,14,13,40,14,5,29,7,6,12,13
260643,1,1,13,13,13,13,13,13,13,13,13,13
260643,2,1,2,2,2,2,2,2,2,2,2,2
260644,1,1,0,0,0,0,0,0,0,0,0,0
260645,1,1,0,0,0,0,0,0,0,0,0,0
260645,2,1,2,2,2,2,2,2,2,2,2,2
260646,1,1,19,19,19,19,19,19,19,19,19,19
260647,1,1,0,0,0,0,0,0,0,0,0,0
260647,2,1,0,0,0,0,0,0,0,0,0,0
260648,1,1,0,0,0,0,0,0,0,0,0,0
260649,1,1,0,0,0,0,0,0,0,0,0,0
260649,2,1,0,0,0,0,0,0,0,0,0,0
260649,3,1,0,0,0,0,0,0,0,0,0,0
260649,4,1,0,0,0,0,0,0,0,0,0,0
260650,0,1,0,0,0,0,0,0,0,0,0,0
260650,1,1,0,0,0,0,0,0,0,0,0,0
260650,2,1,0,0,0,0,0,0,0,0,0,0
260651,1,1,0,0,0,0,0,0,14,0,0,0
260652,1,1,0,0,0,0,0,0,0,0,0,0
260652,2,1,0,0,0,0,0,0,0,0,0,0
260653,0,1,0,29,0,20,5,0,0,0,0,0
260653,1,1,0,0,0,0,0,0,0,0,0,0
260653,2,1,0,0,0,0,0,0,0,0,0,0
260654,1,1,0,0,26,0,0,0,0,0,0,0
260654,2,1,0,0,0,0,0,0,0,0,0,0
260655,1,1,0,0,0,0,0,0,0,0,0,0
260655,2,1,0,0,0,0,0,0,0,0,0,0
260656,1,1,42,42,42,42,42,42,42,42,42,42
260657,1,1,0,0,0,0,0,0,10,0,0,0
260658,1,1,0,0,0,0,0,0,0,0,0,0
260658,2,1,0,0,0,0,0,0,0,0,0,0
260659,1,1,1,1,1,1,1,1,1,1,1,1
260659,2,1,0,0,0,0,0,0,0,0,0,0
260660,1,1,0,0,0,0,12,0,0,0,0,0
260661,1,1,0,0,0,0,0,36,0,0,5,0
260662,1,1,4,0,0,0,0,0,0,0,0,0
260662,2,1,0,0,0,8,0,0,0,0,0,0
260662,3,1,0,0,0,0,0,0,0,0,0,0
260663,1,1,0,10,0,0,0,0,0,0,0,0
260663,2,1,0,0,0,0,0,0,0,0,0,0
260664,1,1,17,17,17,17,17,17,17,17,17,17
260665,0,1,0,18,0,7,0,0,18,0,0,0
260665,1,1,0,0,0,0,0,0,0,0,0,0
260667,1,1,10,10,10,10,10,10,10,10,10,10
260667,2,1,0,0,0,29,0,0,0,0,0,0
260668,1,1,6,0,5,11,0,2,0,17,0,17
260669,0,1,0,16,0,0,0,0,0,0,0,0
260669,1,1,0,0,0,0,0,0,0,0,0,0
260670,1,1,0,0,0,9,25,11,7,5,0,0
260671,1,1,0,0,0,0,0,0,0,0,0,0
260671,3,1,17,0,0,26,0,0,0,0,0,0
260672,1,1,16,16,16,16,16,16,16,16,16,16
260673,1,1,0,0,0,0,0,0,0,0,0,0
260673,2,1,0,4,0,0,0,0,0,0,0,0
260674,1,1,0,0,0,0,0,0,0,0,0,0
260674,2,1,0,0,0,0,0,0,0,0,0,0
260675,1,1,0,0,0,0,0,0,0,0,0,0
260676,1,1,16,16,16,16,16,16,16,16,16,16
260677,1,1,0,0,0,0,0,0,0,0,0,0
260678,1,1,0,7,0,0,0,0,0,0,19,0
260678,2,1,0,0,0,8,0,0,0,27,0,0
260679,1,1,38,38,38,38,38,38,38,38,38,38
260680,0,1,43,0,0,0,0,0,0,0,0,23
260680,1,1,0,0,0,0,0,0,0,0,0,0
260681,0,1,0,0,0,0,0,0,0,0,0,0