ST_CASE,VEH_NO,PER_NO,P1,P2,P3,P4,P5,P6,P7,P8,P9,P10
310195,3,1,0,0,0,0,0,0,0,0,0,0
310195,4,1,0,0,0,0,0,0,0,0,0,0
320001,1,1,0,0,0,0,0,0,0,0,0,0
320001,2,1,0,0,0,0,0,0,0,0,0,0
320002,1,1,26,26,26,26,26,26,26,26,26,26
320002,2,1,0,0,0,0,0,0,0,0,0,0
320003,0,1,0,0,0,0,0,0,0,0,0,0
320003,1,1,13,13,13,13,13,13,13,13,13,13
320004,0,1,6,6,6,6,6,6,6,6,6,6
320004,1,1,0,0,0,0,0,0,0,0,0,0
320005,1,1,31,31,31,31,31,31,31,31,31,31
320006,0,1,26,26,26,26,26,26,26,26,26,26
320006,1,1,0,0,0,0,0,0,0,0,0,15
320007,1,1,0,0,0,0,0,0,0,0,0,0
320008,1,1,18,18,18,18,18,18,18,18,18,18
320009,1,1,0,0,0,0,0,0,0,0,0,0
320009,2,1,0,0,0,0,0,0,0,0,0,0
320010,1,1,0,0,0,0,0,0,0,0,0,0
320011,1,1,0,0,0,0,0,0,0,0,0,0
320012,0,1,5,5,5,5,5,5,5,5,5,5
320012,1,1,0,0,0,0,0,0,0,0,0,0
320013,0,1,24,24,24,24,24,24,24,24,24,24
320013,1,1,0,0,0,0,0,0,0,0,0,0
320014,0,1,0,0,0,0,0,0,0,0,0,0
320014,1,1,0,0,0,0,0,0,21,0,0,0
320015,1,1,9,9,9,9,9,9,9,9,9,9
320015,2,1,0,0,0,0,0,0,0,18,0,0
320016,1,1,9,9,9,9,9,9,9,9,9,9
320016,2,1,0,0,0,0,0,0,0,0,0,0
320016,3,1,0,0,0,0,0,0,0,0,0,0
320017,1,1,0,0,0,0,0,0,0,0,0,0
320017,2,1,0,0,0,0,0,0,0,0,0,0
320018,0,1,26,26,26,26,26,26,26,26,26,26
320018,1,1,0,11,0,31,0,0,23,0,13,0
320019,0,1,0,0,0,0,0,0,0,0,0,0
320019,1,1,0,0,0,0,0,0,0,0,0,0
320020,1,1,0,0,0,0,0,0,0,0,0,0
320020,2,1,0,0,0,0,0,0,0,0,0,0
320020,3,1,0,0,0,0,0,0,0,0,0,0
320021,0,1,0,0,0,0,0,0,0,0,0,0
320021,1,1,10,16,15,0,4,18,12,2,19,16
320022,1,1,22,22,22,22,22,22,22,22,22,22
320023,1,1,9,9,9,9,9,9,9,9,9,9
320023,2,1,0,0,0,0,0,0,0,0,0,0
320024,1,1,0,0,0,0,0,0,0,0,0,0
320025,0,1,0,0,0,0,0,0,0,0,0,0
320025,1,1,0,0,0,0,0,0,0,0,0,0
320026,1,1,5,5,5,5,5,5,5,5,5,5
320026,2,1,0,0,0,0,0,0,0,0,0,0
320026,3,1,0,0,0,0,22,0,0,0,0,0
320026,4,1,0,0,0,0,0,0,0,0,0,0
320026,5,1,12,28,8,0,23,12,33,12,23,0
320027,1,1,0,0,0,0,0,0,0,0,0,0
320027,2,1,0,0,0,0,0,0,0,0,0,0
320027,3,1,0,0,0,0,0,0,0,0,0,0
320028,0,1,0,0,0,0,0,0,0,0,0,0
320028,1,1,0,0,0,0,0,0,0,0,0,0
320029,1,1,16,16,16,16,16,16,16,16,16,16
320030,1,1,17,17,17,17,17,17,17,17,17,17
320030,2,1,0,0,12,0,0,0,0,0,25,0
320031,1,1,27,27,27,27,27,27,27,27,27,27
320031,2,1,14,0,0,0,0,0,0,3,0,0
320032,0,1,12,12,12,12,12,12,12,12,12,12
320032,1,1,0,0,15,12,0,0,0,0,5,0
320033,1,1,0,0,0,0,24,0,0,0,20,0
320034,1,1,0,0,0,0,0,0,0,0,0,0
320034,2,1,0,0,0,0,15,0,0,0,0,0
320035,1,1,0,0,0,0,0,0,0,0,0,0
320035,2,1,0,0,0,0,0,0,0,0,0,0
320036,0,1,34,34,34,34,34,34,34,34,34,34
320036,1,1,0,0,0,0,0,0,0,0,0,0
320037,1,1,0,0,0,0,0,0,0,0,0,0
320038,1,1,11,11,11,11,11,11,11,11,11,11
320038,2,1,0,0,0,0,0,0,0,0,0,0
320039,0,1,17,0,25,0,0,0,0,0,0,0
320039,0,2,0,0,0,0,0,0,0,0,0,0
320039,1,1,0,0,5,0,0,0,0,0,0,0
320040,1,1,16,16,16,16,16,16,16,16,16,16
320040,2,1,10,10,10,10,10,10,10,10,10,10
320041,0,1,33,33,33,33,33,33,33,33,33,33
320041,1,1,0,0,12,0,0,0,0,0,0,0
320042,1,1,0,0,0,0,0,0,0,0,0,0
320043,1,1,0,0,0,0,0,0,0,0,0,0
320043,2,1,0,0,0,0,0,0,0,0,0,0
320043,3,1,0,0,0,0,0,0,0,22,0,0
320044,1,1,0,0,0,0,0,0,0,0,0,0
320045,1,1,0,0,0,0,0,0,0,0,0,0
320046,1,1,0,0,0,0,0,0,0,0,0,0
320047,1,1,0,0,0,0,0,0,0,0,0,0
320047,2,1,0,0,0,0,0,0,0,0,0,0
320048,1,1,0,0,0,0,0,0,0,0,0,0
320048,2,1,0,0,0,0,0,0,0,0,0,0
320049,0,1,31,31,31,31,31,31,31,31,31,31
320049,1,1,0,0,0,0,0,0,0,0,0,0
320050,1,1,0,0,0,0,0,0,0,0,0,0
320050,2,1,0,0,0,0,0,0,0,0,0,0
320051,1,1,0,0,0,0,0,0,0,0,0,0
320052,1,1,0,0,0,0,0,0,0,0,0,0
320052,2,1,0,0,0,0,0,0,0,0,0,0
320053,0,1,23,23,23,23,23,23,23,23,23,23
320053,1,1,0,0,0,0,0,0,0,0,0,0
320054,1,1,0,0,0,0,0,0,0,0,0,0
320054,2,1,0,0,0,5,0,0,0,0,0,0
320055,0,1,0,0,0,0,0,0,0,0,0,0
320055,1,1,0,0,0,0,0,0,0,0,0,0
320056,1,1,0,0,0,0,0,0,0,0,0,0
320056,2,1,0,0,0,0,0,0,0,0,0,0
320056,3,1,0,0,0,0,0,0,0,0,0,0
320057,1,1,0,0,0,0,0,0,0,0,0,0
320057,2,1,0,0,0,0,0,0,0,22,0,0
320057,3,1,22,0,0,0,0,0,0,0,0,0
320057,4,1,0,0,0,0,0,0,0,0,0,0
320057,5,1,0,0,0,0,0,0,0,0,0,0
320058,1,1,0,0,0,0,0,0,0,0,0,0
320058,2,1,0,0,0,0,0,0,0,0,0,0
320059,0,1,0,0,0,0,0,0,0,0,0,0
320059,1,1,0,0,0,0,0,0,12,9,0,0
320060,1,1,0,0,0,0,12,0,0,0,0,27
320060,2,1,0,0,0,0,0,0,0,0,0,0
320061,0,1,0,0,0,0,0,0,0,0,0,0
320061,1,1,0,0,0,0,0,0,0,0,0,0
320061,2,1,0,0,13,0,0,0,0,0,0,0
320062,1,1,13,13,13,13,13,13,13,13,13,13
320063,1,1,0,0,0,0,0,0,0,0,0,0
320064,1,1,16,16,16,16,16,16,16,16,16,16
320064,2,1,28,28,28,28,28,28,28,28,28,28
320065,1,1,0,0,0,0,0,0,0,0,0,0
320065,2,1,0,0,0,0,0,0,0,0,0,0
320066,1,1,0,0,0,0,0,0,0,0,0,0
320067,1,1,0,0,0,0,0,0,0,0,0,0
320068,1,1,0,0,0,0,0,0,0,0,0,0
320068,2,1,0,0,0,0,0,0,0,0,0,0
320069,1,1,27,15,9,15,0,19,18,8,0,23
320070,1,1,0,0,0,0,0,0,0,0,0,0
320071,1,1,0,0,0,0,0,0,0,0,0,14
320072,1,2,21,0,0,0,0,0,0,0,0,0
320073,0,1,0,0,0,0,0,0,0,0,0,0
320073,1,1,0,0,0,0,0,0,0,0,0,0
320074,0,1,15,15,15,15,15,15,15,15,15,15
320074,1,1,0,0,0,0,0,0,0,0,0,0
320075,0,1,0,0,0,0,0,0,0,0,0,0
320075,1,1,0,0,0,0,0,0,0,0,0,0
320076,0,1,10,10,10,10,10,10,10,10,10,10
320076,1,1,23,0,23,24,9,0,0,16,21,0
320077,1,1,0,0,0,0,0,0,0,0,0,0
320077,2,1,0,0,0,0,0,0,0,0,0,0
320078,1,1,0,0,0,0,0,0,0,0,0,0
320078,2,1,0,0,0,0,0,0,0,0,0,0
320079,1,1,0,0,23,0,0,0,0,0,0,0
320079,2,1,0,0,0,0,0,0,0,0,0,0
320080,0,1,0,0,0,0,0,0,0,0,0,0
320080,1,1,20,20,20,20,20,20,20,20,20,20
320081,0,1,16,16,16,16,16,16,16,16,16,16
320081,1,1,0,0,0,0,0,0,0,0,0,0
320082,1,1,0,0,0,0,0,0,0,0,0,0
320082,2,1,0,0,0,0,0,0,0,0,0,0
320082,3,1,0,0,0,0,22,0,0,0,0,0
320083,1,1,0,0,0,0,0,0,0,0,17,0
320083,2,1,0,0,0,0,0,0,0,0,0,0
320083,3,1,0,0,0,0,0,0,8,0,0,0
320083,4,1,0,0,13,0,0,10,0,0,0,0
320084,1,1,0,0,0,0,0,0,0,0,0,0
320085,1,1,0,0,0,0,0,0,0,0,0,0
320086,1,1,26,26,26,26,26,26,26,26,26,26
320087,1,1,20,20,20,20,20,20,20,20,20,20
320087,2,1,0,0,0,0,0,0,0,0,0,0
320088,0,1,0,0,0,0,0,0,0,0,0,0
320088,1,1,0,0,4,0,0,0,0,0,0,0
320089,1,1,0,0,0,0,0,0,0,0,0,0
320089,2,1,0,0,0,25,0,0,0,0,0,0
320090,1,1,0,0,0,0,0,0,6,0,0,0
320091,1,1,11,11,11,11,11,11,11,11,11,11
320092,1,1,0,0,0,0,0,0,0,0,0,0
320093,1,1,0,0,0,0,0,0,0,0,0,0
320093,2,1,0,0,0,0,0,0,0,0,0,0
320094,1,1,9,9,9,9,9,9,9,9,9,9
320095,1,1,0,0,0,0,0,0,0,0,0,0
320095,2,1,0,0,0,0,0,0,0,0,0,0
320096,1,1,13,13,13,13,13,13,13,13,13,13
320097,1,1,0,0,0,0,0,0,0,0,0,0
320097,2,1,0,0,0,0,0,0,0,0,0,0
320097,3,1,0,0,0,0,0,0,0,0,0,0
320097,4,1,0,0,0,0,0,0,0,0,0,0
320097,5,1,0,0,0,0,0,0,0,0,0,0
320098,0,1,4,4,4,4,4,4,4,4,4,4
320098,1,1,0,0,0,20,0,13,11,16,12,19
320099,1,1,0,0,0,0,0,0,0,0,0,0
320099,2,1,0,0,0,0,0,0,0,8,0,0
320099,3,1,0,0,0,0,0,0,0,0,0,0
320100,1,1,9,9,9,9,9,9,9,9,9,9
320101,0,1,0,15,0,0,0,11,0,26,0,0
320101,1,1,0,16,0,0,0,0,0,0,21,0
320102,0,1,0,0,20,0,16,0,0,17,0,0
320102,1,1,0,0,0,0,29,0,0,26,0,0
320102,2,1,0,0,0,0,0,0,0,0,0,0
320103,0,1,0,0,0,0,0,0,0,0,0,0
320103,1,1,0,0,0,0,8,0,12,3,0,0
320104,1,1,5,0,0,0,0,9,0,0,0,0
320105,0,1,16,16,16,16,16,16,16,16,16,16
320105,1,1,0,0,0,0,0,0,0,0,0,0
320106,1,1,0,0,0,0,0,0,0,0,0,0
320107,1,1,0,0,0,0,0,0,0,0,0,0
320108,1,1,0,0,0,0,0,0,0,0,0,0
320108,2,1,0,0,0,0,0,0,0,0,0,0
320109,1,1,0,0,17,0,0,0,31,0,0,0
320110,1,1,19,19,19,19,19,19,19,19,19,19
320110,2,1,0,0,0,0,0,0,0,0,0,0
320110,3,1,0,0,0,0,0,0,0,0,0,0
320110,4,1,0,0,0,0,22,0,0,0,0,0
320111,1,1,0,0,0,0,0,0,0,0,0,0
320111,2,1,0,0,0,0,0,0,0,0,0,0
320111,3,1,0,0,0,0,0,0,0,0,0,0
320112,0,1,0,0,0,0,0,0,0,0,0,0
320112,1,1,0,0,0,0,0,0,0,0,0,0
320112,4,1,0,0,0,0,0,0,0,0,0,0
320113,1,1,0,0,0,0,0,0,0,0,0,0
320113,2,1,0,0,0,0,0,0,0,0,0,0
320114,1,1,0,0,0,0,0,0,0,0,0,0
320115,1,1,21,21,21,21,21,21,21,21,21,21
320116,1,1,24,24,24,24,24,24,24,24,24,24
320116,2,1,0,0,0,0,0,0,0,0,0,0
320117,1,1,0,0,0,0,0,0,0,12,0,0
320118,1,1,0,0,0,0,0,0,0,0,0,0
320118,2,1,0,0,0,0,0,0,0,0,0,0
320119,0,1,0,7,27,0,0,14,15,0,18,0
320119,1,1,12,14,25,0,10,0,9,18,11,16
320120,1,1,0,0,0,0,0,0,0,0,0,13
320120,2,1,0,0,0,0,0,0,0,0,0,0
320121,1,1,10,10,10,10,10,10,10,10,10,10
320121,2,1,0,0,0,0,0,0,0,0,0,0
320121,3,1,0,0,4,0,0,0,0,0,0,0
320122,0,1,0,0,0,0,0,0,0,0,0,0
320122,1,1,0,0,0,0,0,0,0,0,0,0
320123,1,1,24,24,24,24,24,24,24,24,24,24
320123,2,1,0,0,0,0,0,0,0,0,0,0
320124,1,1,0,0,0,0,0,0,0,0,0,0
320124,2,1,0,0,0,0,10,0,0,0,0,0
320125,1,1,0,0,0,0,0,0,0,0,13,0
320126,1,1,8,8,8,8,8,8,8,8,8,8
320126,2,1,3,3,3,3,3,3,3,3,3,3
320127,1,1,2,0,0,0,0,0,0,14,3,18
320127,2,1,0,0,0,0,0,0,0,0,0,0
320127,3,1,13,0,0,0,18,0,0,0,0,0
320128,0,1,0,0,0,0,0,0,0,0,0,0
320128,1,1,0,9,0,0,0,0,0,0,0,23
320129,1,1,0,0,0,0,0,0,0,0,0,0
320129,2,1,0,0,0,0,0,0,0,0,0,0
320130,1,1,0,0,0,0,0,0,0,0,0,0
320130,2,1,0,0,0,0,0,0,0,0,0,0
320131,1,1,0,0,0,0,0,0,0,0,0,0
320132,0,1,3,3,3,3,3,3,3,3,3,3
320132,1,1,12,12,12,12,12,12,12,12,12,12
320133,0,1,0,0,0,0,0,0,0,0,0,0
320133,1,1,0,0,0,0,0,0,0,0,0,0
320134,1,1,0,0,0,0,0,0,0,0,0,0
320135,1,1,0,0,0,0,0,0,0,0,0,0
320135,2,1,0,0,0,0,0,0,0,9,0,0
320135,3,1,0,0,0,0,0,0,0,0,0,0
320135,4,1,0,0,0,0,0,0,0,0,0,0
320136,1,1,0,0,0,0,0,0,0,0,0,0
320138,1,1,0,0,0,0,0,0,0,0,0,0
320138,2,1,0,0,0,0,0,0,0,0,0,0
320138,3,1,0,0,0,0,0,0,0,0,0,0
320139,1,1,10,10,10,10,10,10,10,10,10,10
320140,1,1,10,10,10,10,10,10,10,10,10,10
320140,2,1,0,0,0,0,0,0,0,0,0,0
320141,1,1,0,0,0,0,0,0,0,0,0,0
320141,2,1,0,0,0,0,0,0,0,0,0,0
320142,1,1,3,3,3,3,3,3,3,3,3,3
320143,1,1,0,0,0,0,0,0,0,0,0,0
320143,2,1,0,0,0,0,0,0,0,0,0,0
320144,0,1,0,0,0,0,0,0,0,17,0,0
320144,1,1,0,18,5,0,0,0,19,0,16,21
320145,1,1,16,16,16,16,16,16,16,16,16,16
320146,1,1,0,0,0,0,0,0,0,0,0,0
320147,1,1,10,10,10,10,10,10,10,10,10,10
320148,1,1,18,18,18,18,18,18,18,18,18,18
320148,2,1,0,0,0,0,0,0,0,0,0,0
320149,1,1,0,0,0,0,0,0,0,0,0,0
320149,2,1,0,0,0,0,0,0,0,0,0,0
320150,1,1,0,5,0,0,0,0,0,0,0,0
320151,1,1,27,27,27,27,27,27,27,27,27,27
320151,2,1,0,0,0,0,0,0,0,0,0,0
320152,0,1,0,0,0,0,0,0,0,0,0,0
320152,1,1,11,11,11,11,11,11,11,11,11,11
320152,2,1,0,0,0,0,0,0,0,0,0,19
320153,1,1,20,20,20,20,20,20,20,20,20,20
320154,1,1,0,0,0,0,0,0,0,0,0,0
320155,1,1,3,3,3,3,3,3,3,3,3,3
320156,1,1,0,0,0,0,0,0,0,0,0,0
320157,1,1,13,13,13,13,13,13,13,13,13,13
320158,1,1,0,0,0,0,0,0,0,0,0,0
320158,2,1,0,0,0,0,0,0,0,0,0,0
320159,1,1,0,0,0,0,0,0,0,0,0,0
320160,1,1,0,0,0,0,0,0,0,0,0,0
320161,1,1,13,13,13,13,13,13,13,13,13,13
320162,0,1,4,4,4,4,4,4,4,4,4,4
320162,1,1,0,0,0,0,0,0,0,0,0,0
320163,1,1,0,0,0,0,0,0,0,0,0,0
320164,1,1,16,16,16,16,16,16,16,16,16,16
320164,2,1,0,0,0,0,0,0,0,0,0,0
320165,1,1,10,10,10,10,10,10,10,10,10,10
320165,2,1,2,2,2,2,2,2,2,2,2,2
320166,1,1,0,0,0,0,0,0,0,0,0,0
320167,1,1,0,0,0,0,0,0,0,0,0,0
320168,1,1,0,0,0,0,0,0,0,0,0,0
320168,2,1,16,16,16,16,16,16,16,16,16,16
320169,1,1,0,0,0,0,0,0,13,23,0,0
320170,0,1,0,0,0,0,0,0,0,0,0,0
320170,1,1,0,0,0,0,0,0,0,0,0,0
320171,1,1,0,0,0,0,0,0,0,0,0,0
320171,2,1,0,0,0,0,0,0,0,0,0,0
320172,1,1,0,0,0,0,0,0,0,0,0,0
320173,1,1,0,12,0,0,0,0,0,36,0,0
320174,0,1,20,20,20,20,20,20,20,20,20,20
320174,1,1,13,0,0,0,0,0,0,0,0,28
320175,0,1,4,4,4,4,4,4,4,4,4,4
320175,1,1,0,0,11,13,17,0,0,0,0,12
320176,0,1,0,0,0,0,0,0,0,0,0,0
320176,1,1,14,14,14,14,14,14,14,14,14,14
320177,1,1,17,17,17,17,17,17,17,17,17,17
320178,1,1,0,0,0,0,0,0,0,0,0,0
320178,2,1,0,0,0,0,0,0,0,0,0,0
320179,1,1,0,0,0,0,0,0,0,0,0,0
320180,1,1,14,14,14,14,14,14,14,14,14,14
320180,2,1,0,0,0,0,0,0,0,0,0,0
320181,0,1,0,0,0,0,0,0,0,0,0,0
320181,1,1,19,27,10,0,11,12,11,25,0,26
320182,1,1,0,0,0,0,0,0,0,0,0,0
320183,1,1,0,0,0,0,0,0,0,0,0,0
320183,2,1,0,0,0,0,0,0,0,0,0,0
320183,3,1,0,0,0,0,0,0,0,0,0,0
320184,1,1,0,0,0,0,0,0,0,0,0,0
320184,2,1,0,0,0,0,0,0,0,0,0,0
320184,3,1,0,0,0,0,0,0,0,0,0,14
320184,4,1,0,0,0,0,0,0,0,0,0,0
320185,1,1,12,12,12,12,12,12,12,12,12,12
320186,1,1,0,0,0,0,0,0,0,0,0,0
320186,2,1,0,0,0,0,0,0,0,0,0,0
320187,1,1,0,0,0,0,0,0,0,0,0,0
320187,2,1,0,0,0,0,0,0,0,0,0,0
320187,3,1,0,0,0,0,9,0,0,0,0,0
320188,0,1,0,0,0,0,19,0,0,17,0,0
320188,1,1,10,10,10,10,10,10,10,10,10,10
320189,1,1,0,0,0,0,0,0,0,0,0,0
320190,0,1,19,19,19,19,19,19,19,19,19,19
320190,1,1,0,0,0,0,0,0,0,0,0,0
320191,0,1,39,39,39,39,39,39,39,39,39,39
320191,1,1,0,0,0,0,0,13,0,0,0,0
320192,1,1,0,0,0,0,0,0,0,0,0,0
320193,0,1,21,25,21,23,25,11,21,11,20,18
320193,1,1,0,0,0,0,13,0,0,0,0,0
320194,0,1,36,36,36,36,36,36,36,36,36,36
320194,1,1,16,0,0,0,0,0,0,0,4,0
320195,1,1,19,19,19,19,19,19,19,19,19,19
320196,1,1,2,2,2,2,2,2,2,2,2,2
320197,1,1,0,0,0,0,0,0,0,0,0,0
320197,2,1,0,0,26,0,0,0,0,0,0,0
320198,1,1,0,0,0,0,0,0,0,0,0,0
320199,1,1,16,16,16,16,16,16,16,16,16,16
320200,1,1,0,0,0,0,0,0,0,0,0,0
320200,2,1,0,0,0,0,0,0,0,0,0,0
320201,1,1,37,37,37,37,37,37,37,37,37,37
320202,0,1,14,14,14,14,14,14,14,14,14,14
320202,1,1,0,0,18,0,0,0,0,0,0,0
320203,1,1,0,0,0,0,0,0,0,0,0,0
320203,2,1,0,0,0,0,0,0,0,0,0,0
320204,1,1,0,0,0,0,0,0,0,0,0,0
320204,2,1,0,0,0,0,0,0,0,0,0,8
320205,0,1,1,1,1,1,1,1,1,1,1,1
320205,1,1,0,0,0,0,0,0,0,0,0,0
320206,0,1,0,0,0,0,0,0,0,0,0,0
320206,1,1,15,15,15,15,15,15,15,15,15,15
320207,1,1,0,0,0,14,0,8,0,11,0,0
320207,2,1,0,0,0,0,0,0,0,0,0,0
320207,3,1,0,0,0,0,0,0,0,0,0,0
320208,1,1,0,0,0,0,0,0,0,0,0,0
320209,1,1,5,5,5,5,5,5,5,5,5,5
320210,0,1,1,1,1,1,1,1,1,1,1,1
320210,1,1,0,0,0,0,15,0,0,0,0,0
320211,1,1,10,10,10,10,10,10,10,10,10,10
320212,1,1,12,12,12,12,12,12,12,12,12,12
320212,2,1,0,0,0,0,0,0,0,0,0,0
320213,1,1,21,21,21,21,21,21,21,21,21,21
320214,1,1,0,0,0,0,0,0,0,0,0,0
320214,2,1,0,0,0,0,0,0,0,0,0,0
320215,1,1,18,18,18,18,18,18,18,18,18,18
320215,2,1,0,0,0,0,0,0,0,0,0,0
320216,0,1,2,2,2,2,2,2,2,2,2,2
320216,1,1,0,0,0,20,14,0,0,0,0,0
320217,0,1,0,23,0,0,0,0,5,0,0,32
320217,1,1,0,0,0,0,0,0,0,0,26,0
320218,0,1,4,4,4,4,4,4,4,4,4,4
320218,1,1,0,0,0,0,0,9,0,7,6,0
320218,2,1,0,0,0,0,0,0,0,0,0,0
320219,1,1,0,0,0,0,0,0,0,0,0,0
320220,0,1,32,32,32,32,32,32,32,32,32,32
320220,1,1,0,0,0,0,0,0,0,0,0,26
320221,1,1,0,0,0,0,0,0,0,0,0,0
320221,2,1,0,0,0,0,0,18,0,0,0,0
320222,0,1,13,26,0,32,8,0,0,0,0,15
320222,0,2,0,0,0,0,0,0,0,0,0,0
320222,1,1,0,0,0,0,0,0,0,0,0,0
320223,0,1,0,0,0,0,0,0,0,0,0,0
320223,1,1,0,0,0,0,0,0,0,0,0,0
320224,0,1,0,0,0,0,0,0,0,0,0,0
320224,1,1,0,0,0,0,0,0,0,0,0,0
320225,1,1,0,0,0,0,0,0,0,0,0,0
320225,2,1,5,5,5,5,5,5,5,5,5,5
320226,1,1,17,17,17,17,17,17,17,17,17,17
320227,0,1,0,0,0,0,0,0,0,0,0,0
320227,1,1,0,0,0,30,21,8,0,0,0,0
320228,1,1,22,22,22,22,22,22,22,22,22,22
320229,1,1,9,9,9,9,9,9,9,9,9,9
320229,2,1,0,0,0,0,0,0,0,0,0,0
320230,1,1,0,0,0,0,0,0,0,0,0,0
320230,2,1,0,0,0,0,0,0,0,0,18,0
320230,3,1,0,0,0,0,0,0,0,0,0,0
320231,1,1,25,25,25,25,25,25,25,25,25,25
320231,2,1,0,0,0,0,0,0,0,0,0,0
320232,1,1,0,0,0,0,0,0,0,0,0,0
320233,0,1,21,21,21,21,21,21,21,21,21,21
320233,1,1,0,0,0,0,0,0,0,0,0,0
320234,1,1,22,22,22,22,22,22,22,22,22,22
320235,0,1,0,0,0,0,0,0,0,0,0,0
320235,1,1,0,0,0,0,0,0,0,0,0,0
320236,1,1,0,0,0,0,0,0,0,0,0,0
320237,0,1,17,17,17,17,17,17,17,17,17,17
320237,1,1,0,13,0,0,0,0,0,0,0,0
320238,1,1,17,17,17,17,17,17,17,17,17,17
320238,2,1,0,0,0,0,0,15,25,0,11,0
320239,1,1,0,0,0,0,0,0,0,0,0,0
320239,2,1,3,3,3,3,3,3,3,3,3,3
320240,0,1,0,0,12,0,15,0,0,0,0,10
320240,1,1,0,0,0,0,0,0,0,0,0,0
320241,1,1,0,0,0,0,0,0,0,0,0,0
320241,2,1,0,0,0,0,0,0,0,0,0,0
320242,0,1,0,0,0,0,0,0,0,0,0,0
320242,1,1,0,0,0,0,0,0,0,0,0,0
320243,0,1,2,2,2,2,2,2,2,2,2,2
320243,1,1,0,17,15,0,0,0,0,0,13,0
320244,1,1,12,11,16,21,31,22,29,21,15,12
320245,0,1,29,29,29,29,29,29,29,29,29,29
320245,1,1,0,0,0,0,0,0,0,0,0,0
320246,1,1,0,10,5,21,0,0,0,29,0,0
320246,2,1,0,0,15,0,0,0,0,0,0,0
320247,0,1,0,0,0,0,0,0,0,0,0,0
320247,1,1,0,0,0,0,0,0,0,0,0,0
320248,1,1,0,0,0,0,0,0,0,0,0,0
320248,2,1,0,0,0,0,0,0,0,0,0,0
320249,1,1,0,0,0,0,0,0,0,0,0,0
320249,2,1,0,0,0,0,0,0,0,0,0,0
320250,1,1,0,0,0,0,0,0,0,0,0,0
320250,2,1,0,0,0,0,0,0,0,0,0,0
320250,3,1,0,0,0,0,0,0,0,0,0,0
320251,1,1,24,24,24,24,24,24,24,24,24,24
320252,0,1,31,31,31,31,31,31,31,31,31,31
320252,1,1,10,3,0,2,21,0,5,0,8,23
320253,0,1,0,0,0,0,0,0,0,0,0,0
320253,0,2,0,0,9,17,0,0,7,28,0,10
320253,1,1,27,27,27,27,27,27,27,27,27,27
320254,1,1,14,14,14,14,14,14,14,14,14,14
320254,2,1,0,0,0,0,15,0,0,13,0,0
320255,1,1,0,0,0,0,0,0,0,0,0,0
320256,1,1,13,0,0,0,16,9,11,18,2,0
320256,2,1,0,0,0,0,0,0,0,0,0,0
320257,1,1,0,0,0,0,0,0,0,0,0,0
320258,1,1,0,0,0,0,0,0,0,0,0,0
320259,0,1,15,15,15,15,15,15,15,15,15,15
320259,1,1,0,0,0,0,0,0,0,0,0,0
320260,0,1,0,0,0,0,0,0,0,0,0,0
320260,1,1,0,0,0,0,0,0,0,0,0,0
320261,0,1,18,18,18,18,18,18,18,18,18,18
320261,1,1,0,0,0,0,0,0,0,0,0,0
320262,0,1,24,24,24,24,24,24,24,24,24,24
320262,1,1,0,0,0,0,0,0,0,0,0,0
320263,1,1,0,0,0,0,0,0,0,0,0,0
320264,1,1,9,9,9,9,9,9,9,9,9,9
320264,2,1,0,0,0,0,0,0,0,0,0,0
320265,0,1,0,16,0,16,0,0,0,17,0,0
320265,1,1,0,0,0,0,0,0,0,0,0,0
320265,2,1,13,0,0,0,0,0,0,0,0,0
320266,1,1,0,0,0,0,0,0,0,0,0,0
320266,2,1,30,34,19,0,0,0,0,16,0,0
320266,3,1,0,0,30,0,0,10,0,0,0,0
320266,4,1,0,0,0,0,0,0,0,0,0,0
320266,5,1,0,0,0,16,0,0,0,0,0,0
320267,1,1,0,0,0,0,0,0,0,0,0,0
320267,2,1,0,0,0,0,0,0,0,0,0,0
320268,1,1,12,12,12,12,12,12,12,12,12,12
320268,2,1,22,0,0,0,0,0,0,0,0,0
320269,1,1,13,13,13,13,13,13,13,13,13,13
320269,2,1,10,10,10,10,10,10,10,10,10,10
320270,0,1,0,0,0,0,0,0,0,0,0,0
320270,1,1,0,0,0,0,0,0,0,0,0,0
320271,1,1,4,4,4,4,4,4,4,4,4,4
320271,2,1,0,0,0,0,0,0,0,0,0,0
320272,1,1,0,11,0,0,0,0,18,25,0,0
320272,2,1,0,0,0,0,0,0,0,0,0,19
320272,3,1,0,0,0,0,0,0,0,0,0,13
320273,1,1,0,0,0,0,0,0,0,0,0,0
320273,2,1,0,0,0,0,0,0,0,0,0,0
320274,1,1,0,0,0,6,0,0,0,0,0,0
320274,2,1,0,0,0,0,0,0,0,0,0,0
320275,0,1,6,6,6,6,6,6,6,6,6,6
320275,1,1,0,0,0,0,0,0,0,0,0,0
320276,1,1,10,10,10,10,10,10,10,10,10,10
320276,2,1,0,0,0,0,0,0,0,0,0,0
320277,1,1,0,0,0,0,0,0,0,0,0,0
320277,2,1,0,0,0,0,0,0,0,0,0,0