ST_CASE,VEH_NO,PER_NO,P1,P2,P3,P4,P5,P6,P7,P8,P9,P10
360685,1,1,0,0,0,0,0,0,8,0,0,0
360685,2,1,0,0,0,0,0,0,0,0,0,0
360686,0,1,0,0,0,0,0,0,0,0,0,0
360686,1,1,0,0,0,0,0,0,0,0,0,0
360687,1,1,0,0,0,0,0,0,0,0,0,0
360688,0,1,23,23,23,23,23,23,23,23,23,23
360688,1,1,18,18,18,18,18,18,18,18,18,18
360689,1,1,0,0,0,0,0,0,0,0,0,0
360689,2,1,0,0,0,0,0,0,0,0,0,0
360690,0,1,0,0,25,49,0,0,0,0,9,0
360690,0,2,0,22,0,17,12,16,12,23,26,0
360690,1,1,0,0,4,0,0,9,23,17,5,0
360691,1,1,24,24,24,24,24,24,24,24,24,24
360691,2,1,5,0,0,24,0,0,0,0,0,0
360692,1,1,8,0,0,18,10,0,0,0,0,7
360693,1,1,0,0,0,0,0,0,0,0,0,0
360693,2,1,0,8,0,0,0,0,0,19,0,19
360694,0,1,27,27,27,27,27,27,27,27,27,27
360694,1,1,0,28,0,8,0,0,7,0,7,0
360695,1,1,0,0,0,0,0,0,0,0,0,0
360696,0,1,0,0,0,0,0,0,0,0,0,0
360696,1,1,0,0,0,0,0,14,17,0,0,0
360697,1,1,0,20,17,0,16,0,12,8,31,10
360698,1,1,0,0,0,8,0,0,0,0,19,0
360698,2,1,17,0,0,13,0,18,0,0,3,0
360699,1,1,0,0,0,0,0,0,0,0,0,7
360699,2,1,0,0,0,0,18,0,0,0,0,0
360700,0,1,0,0,0,0,0,0,0,0,0,0
360700,1,1,0,0,0,0,0,0,0,0,27,0
360701,1,1,9,0,0,0,27,13,0,4,0,25
360702,1,1,24,24,24,24,24,24,24,24,24,24
360703,0,1,0,0,0,0,0,0,0,0,0,0
360703,0,2,0,9,23,24,26,30,0,0,0,22
360703,0,3,0,0,0,0,0,0,0,0,0,0
360703,1,1,10,0,15,0,0,22,0,0,0,15
360703,2,1,24,0,0,0,0,28,0,0,0,0
360703,3,1,13,0,0,11,10,0,0,9,0,0
360703,4,1,0,23,0,0,0,0,20,11,0,0
360704,1,1,0,0,0,0,0,0,0,0,0,0
360704,2,1,0,0,0,0,0,0,15,8,0,0
360705,0,1,0,0,0,0,0,0,0,0,0,0
360705,1,1,0,0,0,0,0,0,24,0,0,0
360706,0,1,0,0,0,0,0,0,0,0,0,0
360706,1,1,0,0,0,0,0,0,0,0,0,0
360707,0,1,0,0,0,0,11,0,0,0,0,0
360707,1,1,3,0,0,0,16,0,0,0,6,0
360708,0,1,0,0,0,0,0,0,0,0,0,0
360708,1,1,0,0,0,0,0,0,0,0,0,0
360709,1,1,10,0,0,0,0,13,0,0,0,21
360710,1,1,0,0,0,0,0,0,0,0,0,0
360710,2,1,0,0,0,0,0,0,0,0,0,0
360711,1,1,0,0,0,0,0,0,0,0,0,0
360712,1,1,6,6,6,6,6,6,6,6,6,6
360712,2,1,6,33,0,22,19,19,16,4,22,25
360713,1,1,33,20,19,16,17,9,13,32,28,21
360714,1,1,0,0,0,0,0,0,0,0,0,0
360715,0,1,0,0,0,0,0,0,0,0,0,0
360715,1,1,0,0,0,0,0,0,0,0,0,0
360716,1,1,0,0,0,0,0,0,0,0,26,27
360717,0,1,0,0,0,0,0,0,0,0,0,0
360717,1,1,0,0,0,0,0,0,0,0,14,0
360718,1,1,0,0,7,0,0,0,14,11,14,24
360718,2,1,0,0,0,0,0,0,0,0,0,0
360718,3,1,17,22,21,9,36,16,0,0,10,0
360719,0,1,0,0,0,0,0,0,0,0,0,0
360719,1,1,0,0,0,0,0,16,0,0,0,0
360720,0,1,0,0,0,0,0,10,0,20,0,0
360720,1,1,7,10,0,0,0,0,0,0,0,0
360721,1,1,0,0,0,0,0,0,0,0,0,0
360721,2,1,0,0,0,0,0,0,0,0,0,0
360722,0,1,7,0,18,0,0,13,13,0,21,0
360722,1,1,10,0,12,0,0,17,0,0,10,0
360723,1,1,0,0,0,0,0,0,0,0,0,0
360724,0,1,0,0,0,0,0,0,0,0,0,0
360724,1,1,0,0,20,0,0,0,0,0,0,2
360724,2,1,0,0,0,0,0,11,0,11,6,0
360725,0,1,0,0,0,0,0,0,0,0,0,0
360725,1,1,0,0,0,0,0,0,0,0,0,0
360726,1,1,0,0,0,0,0,0,0,0,0,0
360726,2,1,0,0,0,0,0,0,0,0,0,0
360727,1,1,0,0,0,0,0,0,0,0,0,0
360728,0,1,2,2,2,2,2,2,2,2,2,2
360728,1,1,0,16,0,0,24,0,0,16,0,0
360729,1,1,23,23,23,23,23,23,23,23,23,23
360730,1,1,15,0,27,0,21,30,18,11,23,23
360731,1,1,0,0,0,0,0,0,0,0,0,0
360732,0,1,0,0,0,0,0,0,0,0,0,0
360732,0,2,0,0,0,0,0,0,15,0,0,0
360732,1,1,0,0,0,15,0,0,0,0,0,0
360733,0,1,25,25,25,25,25,25,25,25,25,25
360733,1,1,29,0,21,4,0,0,0,0,0,0
360734,1,1,0,0,0,0,0,0,0,0,0,0
360734,2,1,0,11,8,2,7,2,0,16,0,12
360735,1,1,0,0,0,0,0,0,0,0,0,0
360735,2,1,0,0,0,0,0,0,0,0,0,0
360736,1,1,0,0,0,0,0,0,0,0,0,0
360737,0,1,20,20,20,20,20,20,20,20,20,20
360737,1,1,0,0,0,36,0,0,23,0,0,0
360738,1,1,13,10,6,26,15,14,9,6,21,3
360738,2,1,15,8,6,14,6,15,8,24,9,24
360738,3,1,0,0,0,0,0,0,0,6,0,0
360739,0,1,0,0,0,0,0,0,0,0,0,0
360739,1,1,0,0,0,0,0,0,0,0,0,0
360740,0,1,12,12,12,12,12,12,12,12,12,12
360740,1,1,0,0,0,0,0,0,0,0,0,0
360741,1,1,0,0,0,0,0,0,0,0,0,0
360741,2,1,0,0,0,0,0,0,0,0,0,0
360742,1,1,0,0,0,0,0,0,0,35,0,0
360743,1,1,0,0,0,0,0,0,0,0,0,0
360743,2,1,0,0,0,0,0,0,0,0,0,0
360744,1,1,0,0,0,0,0,0,0,0,0,0
360744,2,1,0,0,0,0,0,0,0,0,0,0
360745,0,1,0,0,0,0,0,0,0,0,0,0
360745,1,1,0,0,0,0,0,0,0,10,0,0
360746,0,1,0,0,0,0,0,0,0,0,0,0
360746,1,1,0,0,0,0,0,0,0,0,0,0
360747,1,1,0,0,0,0,0,0,0,0,0,0
360748,1,1,0,0,0,0,0,0,0,0,0,0
360749,0,1,0,0,0,0,0,0,0,0,0,0
360749,1,1,0,0,0,0,0,0,0,0,0,0
360749,2,1,0,17,0,18,0,13,0,0,0,0
360749,4,1,0,0,0,0,0,0,0,0,0,0
360749,5,1,10,0,0,15,14,0,0,7,11,0
360750,0,1,0,0,0,0,0,0,0,0,0,0
360750,1,1,6,0,0,0,0,23,17,9,16,13
360751,1,1,0,0,0,0,22,0,0,0,0,0
360751,2,1,0,0,0,0,0,0,0,0,0,0
360752,0,1,0,0,0,0,0,0,0,0,0,0
360752,1,1,0,0,0,0,0,0,0,0,0,0
360753,1,1,0,0,0,0,0,0,0,12,18,0
360753,2,1,5,21,0,4,0,0,0,0,0,0
360754,1,1,0,0,0,0,0,0,0,0,0,0
360754,2,1,0,0,0,0,0,0,0,0,0,0
360754,3,1,0,0,0,0,0,0,0,0,0,0
360755,1,1,12,4,0,0,16,0,0,0,2,0
360755,2,1,0,0,0,0,0,0,0,0,0,0
360756,1,1,0,0,21,0,6,0,0,0,0,0
360756,2,1,0,0,0,0,9,0,17,0,14,0
360757,0,1,0,0,0,0,0,0,0,0,0,0
360757,1,1,0,0,0,0,0,0,0,0,0,0
360758,1,1,0,0,0,0,0,0,0,44,0,0
360758,2,1,0,0,8,3,0,0,0,0,0,0
360759,1,1,0,0,0,0,0,0,0,0,0,0
360759,2,1,0,0,0,7,0,0,0,3,0,6
360760,1,1,12,12,12,12,12,12,12,12,12,12
360761,1,1,15,0,0,0,0,0,0,0,0,0
360761,2,1,0,0,0,0,0,0,0,0,0,0
360762,1,1,0,0,0,0,16,0,0,19,0,0
360762,2,1,31,14,0,7,0,0,12,0,0,12
360763,0,1,38,0,3,0,0,0,0,0,11,20
360763,1,1,14,0,20,0,15,22,0,15,0,0
360764,0,1,17,17,17,17,17,17,17,17,17,17
360764,1,1,11,5,28,0,0,25,6,19,0,8
360765,1,1,11,0,22,0,0,0,0,0,0,0
360765,2,1,0,0,0,0,0,0,0,0,0,0
360766,1,1,0,8,0,15,0,0,0,0,0,0
360766,2,1,0,0,0,0,0,0,0,0,0,0
360767,0,1,0,0,0,0,0,0,0,0,0,0
360767,1,1,0,0,0,0,0,0,0,0,0,0
360768,0,1,0,0,0,0,0,0,0,0,0,0
360768,1,1,0,0,15,14,0,0,0,0,0,0
360768,2,1,0,0,0,0,0,0,0,0,0,0
360769,1,1,0,36,6,14,18,0,0,0,15,12
360770,1,1,0,0,0,16,0,0,0,0,0,0
360771,1,1,0,0,0,0,0,0,0,0,27,0
360771,2,1,0,0,0,0,0,0,0,0,0,0
360771,3,1,0,0,0,0,0,0,0,0,0,0
360772,1,1,0,0,10,0,0,0,0,0,0,0
360772,2,1,0,0,0,0,0,0,0,0,0,0
360773,1,1,0,0,0,0,0,0,0,0,0,0
360774,1,1,0,0,0,0,0,0,0,0,0,0
360775,1,1,0,0,0,0,0,0,0,0,0,0
360775,2,1,0,0,0,0,0,0,0,0,0,0
360775,3,1,0,0,0,0,0,0,0,0,0,0
360776,1,1,11,11,11,11,11,11,11,11,11,11
360777,1,1,0,0,0,0,0,0,0,0,9,0
360777,2,1,0,0,0,0,0,0,0,0,0,0
360778,1,1,0,0,0,0,0,0,0,0,0,0
360779,3,1,20,15,18,0,13,0,12,0,16,23
360780,1,1,0,0,0,0,0,0,0,0,0,0
360780,2,1,14,0,0,0,17,0,0,0,0,0
360781,1,1,20,20,20,20,20,20,20,20,20,20
360782,1,1,0,0,0,0,0,0,0,0,0,0
360782,2,1,0,0,0,0,0,0,0,0,0,0
360783,1,1,4,4,4,4,4,4,4,4,4,4
360784,0,1,0,0,0,0,0,0,0,0,0,0
360784,1,1,0,0,0,0,0,0,0,0,0,0
360785,0,1,0,0,0,0,0,0,0,0,0,0
360785,1,1,0,0,0,11,0,0,0,0,17,9
360786,1,1,0,0,0,0,9,0,0,0,0,0
360787,1,1,0,0,0,0,0,0,0,0,0,0
360788,0,1,0,0,0,0,0,0,0,0,0,0
360788,1,1,0,13,0,11,0,8,10,0,0,0
360789,1,1,0,0,0,0,0,0,0,0,0,0
360790,0,1,0,0,0,0,0,0,0,0,0,0
360790,1,1,0,0,0,0,0,0,0,16,0,21
360791,1,1,0,16,24,31,7,17,14,24,0,9
360792,1,1,0,0,0,0,0,0,0,0,0,0
360792,2,1,0,12,0,0,0,0,0,14,0,0
360792,3,1,0,0,6,0,0,0,0,0,0,0
360793,1,1,0,0,0,22,0,0,0,0,0,0
360794,0,1,25,25,25,25,25,25,25,25,25,25
360794,1,1,0,0,0,0,0,0,0,0,0,0
360795,0,1,0,0,0,0,0,0,0,0,0,0
360795,1,1,0,0,0,11,23,0,13,0,17,0
360796,0,1,0,0,0,0,0,0,0,0,0,0
360796,1,1,0,0,0,0,0,0,0,0,0,0
360797,0,1,0,0,0,0,0,0,0,0,0,0
360797,1,1,0,0,0,0,0,0,0,0,0,0
360798,1,1,0,0,0,0,0,0,0,0,0,0
360799,1,1,0,0,0,0,0,0,0,24,0,0
360800,0,1,0,0,0,0,0,0,19,16,0,0
360800,1,1,7,0,0,4,7,18,0,0,9,0
360801,1,1,22,22,22,22,22,22,22,22,22,22
360801,2,1,0,0,0,0,0,4,0,0,0,0
360802,0,1,0,0,0,0,0,0,0,0,0,0
360802,1,1,5,0,0,0,0,0,0,0,0,0
360803,1,1,0,0,0,0,0,0,0,0,0,0
360804,1,1,0,0,0,0,0,0,0,0,0,0
360805,1,1,0,0,0,0,0,0,0,0,0,0
360805,2,1,0,0,0,0,0,0,24,29,0,0
360806,1,1,20,20,20,20,20,20,20,20,20,20
360807,1,1,0,32,0,0,0,0,0,0,0,0
360807,2,1,0,0,0,0,0,0,0,0,0,0
360808,0,1,0,0,0,0,0,0,0,0,0,0
360808,1,1,0,0,0,0,0,0,0,0,0,0
360809,1,1,0,0,0,23,0,17,16,29,9,0
360809,2,1,0,0,0,0,0,0,0,0,0,0
360810,0,1,33,0,0,0,10,0,0,14,0,25
360810,1,1,0,0,7,13,0,0,0,0,0,0
360811,0,1,0,0,0,0,0,0,0,0,0,0
360811,1,1,7,0,11,17,0,0,0,0,0,10
360812,0,1,28,28,28,28,28,28,28,28,28,28
360812,1,1,17,46,0,0,0,14,16,9,13,0
360813,0,1,0,0,0,0,0,0,0,0,0,0
360813,1,1,3,0,0,0,0,0,0,0,0,13
360814,0,1,0,0,0,0,0,0,0,0,0,0
360814,1,1,0,0,10,0,0,0,0,0,15,0
360815,1,1,0,0,0,0,0,0,37,0,0,0
360816,0,1,0,0,0,0,0,0,0,0,0,0
360816,1,1,0,0,0,0,0,0,0,0,0,0
360817,1,1,15,0,0,12,0,22,24,23,24,0
360818,1,1,0,0,0,0,0,0,0,0,0,0
360818,2,1,14,0,0,0,0,0,0,0,0,0
360819,0,1,34,34,34,34,34,34,34,34,34,34
360819,1,1,0,0,0,0,15,9,0,0,0,17
360820,1,1,18,18,18,18,18,18,18,18,18,18
360821,0,1,0,0,0,0,0,0,0,0,0,0
360821,1,1,0,0,0,0,0,0,0,0,0,0
360822,0,1,0,16,18,0,0,7,0,16,15,0
360822,1,1,0,0,0,0,0,0,0,0,18,20
360823,1,1,0,0,0,0,0,0,26,0,0,0
360823,2,1,0,0,0,0,0,0,0,0,0,10
360824,0,1,0,0,0,0,0,0,0,20,0,22
360824,1,1,0,0,0,0,0,10,0,0,0,0
360825,0,1,0,0,0,0,0,0,0,0,0,0
360825,1,1,2,0,0,0,0,18,0,0,11,6
360826,1,1,26,26,26,26,26,26,26,26,26,26
360827,1,1,0,17,0,22,12,0,6,6,0,10
360828,1,1,21,21,21,21,21,21,21,21,21,21
360829,1,1,0,0,0,0,0,0,0,0,0,0
360829,2,1,0,0,0,9,0,0,0,0,0,0
360830,0,1,0,0,0,0,0,0,0,0,0,0
360830,1,1,12,0,0,0,4,10,9,25,14,0
360831,1,1,20,20,20,20,20,20,20,20,20,20
360832,0,1,0,0,0,0,0,0,0,0,0,0
360832,1,1,0,12,5,0,0,0,11,0,0,0
360833,0,1,0,0,0,0,0,0,0,0,0,0
360833,1,1,0,0,0,0,0,0,0,0,14,0
360834,1,1,0,0,0,0,0,0,0,20,11,0
360834,2,1,0,0,0,0,0,0,0,0,0,0
360835,0,1,0,0,0,0,0,33,7,13,46,0
360835,1,1,23,24,0,0,30,6,20,22,0,0
360836,0,1,0,0,0,0,0,0,0,0,0,0
360836,0,2,0,0,0,0,0,0,0,0,0,0
360836,1,1,0,0,0,0,0,0,0,0,0,0
360837,1,1,22,22,22,22,22,22,22,22,22,22
360837,2,1,0,0,7,8,0,0,0,10,20,0
360838,0,1,0,0,0,0,0,0,0,0,0,0
360838,1,1,0,10,0,0,0,4,0,0,0,7
360839,3,1,0,0,0,0,0,0,0,0,0,11
360840,1,1,15,15,15,15,15,15,15,15,15,15
360841,0,1,0,0,0,0,0,0,0,0,0,0
360841,1,1,0,0,0,0,0,0,0,15,0,0
360842,1,1,0,0,0,0,0,0,0,0,0,0
360843,0,1,0,0,0,0,0,26,0,35,11,20
360843,1,1,29,0,0,0,4,12,12,0,6,0
360843,2,1,0,17,7,9,0,16,0,27,0,12
360844,0,1,12,12,12,12,12,12,12,12,12,12
360844,1,1,0,0,0,10,0,0,0,0,0,0
360845,1,1,0,0,0,0,0,0,0,0,0,0
360846,0,1,0,0,0,0,0,18,0,0,12,0
360846,1,1,0,0,0,0,0,0,14,26,0,15
360847,1,1,0,7,0,0,0,0,26,0,0,0
360847,2,1,0,0,0,0,0,0,0,0,0,0
360848,0,1,12,12,12,12,12,12,12,12,12,12
360848,1,1,0,0,0,22,0,0,0,17,0,0
360849,1,1,7,0,0,20,0,0,0,5,0,0
360849,2,1,22,22,22,22,22,22,22,22,22,22
360850,1,1,0,7,5,0,0,0,0,0,0,3
360850,2,1,13,13,13,13,13,13,13,13,13,13
360851,0,1,0,0,0,0,0,0,0,0,0,0
360851,1,1,0,0,0,0,0,0,0,0,53,0
360852,0,1,0,0,0,0,0,0,0,0,0,0
360852,1,1,0,0,0,0,0,0,0,0,0,0
360853,1,1,0,0,0,0,0,0,0,0,0,0
360854,1,1,0,0,0,0,0,0,0,0,0,0
360854,2,1,0,0,0,8,0,0,10,0,0,0
360855,1,1,0,0,0,0,0,0,0,0,0,0
360855,2,1,0,0,0,0,0,0,0,0,0,0
360856,1,1,0,0,0,0,0,0,0,0,0,0
360857,1,1,0,0,20,0,0,15,0,0,0,0
360858,1,1,0,0,0,0,0,0,0,0,0,0
360858,2,1,23,23,23,23,23,23,23,23,23,23
360859,0,1,0,0,0,0,0,0,0,0,0,0
360859,1,1,0,0,0,0,0,0,0,0,0,0
360860,1,1,0,0,0,0,0,0,0,0,0,0
360860,2,1,0,8,0,18,0,14,10,27,13,20
360861,1,1,0,19,0,0,31,0,0,30,13,22
360862,0,1,0,0,0,0,0,0,0,0,0,0
360862,1,1,0,0,0,0,0,0,0,0,0,18
360863,0,1,0,25,0,10,0,0,0,0,0,0
360863,0,2,0,0,0,0,0,0,0,0,0,0
360863,1,1,0,0,0,7,14,0,0,0,0,0
360863,2,1,0,0,39,0,22,0,0,0,0,0
360864,0,1,0,0,0,0,0,0,0,0,0,0
360864,1,1,0,0,0,0,38,0,0,0,0,0
360865,0,1,0,0,0,0,0,0,0,0,0,0
360865,1,1,0,0,0,0,0,0,0,0,0,0
360866,1,1,0,5,17,0,0,0,0,17,14,0
360866,2,1,0,0,12,0,0,0,0,30,0,21
360867,0,1,20,20,20,20,20,20,20,20,20,20
360867,1,1,0,0,0,0,0,0,4,0,0,0
360868,0,1,0,0,0,0,0,0,0,0,0,0
360868,1,1,0,0,0,0,0,0,0,0,0,0
360869,1,1,0,0,0,0,0,0,0,0,0,0
360869,2,1,0,0,0,0,0,0,0,0,0,0
360870,0,1,0,0,0,0,0,0,0,0,0,0
360870,1,1,0,0,0,0,0,0,0,0,0,0
360871,1,1,0,0,0,0,0,11,0,0,0,0
360871,2,1,0,0,0,0,0,0,0,0,0,0
360872,1,1,0,0,0,0,0,0,0,0,0,0
360872,2,1,0,0,0,0,0,0,0,28,0,0
360873,0,1,0,0,0,0,0,0,0,0,0,0
360873,0,2,0,0,0,10,19,0,7,35,0,20
360873,0,3,0,0,10,15,24,0,37,6,12,0
360873,1,1,0,0,0,22,0,0,0,8,0,0
360874,1,1,0,0,0,0,0,0,0,0,0,0
360874,2,1,0,0,0,0,0,0,0,0,0,0
360875,1,1,0,0,0,0,0,0,0,0,0,0
360876,1,1,0,0,0,0,0,0,0,0,0,0
360876,2,1,0,0,0,0,0,0,0,0,0,0
360877,0,1,13,13,13,13,13,13,13,13,13,13
360877,1,1,18,14,14,20,11,20,2,30,0,9
360878,0,1,0,0,0,0,0,0,0,0,0,0
360878,1,1,0,0,0,0,0,0,0,0,8,0
360879,0,1,16,0,0,0,0,0,27,0,0,0
360879,1,1,11,0,0,0,19,15,10,0,0,0
360880,1,1,17,0,0,0,0,0,0,0,0,0
360880,2,1,0,0,0,0,0,0,0,0,0,0
360881,1,1,0,0,0,0,0,0,0,0,31,13
360881,2,1,0,0,0,14,17,0,0,19,11,0
360882,0,1,0,0,0,0,0,0,0,0,0,0
360882,1,1,0,20,11,0,0,22,0,0,24,0
360883,1,1,0,0,0,0,0,0,0,0,0,0
360883,2,1,0,0,0,0,0,0,0,0,0,0
360884,1,1,32,0,0,0,0,0,0,0,0,0
360884,2,1,0,0,18,0,0,0,0,0,0,0
360885,1,1,0,0,0,0,0,0,0,0,0,0
360886,0,1,0,0,0,0,0,0,0,0,0,0
360886,1,1,18,0,0,0,0,0,0,0,0,24
360887,1,1,18,18,18,18,18,18,18,18,18,18
360888,1,1,0,0,0,0,0,0,0,0,0,0
360888,2,1,26,0,0,0,0,7,0,0,10,22
360889,1,1,6,6,6,6,6,6,6,6,6,6
360890,1,1,0,0,0,0,0,0,0,0,0,0
360890,2,1,0,0,0,0,0,0,0,0,0,0
360890,3,1,0,0,0,0,0,0,0,0,0,0
360890,4,1,0,0,25,0,0,0,0,3,0,0
360891,1,1,16,16,16,16,16,16,16,16,16,16
360892,1,1,0,8,0,0,0,0,0,4,0,0
360892,2,1,0,5,0,0,15,8,18,0,0,7
360892,3,1,0,0,16,0,14,0,0,16,0,0
360892,4,1,0,0,0,0,0,0,0,0,0,0
360893,0,1,0,0,0,0,0,0,0,0,0,0
360893,1,1,0,0,0,0,0,0,0,0,0,0
360894,0,1,0,0,0,0,0,0,0,0,0,0
360894,1,1,0,0,17,11,0,21,0,0,0,21
360895,0,1,0,0,0,0,0,0,0,0,0,0
360895,1,1,0,0,0,11,0,17,0,0,9,17
360896,0,1,24,24,24,24,24,24,24,24,24,24
360896,1,1,0,11,0,7,0,0,0,21,0,0
360897,1,1,12,0,0,0,32,0,22,16,0,0
360898,0,1,0,0,0,0,0,0,0,0,0,0
360898,1,1,3,3,3,3,3,3,3,3,3,3
360899,1,1,0,0,0,0,0,0,0,0,0,0
360899,2,1,0,0,0,0,0,0,17,0,8,0
360900,1,1,0,0,0,0,0,0,0,0,0,0
360901,0,1,0,0,0,0,0,0,0,0,0,0
360901,1,1,0,0,0,0,0,0,0,0,15,11
360902,1,1,14,14,14,14,14,14,14,14,14,14
360902,2,1,0,18,18,0,32,0,0,0,12,0
360902,3,1,0,0,0,0,0,0,0,0,0,0
360902,4,1,0,0,0,0,0,11,0,20,0,0
360903,0,1,0,0,0,0,0,0,0,0,0,0
360903,1,1,0,0,0,0,0,0,0,0,0,16
360904,1,1,0,0,0,0,0,0,0,0,0,0
360904,2,1,0,0,42,0,0,0,0,0,0,0
360905,0,1,31,31,31,31,31,31,31,31,31,31
360905,1,1,15,0,0,0,0,14,0,0,0,0
360905,2,1,6,18,0,0,0,0,0,0,0,0
360906,1,1,0,0,0,0,23,0,0,0,0,0
360906,2,1,0,0,0,4,0,0,0,0,0,0
360907,0,1,0,0,0,0,0,0,0,0,0,0
360907,1,1,0,0,0,0,0,0,0,0,0,0
360908,0,1,0,0,0,0,0,0,0,0,0,0
360908,1,1,0,0,0,0,0,5,0,0,0,0
360909,1,1,0,17,0,10,8,0,15,11,0,7
360909,2,1,0,0,0,0,0,0,0,0,0,0
360910,1,1,0,0,0,0,0,0,0,0,25,20
360911,0,1,29,29,29,29,29,29,29,29,29,29
360911,1,1,17,0,18,0,23,32,0,0,0,0
360912,1,1,31,0,5,23,10,0,28,0,17,0
360912,2,1,0,0,0,0,0,15,0,5,0,15
360913,1,1,0,0,0,0,18,0,0,0,0,0
360914,1,1,11,12,6,0,0,0,0,18,21,22
360914,2,1,0,0,0,8,0,0,0,0,0,0
360915,0,1,8,8,8,8,8,8,8,8,8,8
360915,1,1,0,21,11,19,32,9,17,17,12,34
360916,1,1,0,0,23,15,0,14,26,0,0,8
360917,1,1,12,12,12,12,12,12,12,12,12,12
360918,1,1,26,26,26,26,26,26,26,26,26,26
360919,0,1,0,0,0,0,0,0,0,0,0,0
360919,1,1,0,0,0,15,0,0,0,0,0,0
360920,0,1,0,0,23,0,0,0,0,0,0,0
360920,1,1,11,0,5,42,0,4,0,0,0,0
360921,1,1,0,0,0,0,0,20,0,6,0,5
360921,2,1,0,0,19,0,27,25,0,16,10,42
360922,0,1,0,0,0,0,0,0,0,0,0,0
360922,1,1,9,5,10,19,32,20,21,12,10,11
360923,1,1,0,0,0,30,0,0,0,0,0,16
360924,0,1,0,0,0,0,0,0,0,0,0,0
360924,1,1,0,0,15,0,0,20,0,0,11,0
360925,0,1,16,16,16,16,16,16,16,16,16,16
360925,1,1,0,0,0,0,0,0,0,0,0,0
360926,1,1,0,0,0,0,0,0,0,0,0,0
360927,0,1,0,0,0,0,0,0,0,0,0,0
360927,1,1,2,0,0,60,7,0,0,0,0,0
360928,1,1,16,16,11,16,19,26,22,30,29,31
360929,1,1,0,0,0,0,0,0,0,0,0,0
360930,1,1,0,0,0,0,0,0,0,0,0,0
360930,2,1,15,0,0,0,0,0,0,0,0,0
360930,3,1,0,0,0,0,0,0,0,0,0,0
360930,4,1,0,0,0,0,0,0,15,0,0,0
360931,1,1,0,24,0,0,11,7,14,0,0,16
360931,2,1,0,0,0,0,0,0,0,0,0,0
360932,1,1,0,0,0,0,0,0,0,0,0,0
360933,1,1,6,34,19,0,0,7,0,9,0,0
360933,2,1,15,15,15,15,15,15,15,15,15,15
360934,1,1,0,0,0,0,0,0,0,0,0,0
360934,2,1,0,0,10,0,0,0,8,0,0,13
360935,1,1,36,36,36,36,36,36,36,36,36,36
360936,1,1,0,0,0,0,0,0,0,0,0,0
360937,0,1,23,23,23,23,23,23,23,23,23,23
360937,1,1,0,0,21,16,0,0,0,0,0,0
360938,1,1,0,0,0,0,0,0,12,0,16,7
360938,2,1,0,13,0,0,0,0,0,11,0,0
360938,3,1,0,0,0,0,0,26,0,0,0,0
360938,4,1,20,20,20,20,20,20,20,20,20,20
360939,0,1,15,15,15,15,15,15,15,15,15,15
360939,1,1,0,0,0,0,0,0,0,0,5,0
360940,0,1,0,0,0,0,0,0,0,0,0,0
360940,0,2,0,0,35,0,0,0,0,11,0,0
360940,1,1,9,0,0,0,0,0,0,0,31,0
360941,1,1,0,0,0,0,0,0,0,0,0,0
360941,2,1,0,0,0,0,0,0,0,0,0,0
360942,1,1,25,6,15,32,20,26,24,13,19,20
360942,2,1,0,0,0,5,0,18,5,0,0,0
360943,0,1,33,9,0,0,8,0,0,0,29,0
360943,1,1,0,0,0,0,0,0,0,0,0,0
360944,0,1,33,0,0,0,0,0,0,0,0,0
360944,1,1,0,0,0,0,0,0,0,0,0,0
360945,1,1,0,0,0,0,0,0,0,0,0,0
360946,0,1,0,0,0,0,0,0,0,0,0,0
360946,1,1,0,0,0,0,0,0,0,0,0,0
360947,1,1,21,21,21,21,21,21,21,21,21,21
360948,1,1,0,9,0,25,0,0,0,17,5,14
360948,2,1,0,0,0,0,0,14,0,0,0,0
360949,1,1,17,17,17,17,17,17,17,17,17,17
360950,0,1,0,0,0,0,0,0,0,0,0,0
360950,1,1,0,0,0,0,0,0,0,0,0,0
360951,0,1,0,0,0,0,0,0,0,0,0,0
360951,1,1,0,0,0,0,0,0,10,0,17,16
360952,1,1,0,0,0,0,0,0,0,0,0,0
360953,0,1,0,0,0,29,0,0,0,0,0,0
360953,1,1,0,0,0,15,0,0,0,16,0,27
360954,1,1,0,0,0,0,0,0,0,0,0,0
360954,2,1,16,0,0,0,0,16,0,0,24,0
360955,1,1,6,0,20,0,0,8,0,0,0,0
360956,0,1,0,0,0,0,0,0,0,0,0,0
360956,1,1,0,0,31,0,0,16,0,0,0,0
360957,0,1,0,0,0,8,0,0,0,0,0,16
360957,1,1,0,0,0,0,0,12,0,0,0,0
360958,0,1,0,0,0,22,10,0,0,22,0,0
360958,1,1,0,0,0,0,0,0,0,0,0,0
360959,1,1,0,0,0,30,0,0,0,0,26,0
360960,1,1,0,0,0,0,0,0,0,0,0,0
360961,0,1,0,0,0,0,0,0,0,0,0,0
360961,1,1,0,0,0,0,0,0,0,0,0,0
360962,1,1,0,0,0,0,7,0,0,12,0,0
360963,1,1,0,0,0,0,0,0,0,0,0,0
360963,2,1,0,0,0,0,0,0,13,0,11,0