ST_CASE,VEH_NO,PER_NO,P1,P2,P3,P4,P5,P6,P7,P8,P9,P10
370897,2,1,0,0,0,0,0,0,0,0,0,0
370898,1,1,30,30,30,30,30,30,30,30,30,30
370898,2,1,0,0,0,0,0,0,0,0,0,0
370899,1,1,0,0,0,0,0,0,0,0,0,0
370899,2,1,0,0,0,0,0,0,0,0,0,0
370900,1,1,0,0,0,0,0,0,0,0,0,0
370901,1,1,0,0,0,0,0,0,0,0,0,0
370902,1,1,0,14,0,9,0,0,3,24,0,39
370902,2,1,0,0,0,0,0,0,0,0,0,0
370903,1,1,0,0,0,0,0,0,0,0,0,0
370903,2,1,0,0,0,0,0,0,0,0,0,0
370904,1,1,0,0,0,0,0,0,0,0,0,0
370905,1,1,0,0,0,0,0,0,0,0,0,0
370906,1,1,0,0,0,0,0,0,0,0,0,0
370907,1,1,0,0,0,0,0,0,0,0,0,0
370907,2,1,0,0,0,7,0,0,0,0,0,0
370908,1,1,0,0,0,0,0,0,0,0,0,0
370909,1,1,0,0,0,29,0,0,0,0,12,0
370910,1,1,0,0,0,0,0,0,0,0,0,0
370911,1,1,0,14,0,18,12,23,10,0,0,36
370911,2,1,0,0,0,0,0,0,0,0,0,0
370911,3,1,0,0,12,13,0,0,0,0,0,0
370911,4,1,0,0,0,0,0,0,0,0,0,0
370911,5,1,0,0,0,0,0,0,0,0,0,0
370911,6,1,0,0,0,0,0,0,0,0,0,0
370912,0,1,0,0,0,0,0,0,0,0,0,0
370912,1,1,0,0,0,24,0,0,0,0,0,0
370913,1,1,0,0,0,0,0,0,0,0,0,0
370913,2,1,0,0,0,0,0,0,0,0,0,0
370914,1,1,0,0,0,0,0,0,0,0,0,0
370915,1,1,0,0,0,0,0,0,0,0,0,0
370915,2,1,0,0,0,0,0,0,0,0,0,0
370916,1,1,0,0,0,0,0,0,0,0,0,0
370917,0,1,0,0,0,0,0,0,0,0,0,0
370917,1,1,7,23,16,34,17,10,27,20,6,14
370918,1,1,0,0,0,0,0,0,0,0,0,0
370918,2,1,4,0,0,0,0,0,0,0,0,0
370919,1,1,9,0,27,0,0,0,10,0,0,0
370919,2,1,0,0,0,0,0,0,0,0,0,0
370920,1,1,0,0,0,0,0,0,0,0,0,0
370920,2,1,16,0,0,0,0,12,0,0,0,0
370921,0,1,0,0,0,0,0,0,0,0,0,0
370921,1,1,0,0,0,0,0,0,0,0,0,0
370922,1,1,10,10,10,10,10,10,10,10,10,10
370922,2,1,0,0,0,0,0,0,0,0,0,0
370923,1,1,0,0,0,0,0,0,0,0,0,0
370924,0,1,0,0,0,0,0,0,0,0,0,0
370924,1,1,0,0,0,0,0,0,0,0,0,0
370925,1,1,22,22,22,22,22,22,22,22,22,22
370926,1,1,24,24,24,24,24,24,24,24,24,24
370927,0,1,22,22,22,22,22,22,22,22,22,22
370927,1,1,0,0,0,0,0,0,0,0,0,16
370928,1,1,0,0,0,0,0,0,0,0,0,0
370929,1,1,0,0,0,0,0,0,0,0,0,0
370930,1,1,0,0,0,0,0,0,0,0,0,0
370930,2,1,0,0,0,0,0,0,0,0,0,0
370931,0,1,20,20,23,0,0,22,17,28,34,19
370931,1,1,0,0,0,0,0,0,2,0,0,0
370931,2,1,0,0,0,0,0,0,0,0,0,0
370931,3,1,11,14,12,17,0,0,24,0,0,20
370932,0,1,0,0,0,0,0,0,0,0,0,0
370932,1,1,0,0,0,0,0,30,0,0,0,0
370933,1,1,9,0,0,0,0,0,21,0,0,0
370933,2,1,0,0,0,0,0,0,0,0,0,0
370934,1,1,0,0,0,0,0,0,0,0,0,0
370935,1,1,21,21,21,21,21,21,21,21,21,21
370936,1,1,0,0,0,0,0,0,0,0,0,0
370936,2,1,0,0,0,0,0,0,0,0,0,0
370937,1,1,0,0,0,0,0,0,0,0,0,0
370937,2,1,0,0,0,0,0,0,0,0,0,0
370937,3,1,0,0,0,0,0,0,0,0,0,0
370938,0,1,0,0,0,0,0,0,0,0,0,0
370938,1,1,0,0,0,0,8,0,0,0,0,0
370938,2,1,0,0,0,2,0,0,0,0,0,0
370939,1,1,0,0,0,0,0,0,0,0,0,0
370939,2,1,0,0,0,0,0,0,0,0,0,0
370940,1,1,12,0,0,0,0,0,0,16,0,0
370941,1,1,0,12,8,0,17,15,22,0,0,31
370942,1,1,0,0,0,0,0,0,0,0,0,0
370942,2,1,0,0,0,0,0,0,0,0,0,0
370943,1,1,19,19,19,19,19,19,19,19,19,19
370944,1,1,0,0,0,0,0,0,0,0,0,0
370944,2,1,0,0,0,0,0,0,0,0,0,0
370945,1,1,0,22,0,0,12,0,0,0,0,0
370946,1,1,12,0,0,0,0,4,0,0,18,0
370947,1,1,0,0,0,0,0,0,0,0,0,0
370947,2,1,0,0,0,0,0,0,0,0,0,0
370948,1,1,0,0,0,0,0,0,0,0,0,0
370949,1,1,0,0,0,0,0,0,0,0,0,0
370949,2,1,0,0,0,0,0,0,0,0,0,0
370950,1,1,0,16,17,13,36,0,0,18,26,21
370950,2,1,0,0,0,0,0,0,0,0,0,0
370951,0,1,32,32,32,32,32,32,32,32,32,32
370951,1,1,0,0,0,0,0,0,0,0,12,0
370952,1,1,16,16,16,16,16,16,16,16,16,16
370953,1,1,0,0,0,0,0,0,0,0,0,0
370953,2,1,0,0,0,0,0,0,0,0,0,0
370953,3,1,0,0,0,0,0,0,0,0,0,0
370954,1,1,0,0,0,0,0,0,0,0,0,0
370954,2,1,0,0,0,0,0,0,0,0,0,0
370955,1,1,0,0,0,0,0,0,0,0,0,0
370955,2,1,0,0,0,0,0,0,0,0,0,0
370956,1,1,0,0,0,0,0,0,0,0,0,0
370957,1,1,8,8,8,8,8,8,8,8,8,8
370958,1,1,0,0,0,0,0,0,0,0,0,0
370959,1,1,10,18,0,15,5,23,11,22,23,44
370960,1,1,4,4,4,4,4,4,4,4,4,4
370960,2,1,0,0,0,0,0,0,11,0,0,0
370961,0,1,0,0,0,0,0,0,26,0,0,0
370961,1,1,0,0,0,17,2,22,6,18,7,0
370962,1,1,0,0,0,0,0,0,0,0,0,1
370963,1,1,21,23,18,17,10,37,28,10,6,24
370964,1,1,14,0,22,0,0,0,0,0,0,0
370964,2,1,0,0,0,0,0,0,0,0,0,0
370965,1,1,13,15,14,19,13,0,24,0,17,7
370965,2,1,0,0,0,0,11,0,4,0,0,0
370966,0,1,0,0,0,0,0,0,0,0,0,0
370966,1,1,0,0,0,0,0,0,0,0,0,0
370967,1,1,0,0,0,0,0,0,0,0,0,0
370968,1,1,0,0,0,0,0,0,0,0,0,0
370969,1,1,24,24,24,24,24,24,24,24,24,24
370970,2,1,12,12,12,12,12,12,12,12,12,12
370970,3,1,0,19,0,0,0,0,0,0,0,0
370971,1,1,0,0,0,8,0,0,0,7,0,0
370971,2,1,0,0,0,0,0,0,0,0,0,0
370972,1,1,0,0,0,0,0,0,0,0,0,0
370972,2,1,0,0,0,0,0,0,0,0,0,0
370973,1,1,3,0,0,0,0,11,0,0,0,0
370974,1,1,0,0,0,0,0,0,0,0,0,0
370975,1,1,15,15,15,15,15,15,15,15,15,15
370976,1,1,21,21,21,21,21,21,21,21,21,21
370977,0,1,0,0,0,11,0,0,0,0,0,0
370977,2,1,0,0,0,0,0,0,0,0,0,0
370978,1,1,0,0,0,0,0,0,0,0,0,0
370979,1,1,0,0,0,0,0,13,10,0,0,0
370980,1,1,0,0,0,0,0,0,0,0,0,0
370981,1,1,18,18,0,11,22,4,19,0,7,24
370981,2,1,0,0,0,0,0,0,0,0,0,0
370982,1,1,34,34,34,34,34,34,34,34,34,34
370983,1,1,16,16,16,16,16,16,16,16,16,16
370984,1,1,0,0,0,0,0,0,0,0,0,0
370984,2,1,10,10,10,10,10,10,10,10,10,10
370985,1,1,0,0,0,0,0,0,0,0,0,0
370985,2,1,0,0,0,0,0,0,0,0,0,0
370986,1,1,0,0,0,0,0,0,0,0,0,0
370987,1,1,7,0,0,8,0,0,0,0,0,0
370987,2,1,0,0,0,0,0,0,0,0,0,0
370988,1,1,12,12,12,12,12,12,12,12,12,12
370989,1,1,0,0,0,0,0,0,0,0,0,0
370990,1,1,30,12,15,6,20,9,13,18,7,0
370991,1,1,6,28,17,11,11,12,16,18,14,14
370991,2,1,0,22,0,0,15,39,0,3,27,0
370992,1,1,0,0,0,0,0,0,0,0,0,0
370992,2,1,0,0,0,0,0,0,0,0,0,0
370993,1,1,0,12,0,17,0,0,0,24,9,0
370993,2,1,0,0,0,0,0,0,0,0,0,0
370994,1,1,0,0,26,0,0,0,0,0,0,0
370994,2,1,0,0,0,0,0,0,0,0,0,0
370994,3,1,0,0,0,0,0,0,0,0,0,0
370995,1,1,0,0,0,0,0,0,0,0,0,0
370995,2,1,0,0,0,0,0,0,0,0,0,0
370996,1,1,0,0,0,0,0,0,0,0,0,0
370997,1,1,14,0,0,0,14,0,0,0,0,0
370997,2,1,0,0,0,0,0,0,0,0,0,0
370998,1,1,0,0,0,0,0,15,0,0,0,0
370999,1,1,0,0,0,0,0,0,0,0,0,0
370999,2,1,0,0,0,0,0,0,0,0,0,0
371000,0,1,15,15,15,15,15,15,15,15,15,15
371000,1,1,0,0,0,0,0,0,0,0,0,0
371000,2,1,0,0,0,0,0,0,0,0,0,0
371001,1,1,15,15,15,15,15,15,15,15,15,15
371002,0,1,7,7,7,7,7,7,7,7,7,7
371002,1,1,0,0,0,0,0,0,0,0,0,6
371003,1,1,0,0,0,0,0,0,0,0,0,0
371003,2,1,0,0,0,0,0,0,0,0,0,0
371004,1,1,0,0,0,0,0,0,0,0,0,0
371005,1,1,0,0,0,0,0,0,0,0,0,0
371006,1,1,0,0,0,0,0,0,0,0,0,0
371007,0,1,0,0,0,0,0,0,0,0,0,0
371007,1,1,0,0,0,0,17,18,0,0,0,0
371008,1,1,0,0,0,0,0,0,0,0,0,0
371009,1,1,0,0,13,0,0,0,0,0,0,0
371010,1,1,0,0,0,0,0,0,0,0,0,0
371010,2,1,0,0,0,0,0,0,0,0,0,0
371010,3,1,0,0,0,0,0,0,0,0,0,0
371010,4,1,0,0,0,0,0,0,0,0,0,0
371010,5,1,0,0,0,0,0,0,0,0,0,0
371011,1,1,0,0,0,0,0,0,0,0,0,0
371012,1,1,0,14,0,0,0,0,0,0,0,0
371013,1,1,0,0,0,0,0,0,0,0,0,0
371013,2,1,0,0,0,0,0,0,0,0,0,0
371014,1,1,0,0,0,0,0,0,0,0,0,0
371014,2,1,0,0,0,0,0,0,0,7,16,0
371014,3,1,0,0,0,0,0,0,0,0,0,0
371015,0,1,0,0,0,0,0,0,0,0,0,0
371015,1,1,0,0,0,0,0,0,0,0,0,0
371015,2,1,0,0,12,0,12,0,0,0,0,0
371016,0,1,0,0,0,0,0,0,0,0,0,0
371016,1,1,12,12,12,12,12,12,12,12,12,12
371017,1,1,0,0,0,0,0,0,0,0,0,0
371017,2,1,0,0,0,0,0,0,0,0,0,0
371018,1,1,0,0,13,0,0,0,0,0,0,0
371018,2,1,0,0,0,0,0,0,0,0,0,0
371019,1,1,0,0,0,0,0,0,0,0,0,0
371019,2,1,0,0,0,0,0,0,0,0,0,0
371020,0,1,28,28,28,28,28,28,28,28,28,28
371020,1,1,0,0,0,0,0,0,0,0,0,0
371021,1,1,0,0,0,0,0,0,34,0,0,0
371022,1,1,17,17,17,17,17,17,17,17,17,17
371023,1,1,29,29,29,29,29,29,29,29,29,29
371024,1,1,22,22,22,22,22,22,22,22,22,22
371025,0,1,8,8,8,8,8,8,8,8,8,8
371025,0,2,19,19,19,19,19,19,19,19,19,19
371025,0,3,0,18,0,0,17,0,0,0,0,0
371025,1,1,0,0,0,0,0,0,19,10,0,0
371026,1,1,0,0,0,0,0,0,0,0,0,0
371027,1,1,0,0,22,0,8,9,0,0,0,0
371028,1,1,0,0,0,0,0,0,0,0,0,0
371029,1,1,0,0,0,25,0,0,0,0,0,0
371029,2,1,0,0,0,0,0,0,0,0,0,0
371031,1,1,0,0,0,0,0,0,0,0,0,0
371032,1,1,0,0,0,0,0,0,0,0,0,0
371032,2,1,0,0,0,0,0,0,0,0,0,0
371033,1,1,0,0,0,0,0,0,0,0,0,0
371033,2,1,0,10,0,0,0,0,0,0,0,0
371034,1,1,0,0,0,0,0,0,0,0,0,0
371034,2,1,0,0,0,0,0,0,0,0,0,0
371035,1,1,20,20,20,20,20,20,20,20,20,20
371036,1,1,0,0,0,0,0,0,0,0,0,0
371036,2,1,0,0,0,0,0,0,0,0,0,0
371037,1,1,0,0,0,17,0,11,0,0,0,20
371038,1,1,0,0,0,0,0,0,0,0,0,0
371038,2,1,0,0,0,0,0,0,0,0,0,0
371039,1,1,0,0,0,0,0,0,0,0,0,0
371040,1,1,0,0,0,0,0,0,0,0,0,0
371041,1,1,0,0,0,0,0,0,0,0,15,0
371042,1,1,11,11,11,11,11,11,11,11,11,11
371043,1,1,14,14,14,14,14,14,14,14,14,14
371044,1,1,20,16,10,20,30,33,13,2,19,19
371044,2,1,0,0,0,0,0,0,0,0,0,0
371045,1,1,24,24,24,24,24,24,24,24,24,24
371046,1,1,0,0,0,0,0,0,0,0,0,0
371046,2,1,0,0,0,0,0,0,0,0,0,0
371047,1,1,16,7,6,0,18,0,24,15,0,9
371047,2,1,0,0,0,0,0,0,0,0,0,2
371048,1,1,0,0,0,0,0,0,0,0,0,0
371049,1,1,21,21,21,21,21,21,21,21,21,21
371050,1,1,0,0,0,0,0,0,0,0,0,0
371050,2,1,0,0,0,0,0,0,0,0,0,0
371050,3,1,0,0,0,0,0,0,0,0,0,0
371051,1,1,0,0,0,0,0,0,0,0,0,0
371051,2,1,0,7,0,0,0,0,0,0,0,0
371052,1,1,0,0,0,0,0,0,0,0,0,0
371052,2,1,0,0,0,0,0,0,0,0,0,0
371053,1,1,0,0,0,0,0,0,0,0,0,0
371054,1,1,0,0,0,0,0,0,0,0,0,0
371055,1,1,18,18,18,18,18,18,18,18,18,18
371056,0,1,24,24,24,24,24,24,24,24,24,24
371056,1,1,0,0,0,0,0,0,0,0,0,0
371057,0,1,0,0,0,0,0,0,0,0,0,0
371057,1,1,0,0,0,0,0,0,0,0,0,0
371058,0,1,0,0,0,0,0,11,0,0,0,0
371058,1,1,0,0,0,0,0,0,0,0,0,0
371059,0,1,0,0,0,0,0,0,0,0,0,0
371059,1,1,0,0,0,0,0,0,0,0,0,0
371060,1,1,0,0,0,0,0,0,0,0,0,0
371060,2,1,0,0,0,0,0,0,0,0,0,0
371061,1,1,12,9,23,12,16,0,0,36,18,2
371062,1,1,13,5,13,14,0,0,0,9,0,0
371063,1,1,0,0,0,0,0,0,0,0,0,0
371063,2,1,20,20,20,20,20,20,20,20,20,20
371064,1,1,0,0,0,0,0,0,0,0,0,0
371064,2,1,0,0,0,0,0,0,0,0,0,0
371065,0,1,0,0,0,0,0,0,0,0,0,0
371065,1,1,0,0,0,0,0,0,0,0,0,0
371066,0,1,0,0,0,0,0,0,0,0,0,0
371066,1,1,4,0,0,27,8,15,0,0,22,15
371067,1,1,0,0,0,0,0,0,0,0,0,0
371067,2,1,0,0,0,0,0,0,0,0,0,0
371068,1,1,0,0,0,0,0,0,0,0,0,0
371068,2,1,0,0,0,0,0,0,0,0,0,0
371069,0,1,0,0,0,0,0,0,0,0,0,0
371069,1,1,0,0,8,0,0,20,0,0,0,0
371070,1,1,14,14,14,14,14,14,14,14,14,14
371071,1,1,0,0,0,0,0,0,0,0,0,0
371071,2,1,0,0,0,0,0,0,0,0,0,0
371072,1,1,0,0,0,0,0,0,0,0,0,0
371072,2,1,7,7,7,7,7,7,7,7,7,7
371073,1,1,19,19,19,19,19,19,19,19,19,19
371074,1,1,0,0,0,0,0,0,0,0,0,0
371074,2,1,0,0,0,0,0,0,0,0,0,0
371075,0,1,0,0,0,0,0,0,0,0,0,0
371075,1,1,0,0,0,0,0,0,0,0,0,0
371076,1,1,0,23,6,13,14,7,9,0,20,15
371076,2,1,0,0,0,0,0,0,0,0,0,0
371077,1,1,0,0,0,21,0,0,0,0,0,0
371077,2,1,0,0,0,0,0,0,0,0,0,0
371078,1,1,0,0,0,0,0,0,0,0,0,0
371078,2,1,0,0,0,0,0,0,0,0,0,0
371079,1,1,23,23,23,23,23,23,23,23,23,23
371080,1,1,8,8,8,8,8,8,8,8,8,8
371081,1,1,20,20,20,20,20,20,20,20,20,20
371081,2,1,0,0,0,0,0,0,0,0,0,0
371082,1,1,18,0,0,0,4,0,43,6,23,0
371083,1,1,0,12,0,0,21,20,0,0,4,16
371084,1,1,0,0,0,0,9,0,0,9,0,0
371085,1,1,3,3,3,3,3,3,3,3,3,3
371086,1,1,0,0,0,0,0,0,0,0,0,0
371086,2,1,0,0,0,0,0,0,0,0,0,0
371086,3,1,0,0,0,0,0,0,0,0,0,0
371086,4,1,0,0,0,0,0,0,0,0,0,0
371087,0,1,26,26,26,26,26,26,26,26,26,26
371087,1,1,15,0,0,0,0,0,0,0,0,0
371087,2,1,0,0,0,0,0,0,0,0,0,0
371088,1,1,0,0,0,0,0,0,0,0,0,0
371089,1,1,0,0,0,0,0,0,0,0,0,0
371089,2,1,0,0,0,0,0,0,0,0,0,0
371090,1,1,20,24,15,6,2,20,5,11,36,8
371091,1,1,0,0,0,0,0,0,0,0,0,0
371091,2,1,0,0,0,0,0,0,0,0,0,0
371092,1,1,0,0,0,0,0,0,0,0,0,0
371093,1,1,23,23,23,23,23,23,23,23,23,23
371094,1,1,0,0,0,0,0,0,0,0,0,0
371094,2,1,0,0,0,0,0,0,0,0,0,0
371095,1,1,19,0,0,0,0,0,0,0,0,0
371095,2,1,0,0,0,0,0,0,0,0,0,0
371096,1,1,0,0,0,0,0,0,0,0,0,0
371096,2,1,11,11,11,11,11,11,11,11,11,11
371097,0,1,0,0,0,0,0,0,0,0,0,0
371097,1,1,22,0,0,0,0,0,0,0,0,0
371098,1,1,0,0,0,0,0,0,0,0,0,0
371099,1,1,22,22,22,22,22,22,22,22,22,22
371100,1,1,19,16,30,9,14,14,21,19,5,11
371100,2,1,15,15,15,15,15,15,15,15,15,15
371101,0,1,0,0,0,34,0,0,0,18,0,0
371101,1,1,10,13,23,17,19,10,16,19,22,10
371102,1,1,0,0,0,0,0,0,24,0,0,0
371103,0,1,29,21,9,14,15,24,16,19,44,29
371103,1,1,0,0,0,0,0,0,0,0,0,17
371104,1,1,5,5,5,5,5,5,5,5,5,5
371105,1,1,17,17,17,17,17,17,17,17,17,17
371105,2,1,0,0,0,0,0,0,0,0,0,0
371106,1,1,19,0,0,0,0,0,0,0,0,0
371106,2,1,0,0,0,0,0,0,0,5,0,0
371107,1,1,0,0,0,0,0,0,0,0,0,0
371107,2,1,0,0,0,0,0,0,0,0,0,0
371108,1,1,0,0,0,0,0,0,0,0,0,0
371109,1,1,19,19,19,19,19,19,19,19,19,19
371110,1,1,17,17,17,17,17,17,17,17,17,17
371110,2,1,0,0,0,0,0,0,0,0,0,0
371111,1,1,17,17,17,17,17,17,17,17,17,17
371112,1,1,0,0,0,0,0,0,0,0,0,0
371112,2,1,0,0,0,0,0,0,0,14,0,0
371112,3,1,0,0,0,0,0,0,0,0,0,0
371113,0,1,0,28,0,0,0,29,0,0,0,0
371113,1,1,0,0,0,0,0,0,0,0,0,0
371114,1,1,0,0,0,0,0,0,0,0,0,0
371114,2,1,0,0,0,0,0,0,0,0,33,0
371115,1,1,0,0,0,0,23,0,0,0,0,0
371116,1,1,27,24,21,0,8,14,24,9,29,2
371117,1,1,0,0,0,0,0,0,0,0,0,0
371117,2,1,0,0,0,0,0,0,0,0,0,0
371117,3,1,0,0,0,0,0,0,0,0,0,0
371118,0,1,25,28,32,17,39,31,12,3,15,48
371118,1,1,0,0,0,0,0,0,0,0,0,0
371119,1,1,0,0,0,0,0,0,0,0,0,0
371119,2,1,0,0,0,0,0,0,8,0,0,0
371120,0,1,0,0,0,0,0,0,0,0,0,0
371120,1,1,0,0,28,0,0,0,0,0,0,0
371121,1,1,0,0,0,0,19,10,0,0,0,13
371122,1,1,0,0,0,0,0,7,0,0,0,0
371123,1,1,7,7,7,7,7,7,7,7,7,7
371124,1,1,0,0,0,0,0,0,0,0,0,0
371124,2,1,0,0,0,0,0,0,0,0,0,0
371125,0,1,0,0,0,0,0,0,0,0,0,0
371125,1,1,19,24,0,0,0,0,0,19,0,0
371126,1,1,16,16,16,16,16,16,16,16,16,16
371127,1,1,0,0,0,0,0,23,0,0,0,0
371128,1,1,0,0,0,0,0,0,0,0,0,0
371128,2,1,0,0,0,0,0,0,0,15,0,0
371129,0,1,0,0,0,0,0,0,0,0,0,0
371129,1,1,0,3,26,0,4,0,4,10,0,0
371130,1,1,15,29,23,8,15,12,17,0,0,21
371130,2,1,11,0,0,0,0,14,0,0,0,0
371130,3,1,0,0,0,0,0,0,0,0,0,0
371130,4,1,0,0,0,0,0,0,0,0,0,0
371130,5,1,0,0,0,9,0,0,0,0,15,0
371130,6,1,0,0,0,0,0,0,0,0,0,0
371131,1,1,0,0,0,0,0,0,0,0,0,0
371131,2,1,0,0,0,0,0,0,0,18,0,0
371131,3,1,0,0,0,0,0,0,0,0,0,0
371132,0,1,0,0,39,0,15,0,0,0,0,0
371132,1,1,0,6,0,0,0,0,0,0,0,0
371134,0,1,43,9,27,30,30,14,40,16,38,25
371134,1,1,0,0,0,0,0,0,0,0,0,12
371135,1,1,0,0,0,0,0,0,0,0,0,0
371135,2,1,0,0,0,0,0,0,0,0,0,0
371136,0,1,0,0,0,0,0,0,0,0,0,0
371136,1,1,0,0,0,0,0,11,0,0,0,0
371137,1,1,0,0,0,0,0,0,0,0,0,0
371138,0,1,0,0,0,0,0,0,0,0,0,0
371138,1,1,0,0,0,0,0,0,0,0,14,0
371139,0,1,0,0,0,0,0,0,0,0,0,0
371139,1,1,19,16,13,16,0,15,16,17,17,9
371140,1,1,0,0,0,0,0,0,0,0,0,0
371140,2,1,0,0,0,0,0,0,0,0,0,0
371141,1,1,0,0,0,0,0,0,0,0,0,0
371142,1,1,15,18,18,18,11,25,19,22,18,11
371143,1,1,0,0,0,0,0,0,0,0,0,0
371143,2,1,0,0,0,0,0,0,0,0,0,0
371143,3,1,0,0,0,0,0,0,0,0,0,0
371144,1,1,0,0,0,0,0,0,0,0,0,0
371145,1,1,0,0,0,0,0,0,0,0,20,0
371145,2,1,0,0,0,20,0,0,0,0,0,0
371146,1,1,7,16,21,17,16,24,6,0,11,12
371146,2,1,0,0,0,0,0,0,0,0,0,0
371147,1,1,0,0,0,0,0,0,0,0,0,0
371147,2,1,0,0,0,0,0,0,0,0,0,0
371148,1,1,0,0,0,0,0,0,0,0,0,0
371148,2,1,0,0,0,8,12,0,0,0,0,13
371150,1,1,0,0,0,0,0,0,0,0,0,0
371151,1,1,27,27,27,27,27,27,27,27,27,27
371152,0,1,0,0,0,0,0,0,0,0,0,0
371152,1,1,0,0,0,0,0,0,0,0,0,0
371153,0,1,0,0,0,0,0,0,0,0,0,0
371153,0,2,0,0,0,0,0,0,0,0,0,0
371153,1,1,0,0,0,0,0,0,0,0,0,0
371154,1,1,11,0,32,0,5,0,11,5,19,0
371155,1,1,0,0,0,0,0,0,0,0,0,0
371155,2,1,0,0,0,0,0,0,0,0,0,0
371156,1,1,0,0,0,0,14,0,0,0,0,0
371157,0,1,0,0,0,0,0,0,0,0,0,0
371157,1,1,0,0,0,0,0,0,0,0,0,0
371158,1,1,10,10,10,10,10,10,10,10,10,10
371159,1,1,0,0,0,0,0,0,0,0,0,0
371159,2,1,7,22,0,0,13,0,0,0,0,0
371160,1,1,0,0,0,0,0,0,0,0,0,0
371160,2,1,0,0,0,0,0,0,0,0,0,0
371161,1,1,0,0,0,0,0,0,0,0,0,0
371162,1,1,0,0,0,0,0,0,0,0,0,0
371163,1,1,31,0,13,0,20,7,0,0,0,15
371164,1,1,16,12,13,0,6,17,29,11,0,17
371165,1,1,0,0,0,9,0,0,0,0,0,0
371166,1,1,0,0,0,0,0,0,0,0,0,0
371167,1,1,13,13,13,13,13,13,13,13,13,13
371168,1,1,21,21,21,21,21,21,21,21,21,21
371169,1,1,23,23,23,23,23,23,23,23,23,23
371170,1,1,10,10,10,10,10,10,10,10,10,10
371170,2,1,0,0,0,0,0,0,0,0,0,0
371171,1,1,0,0,14,0,0,0,0,0,0,15
371172,1,1,0,0,0,0,0,0,0,0,0,0
371173,1,1,0,0,0,0,0,0,0,0,0,0
371173,2,1,0,0,0,0,0,0,0,0,0,0
371173,3,1,0,0,0,0,0,0,12,0,0,0
371174,1,1,18,18,18,18,18,18,18,18,18,18
371175,1,1,0,0,0,0,0,0,0,0,0,0
371176,1,1,0,0,0,0,0,0,0,0,0,0
371177,1,1,0,0,0,0,0,0,0,0,0,0
371177,2,1,0,0,0,0,0,0,0,0,0,0
371177,3,1,0,0,0,0,0,0,0,0,0,0
371178,1,1,0,0,15,0,0,0,0,0,0,0
371179,1,1,0,0,0,0,0,0,0,0,0,0
371180,1,1,0,0,0,0,0,23,0,0,0,0
371181,1,1,0,0,0,0,0,0,11,0,0,0
371181,2,1,0,0,0,0,0,0,0,0,0,0
371182,0,1,0,0,0,0,0,0,0,0,0,0
371182,1,1,0,0,0,0,0,0,0,0,0,0
371183,1,1,0,0,0,0,0,0,0,0,0,0
371184,0,1,0,0,0,0,0,0,0,0,0,0
371184,1,1,0,26,0,0,0,0,0,5,0,0
371185,1,1,0,0,0,0,0,0,0,0,0,0
371185,2,1,0,0,0,0,0,0,0,0,0,0
371186,1,1,10,10,10,10,10,10,10,10,10,10
371187,1,1,11,11,11,11,11,11,11,11,11,11
371188,1,1,0,0,0,0,0,0,0,0,0,0
371188,2,1,0,0,0,0,11,0,0,0,0,13
371188,3,1,0,0,0,0,0,0,0,0,0,0
371189,0,1,35,35,35,35,35,35,35,35,35,35
371189,1,1,0,0,0,0,0,0,0,0,0,0
371190,0,1,26,0,0,0,0,0,0,0,0,0
371190,1,1,0,0,0,0,0,0,0,0,0,0
371191,1,1,0,0,0,0,0,0,0,0,0,0
371191,2,1,0,0,0,0,0,0,0,9,0,0
371192,1,1,0,0,0,0,0,0,0,0,0,0
371192,2,1,0,0,0,0,7,0,0,0,0,0
371193,1,1,0,0,0,25,0,0,0,0,0,0
371194,1,1,0,0,0,0,0,0,0,0,0,0
371194,2,1,0,0,0,0,0,0,0,0,0,0
371195,1,1,0,15,0,0,0,0,0,0,0,0
371196,1,1,0,0,15,0,0,0,0,0,0,0
371196,2,1,0,0,0,0,0,0,0,0,0,0
371197,1,1,0,0,21,0,0,0,0,0,11,27
371198,1,1,15,0,0,0,0,0,0,18,0,0
371198,2,1,0,0,0,0,0,0,0,0,0,0
371199,1,1,0,0,0,0,0,0,6,0,0,0
371199,2,1,0,0,0,0,0,0,0,0,0,0
371200,1,1,18,18,18,18,18,18,18,18,18,18
371201,1,1,0,0,0,0,0,0,0,0,0,0
371202,1,1,19,19,19,19,19,19,19,19,19,19
371202,2,1,0,0,0,0,0,0,0,0,0,0
371203,1,1,0,0,0,0,0,0,0,0,0,0
371204,1,1,0,0,0,0,0,0,0,0,0,0
371204,2,1,0,0,0,0,0,0,0,0,0,0
371205,0,1,0,0,0,0,0,0,0,0,0,0
371205,1,1,23,23,23,23,23,23,23,23,23,23
371206,1,1,0,0,0,0,0,0,0,0,0,0
371206,2,1,0,0,0,0,0,0,0,0,0,0
371207,1,1,19,0,0,0,14,0,0,19,17,0
371208,1,1,7,0,0,0,0,0,28,0,4,7
371208,2,1,0,0,0,0,0,0,0,0,0,0
371209,1,1,0,0,0,0,0,0,0,0,0,3
371209,2,1,0,0,0,0,0,0,0,19,0,0
371209,3,1,0,0,0,0,0,0,0,0,0,0
371210,0,1,22,9,30,29,17,18,9,12,26,7