ST_CASE,VEH_NO,PER_NO,P1,P2,P3,P4,P5,P6,P7,P8,P9,P10
420688,2,1,0,0,0,0,0,0,0,0,0,0
420689,1,1,12,12,12,12,12,12,12,12,12,12
420690,1,1,0,0,0,0,0,0,0,0,0,0
420691,0,1,0,0,0,0,0,0,0,0,0,0
420691,1,1,0,0,0,0,0,0,0,0,11,0
420692,1,1,0,0,0,0,0,3,0,0,0,0
420693,1,1,0,0,0,0,0,0,0,0,18,11
420694,1,1,0,0,0,0,0,0,0,0,0,0
420694,2,1,0,0,0,0,0,0,0,0,0,0
420695,1,1,0,0,0,0,0,0,12,18,0,0
420695,2,1,0,0,0,0,0,0,2,0,0,0
420696,1,1,0,0,0,0,0,0,0,0,0,0
420696,2,1,0,0,0,0,0,0,0,0,0,0
420696,3,1,0,0,0,0,0,0,0,0,0,0
420696,4,1,0,0,0,0,0,0,0,0,0,0
420697,1,1,25,3,13,0,0,17,11,8,16,20
420698,1,1,0,14,0,22,0,0,18,0,0,0
420699,1,1,0,0,0,0,0,0,0,0,0,0
420700,1,1,0,0,0,0,0,0,0,0,0,0
420701,1,1,0,0,0,0,0,0,0,0,0,0
420701,2,1,0,0,0,0,0,0,0,0,0,0
420702,1,1,0,0,0,0,0,0,0,0,0,0
420702,2,1,0,0,0,0,0,0,0,0,0,0
420703,1,1,0,0,0,4,0,0,0,0,0,0
420703,2,1,0,0,0,0,0,0,0,0,0,0
420703,3,1,0,0,0,0,0,0,0,0,0,0
420703,4,1,0,0,0,0,0,0,0,0,0,0
420703,5,1,0,0,0,0,0,0,0,0,0,0
420704,1,1,22,22,22,22,22,22,22,22,22,22
420704,2,1,0,0,0,0,0,0,0,0,0,0
420705,0,1,13,13,13,13,13,13,13,13,13,13
420705,1,1,1,1,1,1,1,1,1,1,1,1
420706,1,1,15,15,15,15,15,15,15,15,15,15
420707,1,1,0,0,0,0,0,0,0,0,0,0
420707,2,1,0,0,0,0,0,0,0,0,0,0
420708,1,1,28,0,0,0,0,0,0,0,0,0
420709,1,1,0,0,0,0,0,0,0,0,0,0
420710,1,1,2,2,2,2,2,2,2,2,2,2
420711,1,1,0,0,0,0,0,0,0,0,0,0
420712,1,1,13,13,13,13,13,13,13,13,13,13
420712,2,1,8,8,8,8,8,8,8,8,8,8
420712,3,1,0,0,0,0,0,0,0,0,0,0
420713,1,1,0,0,0,0,0,0,0,0,0,0
420714,0,1,0,0,9,0,0,10,4,9,0,0
420714,1,1,0,0,0,0,0,0,0,0,0,0
420715,0,1,0,0,0,0,0,0,0,0,0,0
420715,0,2,0,0,0,0,0,0,23,0,0,0
420715,1,1,0,0,0,0,0,0,0,0,0,0
420716,1,1,0,0,0,0,0,0,0,0,0,0
420716,2,1,0,0,0,0,0,0,0,0,0,0
420717,1,1,0,0,0,0,0,0,0,0,0,0
420717,2,1,0,0,0,0,0,0,0,0,0,0
420718,1,1,0,44,0,0,0,0,9,0,0,0
420719,1,1,17,0,19,0,17,12,0,26,0,16
420719,2,1,10,14,0,0,14,5,7,18,0,0
420720,0,1,21,21,21,21,21,21,21,21,21,21
420720,1,1,0,0,0,0,0,0,0,0,0,0
420721,0,1,0,0,32,0,14,0,0,19,21,20
420721,0,2,0,0,0,0,0,0,0,0,0,0
420721,1,1,6,0,0,0,0,0,0,0,0,0
420722,1,1,24,21,15,10,10,21,19,15,7,26
420723,1,1,0,16,0,0,0,0,0,0,0,0
420723,2,1,0,0,0,0,0,0,0,0,0,0
420724,1,1,0,0,0,0,0,0,0,0,10,0
420724,2,1,0,0,0,0,0,0,0,0,0,0
420725,1,1,0,0,12,0,0,0,0,0,21,0
420725,2,1,0,0,0,0,0,0,0,0,0,0
420726,0,1,20,20,20,20,20,20,20,20,20,20
420726,1,1,19,0,0,0,0,0,0,0,0,0
420727,1,1,2,2,2,2,2,2,2,2,2,2
420727,2,1,0,0,0,0,0,0,0,0,0,0
420728,1,1,0,0,0,0,0,0,0,0,0,0
420728,2,1,0,0,0,12,0,0,0,0,0,0
420729,1,1,0,0,0,0,0,0,0,0,0,24
420729,2,1,0,0,0,0,0,0,0,0,0,0
420730,1,1,0,0,0,0,0,0,0,0,0,0
420730,3,1,0,0,0,0,0,0,0,0,0,0
420731,1,1,0,0,0,0,0,0,0,0,0,0
420731,2,1,0,10,0,0,0,0,0,0,0,0
420732,1,1,0,0,0,0,0,0,0,0,0,0
420732,2,1,0,0,0,0,0,0,0,0,0,0
420733,1,1,0,0,0,0,0,0,0,0,0,0
420733,2,1,0,0,0,0,0,0,0,0,0,0
420734,1,1,11,11,11,11,11,11,11,11,11,11
420735,1,1,0,0,0,0,0,0,0,0,0,0
420735,2,1,0,0,0,0,0,0,26,0,0,0
420736,1,1,0,0,0,0,0,11,0,0,0,0
420737,1,1,14,12,21,9,15,35,21,19,0,11
420738,1,1,0,0,0,0,0,0,0,0,0,0
420738,2,1,0,0,0,0,0,0,0,0,0,0
420739,1,1,0,0,0,0,0,0,0,0,0,0
420739,2,1,0,0,30,0,0,0,0,0,0,0
420740,1,1,12,21,24,4,17,5,17,4,15,16
420741,1,1,0,0,0,0,0,0,0,0,0,0
420741,2,1,0,0,0,0,0,0,0,0,8,0
420742,1,1,0,0,0,0,0,0,0,0,0,0
420743,0,1,27,27,27,27,27,27,27,27,27,27
420743,1,1,16,0,0,0,14,0,23,20,0,13
420744,1,1,0,0,0,0,0,0,0,0,0,0
420744,2,1,0,0,0,0,0,0,0,0,0,0
420745,1,1,0,0,0,0,0,0,0,0,0,0
420745,2,1,0,0,0,0,0,0,0,0,0,0
420746,1,1,0,0,0,0,0,0,0,0,0,0
420747,1,1,14,14,14,14,14,14,14,14,14,14
420748,0,1,0,0,0,0,0,0,0,0,0,0
420748,1,1,0,0,0,0,0,0,0,0,0,0
420749,0,1,0,0,0,0,25,0,0,0,0,0
420749,0,2,0,0,0,0,0,0,0,0,0,0
420749,1,1,0,0,0,0,0,0,0,0,0,22
420750,1,1,2,2,2,2,2,2,2,2,2,2
420751,1,1,0,0,0,0,0,0,0,0,0,0
420751,2,1,0,0,0,0,0,0,0,0,0,0
420752,1,1,0,0,0,0,0,0,0,3,0,0
420752,2,1,0,0,0,0,0,0,0,0,0,0
420752,3,1,0,0,0,0,0,0,0,0,5,0
420752,4,1,0,0,0,0,0,0,0,0,0,0
420753,1,1,0,0,0,0,0,0,0,0,0,0
420753,2,1,0,0,0,0,0,0,0,0,0,0
420753,3,1,0,0,0,0,0,0,0,0,0,0
420753,4,1,0,0,0,0,0,0,0,0,0,0
420754,1,1,26,0,14,13,0,0,12,0,8,0
420755,1,1,0,0,0,0,0,0,0,0,0,0
420756,1,1,7,7,7,7,7,7,7,7,7,7
420757,1,1,0,0,0,0,0,0,0,0,0,0
420758,1,1,0,0,0,0,0,0,0,0,0,0
420758,2,1,0,0,0,0,0,0,0,0,0,0
420759,1,1,0,0,0,0,0,0,0,0,0,0
420759,2,1,0,0,0,30,0,0,0,0,0,0
420760,1,1,0,0,0,0,0,0,0,0,0,0
420761,1,1,28,28,28,28,28,28,28,28,28,28
420762,1,1,13,13,13,13,13,13,13,13,13,13
420763,1,1,0,0,0,0,0,0,0,0,13,0
420763,2,1,0,0,0,0,0,0,0,0,0,0
420764,1,1,0,0,0,0,0,0,0,0,0,0
420764,2,1,0,0,0,0,0,0,0,0,0,0
420765,1,1,0,0,0,0,0,0,0,0,0,0
420766,1,1,0,14,0,0,0,8,9,0,0,14
420767,0,1,0,0,0,0,0,0,0,0,0,0
420767,1,1,0,0,0,0,0,0,26,0,0,0
420768,1,1,0,17,0,0,0,11,14,18,0,0
420768,2,1,0,0,0,0,0,0,0,0,0,0
420769,0,1,0,0,0,0,0,0,0,0,0,0
420769,1,1,0,0,0,0,0,0,0,14,0,0
420770,0,1,20,20,20,20,20,20,20,20,20,20
420770,1,1,0,0,0,0,0,0,0,0,0,0
420771,1,1,0,0,0,0,20,0,0,0,0,0
420771,2,1,0,0,0,0,0,0,0,0,0,0
420772,1,1,0,0,0,0,0,18,0,0,0,0
420772,2,1,0,0,0,0,0,0,0,0,0,3
420773,1,1,0,0,0,0,0,0,0,0,0,0
420774,1,1,0,0,0,0,0,0,0,0,0,0
420774,2,1,0,0,0,0,0,0,0,0,0,0
420775,1,1,0,0,0,0,0,0,0,0,0,0
420775,2,1,0,0,16,0,0,14,0,0,0,0
420776,1,1,8,0,0,0,0,0,2,0,0,0
420776,2,1,0,0,0,0,0,0,0,0,0,0
420777,1,1,21,21,21,21,21,21,21,21,21,21
420777,2,1,0,0,0,0,0,0,0,0,0,0
420778,1,1,0,0,0,0,0,0,0,0,0,0
420779,1,1,32,0,0,0,0,0,0,0,0,0
420779,2,1,23,0,0,0,12,32,13,15,24,14
420780,1,1,0,0,0,0,0,0,0,0,0,0
420780,2,1,0,0,0,0,0,0,0,0,0,0
420781,1,1,6,6,6,6,6,6,6,6,6,6
420782,1,1,0,23,0,0,14,0,0,32,0,0
420783,1,1,22,22,22,22,22,22,22,22,22,22
420784,1,1,11,11,11,11,11,11,11,11,11,11
420784,2,1,0,0,0,0,0,0,0,0,0,0
420785,0,1,3,3,3,3,3,3,3,3,3,3
420785,1,1,0,0,0,0,0,0,0,0,0,0
420786,1,1,0,0,0,0,0,0,0,0,0,18
420787,1,1,6,6,6,6,6,6,6,6,6,6
420788,0,1,0,0,0,0,0,0,0,0,0,0
420788,1,1,0,0,0,0,0,0,0,3,0,0
420789,1,1,0,0,0,0,0,0,0,0,0,0
420789,2,1,0,0,0,0,0,0,0,0,0,0
420790,1,1,0,0,0,0,0,0,0,0,0,0
420791,1,1,15,15,15,15,15,15,15,15,15,15
420792,0,1,1,1,1,1,1,1,1,1,1,1
420792,1,1,0,0,18,0,0,0,0,0,0,0
420793,1,1,22,0,31,0,0,0,0,0,0,0
420794,1,1,0,0,0,0,0,0,0,0,0,0
420794,2,1,0,0,0,0,4,0,0,0,0,0
420795,1,1,0,0,0,0,0,0,0,0,0,0
420795,2,1,0,0,0,0,0,0,0,0,0,0
420796,1,1,0,0,0,0,0,0,0,0,0,0
420796,2,1,0,0,0,0,0,0,0,7,0,0
420797,1,1,0,0,0,0,0,0,0,0,0,0
420797,2,1,0,0,0,0,0,0,0,0,0,0
420798,1,1,0,0,0,0,0,0,0,0,0,0
420798,2,1,0,0,0,0,0,0,0,0,0,0
420799,1,1,0,0,0,0,0,32,0,0,0,0
420799,2,1,0,0,0,0,0,0,0,0,0,0
420800,0,1,0,16,0,0,0,0,0,0,0,0
420800,1,1,0,0,0,0,0,0,0,0,0,9
420801,1,1,0,0,0,0,0,0,0,0,0,0
420801,2,1,0,0,0,0,0,0,0,0,0,0
420802,1,1,0,0,0,0,0,0,0,0,0,0
420803,1,1,0,0,0,0,0,0,16,0,0,0
420804,1,1,0,0,0,0,0,0,0,0,0,0
420804,2,1,0,0,0,0,0,0,0,0,0,0
420804,3,1,0,0,0,0,0,0,0,0,0,0
420805,0,1,20,20,20,20,20,20,20,20,20,20
420805,1,1,0,0,25,8,0,0,0,0,0,0
420806,1,1,0,0,0,0,0,0,0,0,0,0
420806,2,1,0,0,0,0,0,0,0,0,0,0
420807,0,1,15,15,15,15,15,15,15,15,15,15
420807,1,1,0,0,0,0,0,0,0,0,0,0
420807,2,1,0,0,0,0,14,0,0,0,0,0
420808,1,1,4,0,0,0,0,5,15,0,0,0
420808,2,1,0,0,0,0,0,0,0,0,0,0
420809,1,1,0,0,0,0,0,0,0,0,0,0
420809,2,1,0,0,0,0,0,0,0,0,0,0
420810,1,1,23,0,40,0,0,19,0,0,26,15
420811,0,1,0,0,0,0,0,0,0,0,0,0
420811,1,1,0,0,0,0,0,0,0,0,0,0
420812,0,1,28,28,28,28,28,28,28,28,28,28
420812,1,1,0,17,0,0,0,0,0,0,0,5
420813,1,1,27,27,27,27,27,27,27,27,27,27
420814,0,1,0,0,0,0,30,0,0,5,0,0
420814,1,1,0,0,0,0,0,0,0,0,0,12
420815,0,1,0,0,0,0,0,0,0,0,0,0
420815,1,1,0,0,0,0,0,0,0,0,0,0
420816,1,1,0,0,0,0,0,0,0,0,0,0
420816,2,1,0,0,0,0,0,0,0,0,0,0
420816,3,1,0,0,0,0,0,0,0,0,0,0
420816,4,1,0,0,0,0,0,0,0,0,0,0
420817,1,1,4,9,21,0,0,0,18,0,33,13
420818,1,1,0,0,0,0,0,0,0,0,0,0
420819,1,1,21,21,21,21,21,21,21,21,21,21
420820,0,1,0,0,0,0,0,0,0,0,0,0
420820,1,1,0,0,0,0,0,0,0,0,0,8
420821,1,1,0,0,0,0,0,0,0,0,0,15
420822,0,1,0,0,0,0,0,0,15,0,0,19
420822,1,1,15,24,19,7,0,25,20,4,18,45
420822,2,1,0,0,0,0,0,0,0,0,0,0
420823,0,1,0,21,22,11,0,0,0,0,25,0
420823,0,2,0,0,0,0,0,0,0,0,0,0
420823,1,1,19,23,12,16,11,3,19,0,6,6
420824,1,1,0,0,5,0,0,9,0,7,16,0
420825,1,1,0,0,0,0,0,0,0,0,0,0
420826,1,1,0,0,0,0,0,0,0,0,0,0
420827,1,1,0,0,0,0,0,0,0,0,0,0
420827,2,1,0,0,0,0,0,0,0,0,0,0
420828,1,1,0,0,0,0,0,0,15,33,0,0
420828,2,1,0,12,0,0,0,0,0,0,0,0
420829,1,1,0,19,0,0,0,0,0,0,0,0
420830,1,1,0,0,0,0,0,0,0,0,0,0
420830,2,1,0,0,0,0,0,0,0,0,0,0
420831,1,1,9,9,9,9,9,9,9,9,9,9
420832,1,1,0,0,0,0,0,0,0,0,0,0
420833,1,1,0,0,0,0,0,0,0,0,0,0
420834,1,1,1,1,1,1,1,1,1,1,1,1
420835,0,1,0,0,0,0,0,0,0,0,0,0
420835,1,1,0,0,0,0,0,0,0,0,0,0
420836,1,1,0,0,0,0,0,0,0,0,0,0
420837,1,1,0,0,0,0,0,0,0,0,0,0
420837,2,1,0,0,0,5,0,0,0,0,0,0
420838,0,1,0,0,0,0,0,0,0,0,0,0
420838,1,1,8,12,0,11,11,9,19,19,0,12
420839,1,1,0,0,0,0,0,0,0,0,0,0
420839,2,1,0,10,0,0,0,0,0,0,0,3
420840,1,1,0,0,0,0,0,0,0,0,0,0
420841,1,1,0,0,0,0,0,0,0,0,0,0
420842,0,1,0,0,40,0,28,21,0,0,0,0
420842,1,1,0,0,0,0,0,0,0,0,0,0
420843,1,1,27,27,27,27,27,27,27,27,27,27
420844,0,1,0,4,0,0,29,0,0,11,0,9
420844,1,1,11,7,13,0,24,11,11,13,10,21
420845,0,1,10,0,18,46,0,11,25,7,44,22
420845,1,1,0,0,0,23,0,0,0,13,0,0
420846,1,1,20,20,20,20,20,20,20,20,20,20
420847,1,1,0,0,0,0,0,0,0,0,0,0
420848,1,1,35,14,0,0,19,16,16,0,14,33
420849,0,1,32,0,0,17,0,24,0,0,0,8
420849,1,1,0,0,0,0,0,0,0,0,0,0
420850,1,1,0,0,0,0,0,0,0,0,0,0
420851,0,1,13,13,13,13,13,13,13,13,13,13
420851,1,1,0,0,0,5,18,0,10,20,7,13
420852,1,1,0,0,0,0,0,14,0,0,23,18
420852,2,1,0,0,0,0,0,0,0,0,0,0
420853,0,1,0,0,0,0,0,0,0,0,0,0
420853,1,1,0,0,0,0,0,0,0,0,0,0
420854,1,1,0,0,0,8,0,16,0,0,0,0
420854,2,1,0,0,0,0,0,0,0,0,0,0
420855,1,1,0,0,0,0,0,0,0,0,0,0
420856,1,1,0,0,0,0,0,0,0,0,0,0
420856,2,5,0,0,0,0,0,0,0,0,22,0
420857,1,1,0,0,0,0,0,0,0,0,0,0
420858,0,1,20,20,20,20,20,20,20,20,20,20
420858,1,1,22,7,7,17,10,19,16,16,2,18
420859,1,1,21,21,21,21,21,21,21,21,21,21
420860,1,1,0,0,0,0,0,0,0,0,0,0
420860,2,1,12,12,12,12,12,12,12,12,12,12
420861,1,1,0,0,0,0,0,0,0,0,0,0
420861,2,1,0,0,0,0,0,0,0,0,0,0
420862,1,1,5,5,5,5,5,5,5,5,5,5
420863,1,1,16,4,0,0,0,0,23,39,0,0
420864,1,1,0,0,0,0,0,0,0,0,0,0
420864,2,1,0,0,0,0,0,0,0,0,12,0
420865,1,1,12,15,23,23,6,0,0,0,0,7
420866,1,1,0,0,0,0,0,0,0,0,0,0
420866,2,1,0,0,0,0,0,0,0,0,0,0
420867,1,1,16,16,16,16,16,16,16,16,16,16
420867,2,1,0,0,0,19,0,0,0,0,0,0
420868,1,1,0,0,0,0,0,0,0,0,0,33
420868,2,1,9,0,0,12,0,0,9,10,0,0
420869,1,1,30,30,30,30,30,30,30,30,30,30
420870,1,1,0,0,0,0,0,0,0,0,0,0
420870,2,1,0,0,0,0,0,0,0,0,0,0
420871,0,1,26,26,26,26,26,26,26,26,26,26
420871,1,1,17,21,27,24,13,17,22,14,5,32
420872,1,1,0,0,0,0,0,0,0,0,0,0
420873,0,1,0,0,0,0,0,0,0,0,0,0
420873,1,1,0,0,0,0,0,0,0,0,0,0
420874,0,1,0,0,0,0,0,0,0,0,0,0
420874,1,1,0,0,0,0,0,0,0,0,0,0
420875,1,1,0,0,0,0,0,0,0,0,0,0
420876,1,1,0,0,15,0,0,0,20,0,0,0
420876,2,1,0,0,0,0,0,0,0,0,0,0
420876,3,1,0,0,0,9,0,0,0,0,0,0
420877,1,1,0,0,0,0,0,0,0,0,0,0
420878,1,1,19,19,19,19,19,19,19,19,19,19
420879,1,1,0,0,0,0,0,0,0,0,0,0
420879,2,1,0,0,0,0,0,0,0,0,0,0
420880,1,1,26,0,15,0,0,0,0,0,5,0
420880,2,1,19,0,0,0,0,0,0,0,0,0
420881,0,1,0,0,0,0,0,0,0,0,0,0
420881,1,1,0,0,0,0,0,0,0,25,0,0
420882,1,1,0,0,0,0,0,0,0,0,0,0
420882,2,1,0,0,0,0,0,0,0,0,0,0
420883,1,1,31,31,31,31,31,31,31,31,31,31
420883,2,1,0,0,35,0,0,0,0,0,0,0
420883,3,1,0,20,0,12,0,0,0,0,0,0
420884,0,1,0,0,0,0,11,0,0,0,30,0
420884,1,1,0,0,4,0,0,0,0,0,0,0
420885,1,1,20,20,20,20,20,20,20,20,20,20
420886,1,1,0,0,0,0,0,0,0,0,0,0
420886,2,1,0,0,0,0,0,0,0,0,0,0
420887,1,1,0,0,0,0,0,0,0,0,0,0
420887,2,1,0,0,14,0,0,0,0,0,0,0
420888,1,1,0,0,0,0,0,0,0,0,0,0
420889,1,2,0,5,0,29,0,0,17,0,23,0
420890,1,1,0,0,0,0,0,0,0,0,0,0
420891,1,1,0,0,6,0,0,0,0,0,0,0
420891,2,1,0,0,0,0,0,0,0,0,20,0
420891,3,1,0,0,0,0,0,0,0,0,0,0
420891,6,1,0,0,0,0,0,0,0,0,0,0
420892,1,1,0,0,0,0,0,0,0,0,0,0
420893,1,1,0,0,0,0,0,0,0,0,0,0
420894,1,1,3,3,3,3,3,3,3,3,3,3
420894,2,1,0,0,0,0,0,0,0,0,0,0
420895,1,1,0,0,0,0,14,0,0,0,0,0
420896,0,1,0,0,0,0,0,0,0,0,0,0
420896,1,1,0,11,20,0,0,0,0,0,0,0
420897,1,1,0,0,0,0,0,0,0,0,0,0
420897,2,1,0,0,0,0,0,0,0,0,0,0
420898,0,1,0,0,0,0,0,0,0,0,0,0
420898,1,1,12,22,0,25,8,17,23,12,1,9
420899,1,1,0,0,0,0,0,0,0,0,0,0
420899,2,1,4,0,0,0,0,0,0,19,0,0
420900,1,1,0,0,0,0,0,17,0,0,0,0
420900,2,1,0,0,0,0,0,0,0,0,0,0
420901,1,1,0,0,0,0,0,0,0,0,0,0
420902,1,1,0,0,18,0,0,0,0,0,0,0
420903,1,1,27,27,27,27,27,27,27,27,27,27
420904,1,1,0,0,0,0,0,0,0,0,20,0
420904,2,1,0,0,0,0,0,0,0,0,0,0
420905,0,1,0,0,0,17,0,0,0,0,12,0
420905,1,1,0,0,0,0,0,0,0,0,0,0
420906,1,1,0,0,0,0,0,0,0,0,0,0
420906,2,1,0,13,0,0,0,0,38,0,0,0
420907,1,1,20,16,17,27,8,15,16,32,27,34
420907,2,1,0,0,0,0,0,0,0,0,0,0
420908,1,1,0,0,0,0,0,0,0,0,0,0
420908,2,1,0,0,0,0,0,0,0,0,0,0
420909,1,1,0,0,0,0,27,0,0,0,0,10
420909,2,1,0,0,0,0,0,0,0,0,0,0
420910,1,1,0,0,0,0,0,0,0,0,0,0
420910,2,1,0,0,0,0,0,0,0,0,0,0
420911,1,1,0,0,0,0,0,0,0,0,0,0
420911,2,1,0,0,0,0,0,0,0,0,0,0
420912,1,1,0,0,0,0,0,0,0,0,0,0
420912,2,1,0,0,0,0,0,0,0,0,0,0
420912,3,1,0,0,0,0,0,0,0,0,0,0
420912,4,1,0,0,0,0,0,0,0,0,0,0
420912,5,1,0,0,0,0,29,30,0,0,0,0
420912,6,1,0,0,0,0,0,0,0,0,0,0
420912,7,1,0,0,0,0,0,0,0,0,0,0
420912,8,1,0,0,0,0,0,0,0,0,0,0
420912,9,1,0,0,0,0,0,0,0,0,0,0
420912,10,1,0,0,0,0,0,0,0,0,0,0
420912,11,1,0,0,0,0,0,0,0,0,0,0
420912,12,1,0,0,29,0,0,0,0,0,0,0
420912,13,1,0,0,0,0,0,0,0,0,0,0
420912,14,1,0,0,0,0,0,0,0,0,0,0
420912,15,1,0,0,0,0,0,0,0,0,0,0
420912,16,1,0,0,0,0,0,0,0,4,0,0
420912,17,2,0,0,0,0,0,0,0,0,0,0
420912,18,1,0,0,0,0,0,0,0,0,0,0
420912,19,1,0,0,0,0,0,0,0,0,0,0
420912,20,1,0,0,0,0,0,0,0,0,12,0
420912,21,1,0,0,0,0,0,0,0,0,0,0
420912,22,1,0,0,0,0,0,0,0,0,0,0
420912,23,1,0,0,0,0,0,0,0,0,0,0
420912,24,1,0,0,0,7,0,0,0,0,0,0
420912,25,1,0,0,0,0,0,0,0,0,0,0
420912,26,1,0,0,0,0,0,0,0,0,0,0
420912,27,1,0,0,3,0,0,0,0,0,0,0
420912,28,1,0,0,0,16,0,0,0,0,0,0
420912,29,1,0,35,0,0,0,0,0,0,0,0
420912,30,1,0,0,0,0,0,0,0,10,0,0
420912,31,1,0,0,0,0,0,0,0,0,0,0
420912,32,1,0,0,7,0,0,0,0,0,0,0
420912,33,1,0,0,0,0,0,0,0,0,0,0
420912,34,1,0,0,0,0,0,0,0,0,0,0
420912,35,1,0,0,0,0,0,0,0,0,6,0
420912,36,1,0,0,0,0,0,0,0,0,0,0
420912,37,1,0,0,0,0,0,0,0,0,0,0
420912,38,1,0,0,0,0,0,0,0,0,0,0
420912,39,1,0,0,0,0,0,9,0,22,0,0
420912,40,1,0,0,0,12,0,0,0,0,0,0
420912,41,1,0,0,0,0,0,0,0,0,0,0
420912,42,1,0,0,0,0,0,0,0,0,0,0
420912,43,1,0,0,0,0,0,0,0,0,0,0
420912,44,1,0,0,0,0,0,0,0,0,0,0
420912,45,1,0,0,0,0,0,0,0,0,0,0
420912,46,1,0,0,0,0,15,0,0,0,0,0
420912,47,1,0,0,0,0,0,0,0,0,0,0
420912,48,1,0,0,0,0,0,0,0,0,0,0
420912,49,1,0,0,0,0,0,0,0,0,0,0
420912,50,1,11,10,0,0,0,0,0,4,0,0
420912,51,1,0,0,0,0,0,0,0,0,0,0
420912,52,1,0,0,0,0,0,0,0,0,0,0
420912,53,1,0,0,0,0,0,0,0,0,0,0
420912,54,1,0,0,0,0,0,0,0,0,0,0
420912,55,1,0,0,0,0,0,0,0,0,0,0
420912,56,1,0,0,0,0,0,0,0,0,0,0
420912,57,1,0,0,0,0,0,0,0,0,0,0
420912,58,1,0,0,0,0,0,0,0,0,0,0
420912,59,1,0,0,0,0,24,0,0,0,0,0
420912,60,1,0,0,0,0,0,0,0,0,0,0
420912,61,1,0,0,0,0,0,0,0,0,0,0
420912,62,1,0,0,0,0,0,0,0,0,11,0
420912,63,1,0,0,0,0,0,0,0,0,0,0
420912,64,1,0,0,0,0,0,0,0,0,0,0
420913,1,1,19,7,25,19,20,30,0,0,10,30
420914,1,1,26,26,26,26,26,26,26,26,26,26
420915,1,1,0,0,0,0,0,0,0,0,0,0
420916,1,1,0,0,0,0,0,0,0,0,0,0
420916,2,1,0,0,0,0,0,0,0,0,0,0
420917,1,1,0,0,0,0,0,0,0,0,0,0
420917,2,1,0,0,0,0,0,0,0,0,0,0
420917,3,1,0,0,0,0,0,5,0,0,0,0
420918,0,1,0,0,0,0,0,0,0,0,0,0
420918,0,2,31,0,0,0,0,0,0,0,0,6
420918,1,1,0,0,0,0,0,0,0,0,0,0
420919,0,1,0,0,0,0,0,0,20,0,0,0
420919,1,1,0,0,0,0,0,0,0,0,0,0
420920,0,1,0,0,0,0,0,0,0,0,0,0
420920,1,1,0,0,0,10,0,0,0,0,13,0
420921,1,1,12,16,3,5,14,19,10,15,22,10
420922,1,1,0,0,0,0,0,0,0,0,0,17
420922,2,1,0,2,0,0,0,0,7,5,12,0
420923,0,1,0,0,0,0,0,0,0,0,0,0
420923,0,2,0,0,27,0,31,0,0,0,0,0
420923,1,1,0,0,0,0,0,0,0,0,0,0
420924,0,1,21,0,13,5,0,0,0,0,0,0
420924,1,1,0,0,0,0,0,0,0,0,0,0
420926,1,2,31,18,0,0,0,33,0,17,13,0
420926,2,1,0,0,0,0,0,7,0,0,0,27
420927,1,1,31,15,16,24,12,11,20,14,31,15
420928,1,1,0,28,0,0,0,16,0,0,0,0
420928,2,1,0,0,0,0,0,0,0,0,0,0
420928,3,1,0,0,0,0,0,0,0,0,0,0
420928,4,1,0,0,0,18,0,0,0,0,0,0
420928,5,1,0,0,0,0,0,0,0,0,0,0
420929,1,1,0,0,0,0,0,0,0,0,0,0
420930,1,1,0,0,0,0,0,0,0,0,0,0
420930,2,1,0,0,0,0,0,0,0,0,0,0
420930,3,1,6,0,16,0,26,21,0,7,15,0
420930,4,1,0,0,0,0,0,0,0,0,0,0
420931,1,1,0,10,0,0,19,0,21,5,0,12
420931,2,1,0,0,0,0,0,0,0,0,0,0
420932,1,1,0,0,0,0,0,0,0,0,0,0
420933,1,1,0,0,0,0,0,0,0,0,0,0
420934,1,1,0,0,0,0,0,0,0,0,0,0
420934,2,1,0,0,0,0,0,0,0,17,0,0
420934,3,1,0,0,0,0,0,0,0,0,0,0
420935,1,1,23,23,23,23,23,23,23,23,23,23
420936,1,1,0,0,0,0,0,0,0,0,0,0
420936,2,1,0,0,0,0,0,0,0,0,0,0
420937,1,1,0,0,0,0,0,0,0,0,0,0
420938,0,1,0,0,0,0,0,0,0,0,0,0
420938,1,1,0,0,0,0,0,0,0,0,0,0
420939,0,1,0,0,0,0,0,0,0,0,0,0
420939,1,1,0,0,0,0,27,0,0,0,0,0
420940,0,1,0,0,0,0,0,0,0,0,0,0
420940,1,1,0,0,0,0,0,0,0,0,0,0
420941,1,1,0,0,0,0,0,0,0,0,0,0
420941,2,1,35,14,28,36,15,20,12,11,19,42
420942,0,1,0,0,0,0,0,0,0,0,0,0
420942,1,1,0,0,0,0,0,0,0,0,0,0
420943,0,1,0,0,0,0,0,0,0,0,0,0
420943,1,1,0,0,0,0,0,0,0,8,0,0
420944,1,1,17,17,17,17,17,17,17,17,17,17
420945,1,1,0,0,0,0,0,0,0,0,0,0
420945,2,1,0,0,0,0,0,0,0,0,0,0
420946,1,1,0,0,0,0,0,0,0,0,0,0
420947,0,1,21,21,21,21,21,21,21,21,21,21
420947,1,1,0,0,0,0,0,0,0,0,0,0
420948,0,1,16,0,0,0,8,22,0,0,13,0
420948,1,1,0,17,0,10,0,12,6,0,0,0
420949,1,1,0,0,0,0,0,0,0,0,0,0
420949,2,1,0,0,0,0,0,0,0,0,0,0
420949,3,1,0,0,0,0,0,0,0,0,0,0
420949,4,1,0,0,0,0,0,0,0,0,0,0
420950,1,1,0,0,0,0,0,0,0,0,0,0
420951,1,1,22,22,22,22,22,22,22,22,22,22