ST_CASE,VEH_NO,PER_NO,P1,P2,P3,P4,P5,P6,P7,P8,P9,P10
420951,2,1,0,0,0,0,0,0,0,0,0,0
420952,1,1,0,32,14,11,0,0,16,8,29,0
420952,2,1,11,11,11,11,11,11,11,11,11,11
420953,1,1,0,0,0,0,0,0,0,0,0,0
420954,1,1,0,0,0,0,0,0,0,0,0,0
420954,2,1,0,0,0,0,0,0,0,0,0,0
420955,1,1,27,27,27,27,27,27,27,27,27,27
420956,1,1,0,0,0,0,0,0,4,0,0,0
420957,1,1,0,0,0,0,0,0,0,0,0,0
420958,1,1,28,28,28,28,28,28,28,28,28,28
420959,1,1,20,20,20,20,20,20,20,20,20,20
420960,1,1,0,0,0,0,0,0,0,0,0,0
420960,2,1,0,0,0,0,0,0,0,0,0,0
420961,1,1,0,0,0,0,0,0,12,0,16,0
420961,2,1,0,0,0,0,0,0,0,0,0,0
420962,0,1,26,21,37,18,20,17,24,3,20,27
420962,1,1,0,0,0,0,0,0,0,0,0,0
420963,0,1,0,0,0,0,0,0,0,0,0,0
420963,1,1,0,0,0,0,0,0,0,0,0,0
420964,0,1,20,8,22,17,7,29,32,14,16,35
420964,1,1,0,2,0,10,15,0,0,0,0,0
420965,0,1,18,9,20,26,25,14,5,25,19,5
420965,1,1,0,0,0,0,0,0,0,0,0,0
420966,0,1,0,0,0,0,0,0,0,0,0,0
420966,0,2,11,0,0,0,0,12,10,0,40,0
420966,1,1,0,0,0,0,0,0,0,0,0,0
420967,1,1,0,0,0,0,0,0,0,0,0,0
420967,2,1,0,0,0,0,0,0,0,0,0,0
420968,1,1,0,0,0,0,0,0,0,0,0,0
420968,2,1,0,0,0,0,0,0,0,0,0,0
420969,1,1,0,14,0,5,0,0,9,0,0,4
420969,2,1,0,0,0,0,0,0,0,0,9,0
420970,1,1,0,0,0,0,0,0,0,0,0,0
420970,2,1,0,0,0,0,0,0,0,0,0,0
420970,3,1,0,0,0,0,0,0,0,0,0,0
420971,1,1,0,0,0,10,0,0,4,0,0,0
420971,2,1,0,0,0,0,0,0,0,0,0,0
420971,3,1,0,0,0,0,0,0,0,0,0,0
420972,1,1,0,0,0,0,0,0,0,0,0,0
420972,2,1,0,0,0,0,0,0,0,0,0,0
420972,3,1,0,0,0,6,0,18,0,27,14,0
420973,1,1,12,12,12,12,12,12,12,12,12,12
420973,2,1,0,0,0,0,0,0,0,0,0,0
420974,1,1,0,0,0,0,0,0,0,0,0,0
420975,1,1,0,0,0,0,0,0,0,0,0,0
420976,1,1,0,0,0,0,0,0,0,0,13,0
420976,2,1,0,4,0,0,0,0,0,0,0,0
420977,0,1,0,0,0,0,0,0,0,0,0,0
420977,1,1,0,0,0,7,0,0,0,0,0,0
420978,1,1,0,0,0,0,20,0,0,0,0,0
420979,0,1,30,20,11,24,16,0,7,13,0,32
420979,1,1,0,4,0,0,0,9,21,0,17,0
420980,1,1,0,0,0,0,0,0,0,0,0,0
420980,2,1,0,0,0,0,0,0,0,0,0,0
420981,1,1,31,0,0,17,7,12,11,21,0,14
420981,2,1,0,0,0,0,0,0,6,0,0,0
420981,3,1,0,0,0,0,0,0,0,0,0,0
420982,1,1,0,0,0,0,0,0,0,0,0,0
420982,2,1,0,0,0,0,0,0,0,0,0,0
420983,1,1,10,0,0,17,11,0,0,0,24,0
420983,2,1,0,0,0,0,0,0,0,0,0,0
420984,1,1,0,0,0,0,0,0,0,0,0,0
420985,1,1,0,0,0,0,0,0,0,0,0,7
420986,1,1,50,50,50,50,50,50,50,50,50,50
420986,2,1,0,0,0,0,0,0,0,0,0,0
420986,3,1,0,0,0,0,0,0,0,0,0,0
420987,1,1,0,0,0,0,0,0,0,0,0,0
420987,2,1,0,0,0,0,0,0,0,0,0,0
420988,1,1,0,0,0,0,0,0,0,0,0,0
420988,2,1,0,0,0,0,0,0,0,0,0,0
420989,1,1,25,25,25,25,25,25,25,25,25,25
420990,1,1,0,0,0,0,0,0,0,0,0,0
420990,2,1,0,0,0,0,0,0,0,0,0,0
420991,1,1,21,21,21,21,21,21,21,21,21,21
420992,1,1,29,29,29,29,29,29,29,29,29,29
420993,1,1,0,0,0,0,0,0,17,0,0,0
420994,0,1,0,0,0,0,0,0,0,0,0,0
420994,1,1,27,27,27,27,27,27,27,27,27,27
420995,0,1,0,0,0,0,0,0,0,0,23,0
420995,1,1,14,0,16,0,0,0,11,5,0,0
420996,1,1,0,0,0,0,0,0,0,0,0,0
420997,1,1,0,0,0,0,0,0,0,0,0,0
420998,0,1,0,0,0,0,0,0,0,16,45,0
420998,1,1,0,0,0,0,0,0,0,0,0,0
420999,1,1,0,0,0,0,0,0,0,0,0,0
420999,2,1,0,0,0,0,0,0,0,0,0,0
420999,3,1,0,0,0,0,0,0,0,0,0,0
420999,4,1,0,0,0,0,0,0,0,0,0,0
420999,5,1,0,13,0,0,0,0,0,0,0,0
420999,6,1,0,0,0,0,0,0,0,0,0,0
421000,1,1,18,18,18,18,18,18,18,18,18,18
421001,0,1,0,0,0,0,0,0,0,0,0,0
421001,1,1,0,0,0,0,26,28,0,11,0,0
421002,1,1,0,0,15,0,19,0,0,0,0,0
421002,2,1,0,0,0,0,0,0,0,0,0,0
421003,1,1,0,0,0,0,0,0,0,0,0,0
421003,2,1,0,0,0,0,0,0,0,0,0,0
421004,1,1,0,0,0,0,0,0,0,0,0,0
421004,2,1,0,0,0,0,0,0,0,0,0,0
421005,1,1,20,20,20,20,20,20,20,20,20,20
421005,2,1,0,0,0,13,0,0,0,0,0,0
421006,1,1,23,0,0,0,0,0,0,0,0,0
421007,0,1,0,0,0,0,0,0,0,0,0,0
421007,1,1,0,0,10,0,16,0,0,12,0,19
421008,0,1,0,0,0,0,0,0,0,0,0,0
421008,1,1,0,0,0,0,0,0,0,33,0,0
421009,0,1,0,0,0,0,0,0,0,0,0,0
421009,1,1,0,0,10,0,0,0,0,0,22,0
421010,1,1,14,0,8,19,18,0,27,13,0,21
421011,1,1,0,0,0,0,0,0,0,0,0,0
421011,2,1,0,0,0,0,0,0,0,0,0,0
421012,1,1,10,0,0,0,0,0,0,13,0,0
421012,2,1,16,16,28,26,8,14,26,13,25,23
421013,1,1,0,0,0,0,0,0,6,0,0,0
421013,2,2,0,0,0,0,0,8,0,0,0,0
421014,1,1,16,0,0,15,0,11,9,0,16,20
421015,1,1,0,15,0,0,0,0,0,20,24,0
421015,2,1,0,0,0,0,0,0,0,0,0,0
421016,1,1,0,0,0,0,0,0,0,0,0,0
421016,2,1,0,0,0,0,0,0,0,0,0,0
421017,0,1,0,0,0,0,0,0,0,0,42,0
421017,1,1,0,0,0,0,0,0,0,0,0,0
421018,0,1,0,0,0,23,10,0,0,0,9,0
421018,1,1,0,0,0,12,0,12,14,13,0,0
421019,1,1,22,22,22,22,22,22,22,22,22,22
421020,0,1,0,0,0,0,0,0,0,0,0,0
421020,1,1,0,0,0,0,0,0,14,0,0,0
421021,1,1,5,11,0,11,28,15,22,16,20,0
421022,1,1,13,13,13,13,13,13,13,13,13,13
421022,2,1,0,0,0,0,0,0,0,0,0,0
421023,0,1,0,0,0,0,0,0,0,0,0,0
421023,1,1,0,0,0,0,0,0,0,0,0,0
421023,2,1,0,0,20,0,0,18,0,0,4,0
421023,3,1,0,0,0,0,0,0,0,26,0,0
421024,0,1,0,0,7,7,26,0,36,16,0,0
421024,1,1,0,6,0,0,0,0,0,0,0,0
421025,1,1,0,0,0,0,0,0,0,0,0,0
421026,1,1,0,0,0,0,0,0,0,0,0,0
421026,2,1,0,0,0,0,0,0,0,18,0,0
421026,3,1,0,0,0,0,0,0,0,0,0,0
421026,4,1,0,0,0,0,0,0,0,0,0,0
421026,5,1,0,0,0,0,0,0,0,0,0,0
421026,6,1,10,0,0,0,0,0,0,0,0,0
421026,7,1,0,0,0,0,0,0,0,0,0,0
421026,8,1,0,0,0,0,0,0,0,0,0,0
421027,1,1,0,0,0,0,0,0,11,30,20,0
421027,2,1,0,0,0,0,0,0,0,0,0,0
421028,1,1,0,0,0,0,0,0,0,0,0,0
421028,2,1,0,0,0,0,0,0,0,0,0,0
421029,1,1,13,0,0,8,0,0,16,0,11,0
421030,1,1,0,0,0,0,0,0,0,0,0,0
421031,1,1,0,18,0,0,0,0,6,0,0,0
421032,1,1,0,0,0,0,0,0,0,0,0,0
421033,1,1,0,0,0,0,0,0,0,0,0,0
421033,2,1,0,0,0,0,0,0,0,0,0,0
421034,1,1,0,0,0,0,0,0,0,0,0,0
421034,2,1,0,0,0,0,0,0,0,0,0,0
421035,1,1,0,0,0,0,0,0,0,0,0,0
421035,2,1,0,0,0,0,0,0,0,0,0,0
421036,1,1,4,4,4,4,4,4,4,4,4,4
421037,0,1,8,0,0,0,9,0,14,0,0,0
421037,1,1,0,0,0,0,0,0,0,0,0,0
421038,1,1,0,0,0,0,0,0,0,25,0,0
421038,2,1,0,0,0,0,0,0,0,0,0,0
421038,3,1,0,0,0,0,0,0,0,0,0,0
421038,4,1,0,0,0,0,0,0,0,0,0,0
421039,1,1,0,0,0,0,0,0,0,0,0,0
421039,2,1,0,0,0,0,0,25,0,23,0,0
421040,1,1,0,0,0,0,0,0,0,0,0,0
421040,2,1,0,0,0,0,0,0,0,0,0,0
421041,0,1,0,0,0,0,0,0,0,0,0,0
421041,1,1,14,0,0,0,0,0,0,0,0,0
421042,1,1,0,0,0,0,0,0,0,0,0,0
421043,1,1,0,0,0,0,0,0,0,0,0,0
421043,2,1,0,0,0,0,0,0,0,0,0,0
421043,3,1,0,0,0,0,9,0,0,0,0,0
421044,1,1,8,8,8,8,8,8,8,8,8,8
421044,2,1,0,0,0,0,0,0,0,0,0,0
421045,0,1,0,0,0,0,0,0,0,0,0,0
421045,1,1,0,0,0,0,0,0,0,0,0,0
421046,0,1,0,0,0,0,0,0,0,0,0,0
421046,1,1,12,0,0,0,0,0,0,0,0,0
421047,0,1,27,40,41,7,8,0,0,0,5,0
421047,1,1,0,13,0,0,0,40,0,0,0,0
421048,1,1,0,0,0,0,0,0,0,0,0,0
421048,2,1,0,0,0,0,0,0,0,0,0,0
421048,3,1,0,0,0,0,0,0,0,0,0,0
421049,1,1,0,0,0,12,15,0,0,0,0,0
421049,2,1,0,0,0,0,0,0,6,0,0,0
421050,1,1,16,16,16,16,16,16,16,16,16,16
421050,2,1,0,0,0,0,0,0,0,0,0,0
421051,1,1,0,0,0,0,0,0,0,0,0,0
421052,1,1,0,0,0,0,0,0,0,0,0,0
421052,2,1,0,0,0,0,0,0,0,0,0,0
421052,3,1,0,0,0,0,0,0,0,0,0,0
421053,1,1,0,0,0,0,0,0,0,0,0,0
421053,2,1,0,0,0,0,0,0,0,0,0,0
421054,1,1,0,0,0,0,0,0,0,0,0,0
421055,1,1,0,0,0,0,0,0,0,0,0,0
421056,1,1,0,0,0,0,0,0,0,0,0,0
421057,0,1,0,0,0,0,0,0,0,0,0,0
421057,1,1,0,0,0,0,0,0,0,0,0,0
421057,2,1,0,0,0,0,0,0,0,0,0,0
421057,3,1,0,0,0,0,0,0,0,0,0,0
421057,4,1,0,0,0,0,0,0,0,0,0,0
421058,1,1,0,0,0,0,0,0,0,0,0,0
421058,2,1,0,0,0,0,0,0,0,11,0,7
421059,1,1,0,17,20,14,18,20,10,14,13,11
421059,2,1,0,0,0,0,0,0,0,0,0,0
421060,0,1,0,0,0,0,0,0,0,0,0,0
421060,1,1,0,0,0,22,0,0,0,0,0,0
421061,1,1,0,0,0,0,0,0,0,0,0,0
421061,2,1,0,0,0,0,0,0,0,0,0,0
421062,1,1,0,0,0,0,0,0,0,29,0,0
421062,2,1,0,0,0,0,0,0,8,0,0,0
421063,1,1,0,0,0,0,0,0,0,0,0,0
421063,2,1,0,0,0,0,0,0,0,0,0,0
421064,1,1,0,0,0,0,0,0,0,0,0,0
421064,2,1,0,0,0,0,0,0,0,0,0,0
421065,1,1,0,0,0,0,0,0,0,0,0,0
421066,1,1,0,0,0,0,30,0,7,0,0,0
421066,2,1,0,0,0,0,0,0,0,0,0,0
421067,1,1,0,0,0,0,0,0,0,0,0,0
421068,1,1,0,0,0,0,0,0,19,0,0,0
421069,1,1,0,0,0,0,0,0,0,0,0,0
421070,1,1,11,11,11,11,11,11,11,11,11,11
421071,1,1,0,0,0,0,0,0,0,0,0,0
421071,2,1,14,0,7,0,0,0,0,0,0,0
421071,3,1,0,0,0,0,0,0,0,0,0,0
421072,1,1,0,0,0,0,0,0,0,0,0,0
421072,2,1,0,0,0,0,0,0,0,0,0,0
421072,3,1,0,0,0,0,0,0,0,0,0,0
421073,1,1,0,0,0,0,0,0,0,0,0,0
421073,2,1,0,0,0,0,0,0,0,0,0,0
421074,1,1,0,0,0,0,0,0,0,0,0,0
421075,1,1,0,0,0,0,0,0,13,0,0,0
421076,1,1,0,12,0,0,0,0,0,0,0,0
421076,2,1,0,0,0,0,0,0,0,0,0,0
421076,3,1,0,0,0,0,0,0,0,0,0,0
421077,1,1,0,0,0,0,0,0,0,0,0,0
421077,2,1,0,0,0,0,23,29,0,23,14,0
421078,1,1,0,0,0,0,0,0,0,0,0,19
421078,2,1,6,0,0,0,0,12,0,0,0,0
421079,1,1,0,0,0,0,0,0,0,0,0,0
421080,1,1,0,0,0,0,22,0,0,0,0,0
421080,2,1,0,0,0,0,0,0,0,0,0,0
421081,1,1,31,44,31,6,13,14,5,23,19,13
421082,1,1,0,0,0,0,0,0,0,0,0,0
421083,0,1,11,0,0,0,0,0,0,0,0,0
421083,1,1,0,0,0,0,0,0,0,0,0,0
421084,1,1,0,0,0,0,0,0,0,0,0,0
421085,1,1,0,16,0,0,0,0,0,0,0,0
421086,1,1,0,0,0,0,0,0,0,0,0,0
421087,1,1,0,0,0,0,0,0,0,0,0,0
421088,1,1,0,0,0,0,0,0,0,0,0,0
421088,2,1,0,0,0,0,0,0,0,0,0,11
421089,1,2,22,16,12,0,10,8,16,9,6,10
421090,1,3,0,0,0,0,0,0,0,0,0,0
421091,1,1,0,0,0,0,0,0,0,0,0,0
421091,2,1,0,27,0,0,0,0,0,0,0,0
421091,3,1,0,0,0,0,0,0,0,0,0,0
421092,1,1,20,20,20,20,20,20,20,20,20,20
440001,0,1,0,0,0,0,0,0,0,0,0,0
440001,1,1,0,0,0,0,0,0,0,0,0,0
440002,0,1,0,0,0,0,0,0,0,0,0,0
440002,1,1,8,8,8,8,8,8,8,8,8,8
440003,1,1,27,27,27,27,27,27,27,27,27,27
440004,1,1,16,16,16,16,16,16,16,16,16,16
440004,2,1,0,0,14,0,0,0,7,18,5,12
440004,3,1,0,0,5,0,0,0,13,0,0,0
440005,1,1,0,0,0,0,0,0,0,0,0,0
440006,1,1,14,14,14,14,14,14,14,14,14,14
440007,0,1,23,23,23,23,23,23,23,23,23,23
440007,1,1,0,0,0,0,0,0,0,0,0,0
440008,1,1,3,3,3,3,3,3,3,3,3,3
440009,1,1,0,0,0,0,0,0,0,0,0,0
440010,1,1,0,0,0,0,0,0,0,0,0,0
440010,2,1,0,0,5,0,0,0,0,0,0,0
440010,3,1,0,0,0,0,0,0,0,0,0,0
440011,0,1,0,0,0,0,0,0,0,0,0,0
440011,1,1,4,0,0,0,0,0,0,0,0,0
440012,1,1,24,24,24,24,24,24,24,24,24,24
440013,0,1,0,0,0,0,0,0,0,0,0,0
440013,1,1,9,9,20,13,9,25,18,6,20,11
440014,0,1,30,30,30,30,30,30,30,30,30,30
440014,1,1,0,0,0,0,0,0,0,0,0,0
440015,1,1,0,0,0,0,0,0,0,0,0,0
440015,2,1,19,19,19,19,19,19,19,19,19,19
440016,1,1,0,0,0,0,0,0,0,0,0,0
440017,0,1,0,0,0,0,0,0,0,0,0,0
440017,1,1,9,24,0,3,10,0,8,7,9,11
440018,1,1,0,0,0,0,0,0,0,0,0,0
440019,1,1,28,28,28,28,28,28,28,28,28,28
440020,1,1,23,23,23,23,23,23,23,23,23,23
440021,1,1,0,0,0,0,0,0,0,0,0,0
440022,1,1,0,0,0,10,0,0,19,0,0,0
440022,2,1,0,0,9,12,0,0,0,0,0,0
440022,3,1,0,0,26,0,0,0,0,0,0,0
440023,0,1,0,0,0,0,0,0,0,0,0,0
440023,1,1,0,0,0,0,0,0,0,0,0,0
440024,0,1,0,0,0,0,0,0,0,0,0,0
440024,1,1,0,0,0,0,0,0,0,0,0,0
440025,1,1,6,6,6,6,6,6,6,6,6,6
440026,1,1,0,0,0,0,0,0,0,0,0,0
440027,1,1,26,6,0,0,13,0,0,0,11,0
440027,2,1,20,20,20,20,20,20,20,20,20,20
440028,0,1,0,0,0,0,0,0,0,0,0,0
440028,1,1,0,0,0,0,0,0,11,0,0,0
440029,1,1,7,7,7,7,7,7,7,7,7,7
440030,0,1,0,0,0,0,0,0,0,0,0,0
440030,1,1,0,0,0,0,0,0,0,0,0,0
440031,1,1,13,13,13,13,13,13,13,13,13,13
440031,2,1,0,0,0,0,0,0,0,0,0,0
440032,1,1,0,0,0,0,0,0,0,0,0,0
440032,2,1,0,0,0,0,0,0,0,0,0,0
440033,0,1,0,0,0,0,0,0,0,0,0,0
440033,1,1,0,0,22,0,14,0,16,0,0,9
440034,1,1,12,0,0,0,12,0,0,31,16,0
440035,1,1,0,0,0,0,0,0,0,0,0,0
440036,0,1,0,0,0,0,0,0,0,0,0,0
440036,1,1,0,0,0,0,0,0,0,7,0,0
440037,1,1,0,0,0,0,0,0,0,0,0,0
440037,2,1,0,0,0,0,0,0,0,0,0,0
440037,3,1,0,0,0,0,0,0,0,0,0,0
440038,1,1,20,20,20,20,20,20,20,20,20,20
440039,0,1,0,0,0,0,0,0,0,0,0,0
440039,1,1,0,0,0,0,0,0,0,0,0,0
440040,1,1,17,17,17,17,17,17,17,17,17,17
440041,1,1,0,0,0,0,0,0,0,0,0,0
440041,2,1,0,0,0,0,0,0,0,0,0,0
440042,0,1,0,20,31,0,2,0,0,31,0,0
440042,1,1,0,0,0,0,0,0,33,0,39,0
440043,1,1,0,0,0,0,0,0,0,0,0,0
440043,2,1,0,0,0,0,0,0,0,0,0,0
440044,1,1,0,0,0,0,0,0,19,0,0,0
440044,2,1,0,0,0,0,9,0,15,0,24,0
440044,5,1,0,0,0,0,0,0,0,0,0,0
440045,0,1,0,0,0,0,0,0,0,0,0,0
440045,1,1,0,0,0,0,0,0,0,0,0,0
440046,1,1,0,0,0,0,0,0,0,0,0,0
440046,2,1,6,0,0,0,0,0,0,0,0,0
440046,3,1,0,15,0,0,0,8,0,0,0,0
440047,1,1,21,21,21,21,21,21,21,21,21,21
440048,1,1,13,13,13,13,13,13,13,13,13,13
450001,1,1,0,26,9,24,0,0,16,0,12,0
450001,2,1,0,0,0,8,0,0,0,6,0,0
450001,3,1,0,0,0,0,0,0,0,0,0,0
450002,1,1,0,0,0,0,16,0,11,0,0,0
450002,2,1,5,5,5,5,5,5,5,5,5,5
450003,1,1,22,22,22,22,22,22,22,22,22,22
450004,1,1,0,0,0,0,0,20,0,0,24,0
450004,2,1,4,4,4,4,4,4,4,4,4,4
450005,0,1,0,0,0,0,0,0,0,0,0,0
450005,1,1,13,0,9,0,0,0,0,6,0,0
450006,0,1,0,0,0,0,0,0,0,0,0,0
450006,1,1,0,0,0,0,0,0,0,0,0,0
450007,1,1,0,0,0,0,0,0,0,0,0,0
450007,2,1,18,0,0,0,0,0,0,0,0,0
450008,1,1,9,9,9,9,9,9,9,9,9,9
450009,1,1,0,0,0,0,0,0,0,0,0,0
450009,2,1,0,0,0,0,0,0,0,0,0,0
450009,3,1,0,0,1,0,0,0,0,0,0,0
450010,0,1,19,19,19,19,19,19,19,19,19,19
450010,1,1,0,0,0,0,0,0,0,25,0,0
450011,1,1,0,0,0,0,0,0,0,0,0,0
450011,2,1,0,0,0,0,0,0,0,0,0,0
450012,1,1,0,0,0,0,9,0,0,0,0,0
450012,2,1,5,0,0,0,0,0,0,0,0,0
450013,1,1,0,0,0,0,0,0,0,0,0,0
450014,1,1,16,16,16,16,16,16,16,16,16,16
450015,1,1,0,5,9,0,0,5,0,0,0,0
450015,2,1,0,0,0,0,0,0,0,0,21,0
450016,1,1,0,0,0,0,0,7,0,0,0,0
450016,2,1,28,28,28,28,28,28,28,28,28,28
450017,1,1,0,0,0,0,0,0,0,0,0,0
450018,1,1,0,0,0,0,0,0,0,0,0,0
450018,2,1,0,0,0,0,0,4,0,0,0,0
450019,1,1,0,0,0,0,0,0,0,0,0,0
450019,2,1,22,6,0,0,0,0,0,0,2,0
450020,0,1,0,0,0,28,0,0,16,29,11,16
450020,1,1,0,0,0,0,0,0,25,13,0,0
450021,0,1,0,0,0,0,0,0,0,0,0,0
450021,1,1,8,0,0,0,0,0,0,0,28,0
450022,1,1,23,0,0,0,0,0,0,0,0,0
450022,2,1,0,0,0,0,0,0,0,0,0,0
450023,1,1,0,0,0,0,0,0,0,0,0,0
450024,1,1,0,0,0,0,0,0,0,0,0,0
450025,1,1,0,0,0,0,0,0,0,0,0,0
450026,1,1,0,0,0,0,0,0,0,0,0,0
450026,2,1,0,0,0,0,0,0,6,0,0,1
450027,1,1,0,0,0,0,0,0,0,0,0,14
450027,2,1,0,0,0,0,0,1,0,0,0,0
450028,1,1,17,17,17,17,17,17,17,17,17,17
450029,1,1,8,8,8,8,8,8,8,8,8,8
450029,2,1,0,0,15,0,0,0,0,16,10,0
450030,1,1,32,32,32,32,32,32,32,32,32,32
450031,1,1,27,27,27,27,27,27,27,27,27,27
450032,1,1,0,0,0,0,0,0,0,0,0,0
450033,1,1,7,0,0,0,23,8,0,0,0,0
450033,2,1,0,0,17,7,0,0,0,34,0,0
450034,0,1,0,0,0,0,0,0,0,0,0,0
450034,1,1,0,0,7,0,0,0,0,0,0,0
450035,1,1,0,0,0,0,0,0,21,0,0,0
450035,2,1,0,0,12,0,8,8,0,0,14,0
450035,3,1,0,0,0,0,0,0,0,7,0,0
450036,1,1,1,1,1,1,1,1,1,1,1,1
450037,1,1,0,0,0,0,0,0,0,0,0,0
450038,1,1,0,0,0,0,0,0,0,0,0,0
450038,2,1,0,0,0,0,0,0,0,0,0,0
450039,0,1,0,0,0,0,0,0,0,0,0,0
450039,1,1,0,19,0,0,0,0,12,0,0,0
450040,1,1,15,15,15,15,15,15,15,15,15,15
450040,2,1,10,0,0,0,7,0,0,12,0,15
450041,1,1,0,0,0,0,0,0,0,0,0,0
450041,2,1,0,0,0,0,0,0,0,0,0,0
450042,1,1,0,0,0,0,15,0,0,0,31,13
450043,1,1,28,28,28,28,28,28,28,28,28,28
450044,1,1,11,11,11,11,11,11,11,11,11,11
450045,1,1,6,6,6,6,6,6,6,6,6,6
450046,0,1,0,0,0,0,0,0,0,0,0,0
450046,1,1,0,0,0,7,0,0,0,0,0,0
450047,1,1,16,16,16,16,16,16,16,16,16,16
450047,2,1,29,27,23,0,0,25,0,0,0,0
450048,1,1,0,0,0,0,0,0,14,0,0,0
450048,2,1,11,11,11,11,11,11,11,11,11,11
450049,1,1,0,0,7,0,0,23,0,0,0,29
450049,2,1,9,9,9,9,9,9,9,9,9,9
450050,1,1,0,0,0,0,0,0,0,0,0,0
450050,2,1,0,0,0,0,0,0,0,0,0,12
450051,0,1,23,23,23,23,23,23,23,23,23,23
450051,1,1,0,0,13,0,0,0,0,0,0,0
450051,2,1,11,0,0,0,18,0,0,0,0,0
450052,0,1,15,46,0,0,16,0,0,0,27,0
450052,1,1,26,27,0,0,0,13,10,9,0,21
450053,1,1,0,0,11,0,0,0,0,0,0,0
450053,2,1,15,15,15,15,15,15,15,15,15,15
450054,1,1,0,0,0,0,0,0,0,0,0,0
450055,1,1,0,0,0,0,0,0,0,7,8,0
450055,2,1,0,0,0,0,0,0,0,0,0,0
450056,0,1,20,20,20,20,20,20,20,20,20,20
450056,1,1,0,0,0,0,0,18,0,12,0,0
450057,0,1,16,0,28,12,24,25,0,23,0,0
450057,1,1,0,0,0,0,0,0,0,0,18,21
450058,1,1,0,0,0,6,15,20,48,25,0,0
450058,2,1,0,0,26,0,17,0,0,0,0,0
450059,1,1,0,0,0,0,0,0,0,0,0,0
450059,2,1,0,0,0,0,0,0,0,0,0,0
450059,3,1,0,0,0,0,0,0,0,0,0,0
450060,1,1,0,0,0,0,0,0,0,0,0,0
450061,1,1,0,0,0,0,0,0,0,0,0,0
450061,2,1,0,0,0,0,0,0,0,0,0,0
450062,0,1,0,0,0,0,0,0,0,0,0,0
450062,1,1,0,0,0,0,0,0,0,0,0,0
450063,1,1,0,0,0,0,0,0,0,0,0,0
450063,2,1,0,0,0,0,13,0,0,0,35,0
450064,1,1,0,0,0,0,0,0,0,0,0,0
450065,1,1,0,0,0,0,0,0,0,0,0,0
450065,2,1,0,0,0,0,0,0,0,0,0,0
450066,1,1,21,21,21,21,21,21,21,21,21,21
450067,1,1,0,0,0,0,0,0,0,0,0,0
450068,0,1,28,28,28,28,28,28,28,28,28,28
450068,1,1,0,0,0,0,0,0,0,0,0,0
450069,0,1,0,0,0,0,0,0,0,0,0,0
450069,1,1,0,0,0,0,0,0,24,0,0,0
450070,1,1,0,0,0,0,0,0,0,0,0,0
450070,2,1,11,11,11,11,11,11,11,11,11,11
450071,1,1,0,0,0,0,0,0,0,0,0,0
450072,0,1,0,0,0,0,0,0,0,0,0,0
450072,1,1,0,0,0,0,0,0,0,0,0,0
450073,1,1,11,11,11,11,11,11,11,11,11,11
450074,1,1,4,4,4,4,4,4,4,4,4,4
450075,1,1,15,15,15,15,15,15,15,15,15,15
450076,1,1,0,4,0,0,0,0,0,0,0,0
450076,2,1,0,0,0,0,0,0,0,0,0,0
450077,1,1,20,20,20,20,20,20,20,20,20,20
450077,2,1,0,0,0,0,17,0,0,0,0,11
450078,1,1,0,0,0,14,5,0,0,0,0,6
450078,2,1,28,28,28,28,28,28,28,28,28,28
450079,0,1,0,0,0,0,0,0,0,0,0,0
450079,1,1,0,0,0,0,0,0,0,0,0,0
450080,1,1,0,0,0,0,0,0,0,0,0,0
450080,2,1,0,0,0,0,8,0,0,0,0,0
450081,1,1,0,0,0,0,0,0,0,0,0,0
450081,2,1,0,0,0,0,0,0,0,0,0,0
450082,1,1,2,0,0,0,0,0,0,0,0,0
450082,2,1,0,0,20,0,0,0,0,7,0,0
450083,1,1,0,0,0,0,0,0,0,0,0,0
450083,2,1,0,0,17,0,0,19,0,0,0,0
450084,1,1,15,15,15,15,15,15,15,15,15,15
450085,1,1,0,0,0,0,0,0,0,0,0,0
450085,2,1,0,0,0,0,0,0,0,0,0,0
450086,1,1,0,0,0,0,0,0,0,0,0,0
450086,2,1,0,0,0,0,0,0,0,0,0,0
450087,0,1,0,0,0,0,0,0,0,0,0,0
450087,2,1,14,0,0,0,18,0,0,0,0,0
450088,1,1,14,14,14,14,14,14,14,14,14,14
450089,1,1,0,0,0,0,0,0,0,0,0,0
450090,0,1,30,0,0,13,4,20,0,0,0,0
450090,0,2,0,0,0,0,0,0,0,0,0,0
450090,1,1,11,12,0,0,0,19,13,0,0,14
450091,1,1,0,0,0,0,0,0,0,0,7,0
450091,2,1,0,0,0,0,0,0,0,0,0,0
450092,1,1,0,0,0,0,19,9,0,0,0,0
450092,2,1,0,0,0,0,0,0,0,0,0,0
450093,1,1,0,0,0,0,0,0,0,0,0,0
450094,1,1,0,0,0,0,0,0,0,0,0,0
450095,1,1,0,0,0,0,0,0,0,0,0,0
450095,2,1,0,0,0,0,0,0,0,23,0,0
450096,1,1,7,7,7,7,7,7,7,7,7,7
450097,1,1,0,0,0,0,0,0,0,0,0,0
450098,0,1,31,31,31,31,31,31,31,31,31,31
450098,1,1,22,0,0,0,0,11,0,0,0,0
450099,1,1,20,20,20,20,20,20,20,20,20,20
450100,1,1,9,6,9,0,5,8,32,0,4,29
450101,1,1,0,0,0,0,0,0,0,0,0,0
450102,1,1,0,0,0,0,0,0,0,0,0,0