ST_CASE,VEH_NO,PER_NO,P1,P2,P3,P4,P5,P6,P7,P8,P9,P10
450102,2,1,0,0,0,0,0,0,0,0,0,0
450102,3,1,0,10,0,0,18,0,0,0,0,0
450103,1,1,18,18,18,18,18,18,18,18,18,18
450104,1,1,0,0,0,0,0,0,0,0,0,0
450105,1,1,8,8,8,8,8,8,8,8,8,8
450106,1,1,16,16,16,16,16,16,16,16,16,16
450107,1,1,12,12,12,12,12,12,12,12,12,12
450108,1,1,0,0,0,0,0,0,0,0,0,0
450109,1,1,0,0,0,0,0,0,0,0,0,0
450109,2,1,0,0,0,0,0,0,0,0,0,0
450110,1,1,0,0,0,0,0,0,0,0,0,0
450110,2,1,0,0,0,0,0,15,0,0,0,0
450111,0,1,19,19,19,19,19,19,19,19,19,19
450111,1,1,23,0,0,0,0,0,11,0,11,19
450112,0,1,30,30,30,30,30,30,30,30,30,30
450112,1,1,0,0,0,0,0,0,0,0,0,0
450113,0,1,0,0,0,0,0,0,0,0,0,0
450113,1,1,0,0,0,0,0,0,0,11,0,0
450114,1,1,0,0,0,0,0,0,0,0,0,0
450114,2,1,0,0,0,0,0,0,0,0,0,0
450115,1,1,3,3,3,3,3,3,3,3,3,3
450115,2,1,0,0,0,0,0,0,0,0,0,0
450115,3,1,0,0,0,0,5,0,0,0,0,28
450116,1,1,0,0,0,0,0,0,0,0,0,0
450116,2,1,0,0,0,0,0,0,0,0,0,0
450117,1,1,0,0,0,0,0,0,0,0,0,19
450117,2,1,16,16,16,16,16,16,16,16,16,16
450118,0,1,21,21,21,21,21,21,21,21,21,21
450118,1,1,0,0,0,0,0,0,0,0,0,0
450119,1,1,18,18,18,18,18,18,18,18,18,18
450120,1,1,0,0,0,0,0,0,0,0,0,0
450121,1,1,0,0,0,0,0,0,0,0,0,20
450121,2,1,0,0,0,0,0,0,0,0,0,0
450122,1,1,0,0,0,0,0,0,0,0,0,0
450122,2,1,0,0,0,0,0,0,21,0,0,0
450123,1,1,12,12,12,12,12,12,12,12,12,12
450124,1,1,0,0,0,0,0,0,0,0,0,0
450124,2,1,0,0,0,0,0,0,0,0,0,0
450124,3,1,0,0,0,0,0,0,0,0,0,0
450125,1,1,0,0,0,0,8,0,0,0,0,0
450125,2,1,0,0,0,0,0,0,0,0,0,0
450126,1,1,0,21,0,0,0,0,0,0,25,0
450126,2,1,0,0,0,0,0,0,0,0,0,17
450126,3,1,0,0,0,0,0,0,0,0,0,0
450126,4,1,0,0,0,0,0,0,25,0,12,0
450127,1,1,12,12,12,12,12,12,12,12,12,12
450128,1,1,0,0,0,0,0,0,0,0,0,0
450128,2,1,0,0,0,0,0,0,0,0,0,0
450129,0,1,0,0,0,0,0,0,0,0,0,0
450129,1,1,0,0,0,0,0,0,0,0,0,0
450130,0,1,24,24,24,24,24,24,24,24,24,24
450130,1,1,0,0,0,0,21,0,0,0,0,0
450131,1,1,25,25,25,25,25,25,25,25,25,25
450132,1,1,15,15,15,15,15,15,15,15,15,15
450133,1,1,0,10,0,8,0,6,0,16,0,19
450133,2,1,0,0,0,0,0,0,0,0,0,0
450134,1,1,0,0,0,0,0,0,0,0,0,0
450134,2,1,0,0,0,37,0,0,0,0,0,0
450134,3,1,23,23,23,23,23,23,23,23,23,23
450135,1,1,0,0,0,0,0,0,0,0,0,0
450135,2,1,0,0,0,0,0,0,0,0,0,0
450136,1,1,0,0,0,0,0,0,0,0,0,0
450136,2,1,0,0,0,0,0,0,0,0,0,0
450137,1,1,0,0,0,0,0,0,0,0,0,0
450137,2,1,0,0,0,0,0,0,0,0,0,0
450138,1,1,0,0,0,0,0,0,0,0,0,0
450138,2,1,0,0,0,0,0,0,0,0,0,0
450139,1,1,1,1,1,1,1,1,1,1,1,1
450139,2,1,9,0,18,10,0,0,0,0,0,0
450140,1,1,0,0,0,0,0,0,0,0,0,0
450140,2,1,0,0,0,0,0,0,15,0,0,0
450141,1,1,0,0,0,0,0,0,0,0,0,0
450141,2,1,0,0,0,0,0,0,0,0,0,0
450142,1,1,0,0,0,0,0,0,0,0,0,0
450142,2,1,18,18,18,18,18,18,18,18,18,18
450143,1,1,28,28,28,28,28,28,28,28,28,28
450144,1,1,0,0,0,0,0,0,11,0,0,0
450144,2,1,0,0,0,0,0,0,0,0,0,0
450145,1,1,0,17,19,22,0,22,0,0,0,0
450146,0,1,20,20,20,20,20,20,20,20,20,20
450146,1,1,0,0,0,0,0,0,0,0,0,14
450147,1,1,0,0,0,0,0,0,0,0,0,0
450148,1,1,0,0,0,0,0,0,0,0,0,0
450148,2,1,0,0,0,0,0,0,0,0,0,0
450149,1,1,0,0,0,0,0,0,0,0,0,0
450150,1,1,0,0,0,0,0,0,0,0,0,0
450150,2,1,0,0,0,0,0,0,0,7,0,0
450151,0,1,21,21,21,21,21,21,21,21,21,21
450151,1,1,0,0,0,14,9,0,9,0,0,0
450152,1,1,0,0,0,0,0,0,0,0,0,0
450153,1,1,0,0,0,0,0,18,0,0,0,0
450153,2,1,0,0,0,0,0,0,0,0,0,0
450154,1,1,0,0,0,0,0,0,0,0,0,3
450154,2,1,29,29,29,29,29,29,29,29,29,29
450155,1,1,0,0,0,0,0,0,0,0,0,0
450155,2,1,0,0,0,0,0,0,0,0,0,0
450156,1,1,19,19,19,19,19,19,19,19,19,19
450157,1,1,0,0,0,0,0,0,0,0,0,0
450158,3,1,0,0,0,0,0,0,0,0,0,0
450159,1,1,17,17,17,17,17,17,17,17,17,17
450160,1,1,0,0,0,0,0,0,0,0,0,0
450161,1,1,6,6,6,6,6,6,6,6,6,6
450162,1,1,33,33,33,33,33,33,33,33,33,33
450163,1,1,0,0,8,0,0,0,0,0,0,0
450163,2,1,21,21,21,21,21,21,21,21,21,21
450164,0,1,0,0,0,0,0,0,0,0,0,0
450164,1,1,0,0,0,0,0,0,23,0,0,0
450165,0,1,32,32,32,32,32,32,32,32,32,32
450165,1,1,0,6,0,0,0,0,0,0,0,34
450166,1,1,22,22,22,22,22,22,22,22,22,22
450167,1,1,0,0,0,0,0,0,0,0,0,0
450167,2,1,24,24,24,24,24,24,24,24,24,24
450168,1,1,24,24,24,24,24,24,24,24,24,24
450169,0,1,0,0,0,0,0,0,0,0,0,0
450169,1,1,0,0,0,0,0,0,0,0,0,0
450170,0,1,19,19,19,19,19,19,19,19,19,19
450170,1,1,9,0,0,0,0,18,0,0,0,0
450170,2,1,25,0,0,0,0,0,0,0,0,0
450171,1,1,0,0,0,0,0,0,0,0,21,0
450171,2,1,0,0,14,0,0,0,0,0,0,0
450172,1,1,0,0,17,0,0,0,0,0,0,0
450172,2,1,0,0,0,0,0,0,0,0,0,0
450173,1,1,0,0,0,0,0,0,0,0,0,0
450174,1,1,0,0,0,0,0,0,0,0,0,0
450175,1,1,0,0,0,0,0,5,0,0,0,0
450176,0,1,0,0,0,0,16,0,0,0,0,0
450176,1,1,12,3,0,14,0,18,0,0,12,5
450177,1,1,27,27,27,27,27,27,27,27,27,27
450178,1,1,0,0,0,0,0,0,0,0,0,0
450179,1,1,4,4,4,4,4,4,4,4,4,4
450180,0,1,18,0,0,0,0,21,0,0,0,0
450180,1,1,0,9,0,13,0,8,0,0,0,0
450181,1,1,0,0,0,12,0,0,0,0,0,0
450181,2,1,0,0,0,0,0,0,0,0,0,0
450182,1,1,0,0,0,0,0,0,0,0,0,0
450182,2,1,0,0,0,0,0,0,0,0,0,0
450183,1,1,18,18,18,18,18,18,18,18,18,18
450184,1,1,0,0,0,0,22,0,0,0,0,0
450185,1,1,0,0,0,0,0,0,0,0,0,0
450185,2,1,0,0,0,0,0,0,0,0,0,0
450186,0,1,20,20,20,20,20,20,20,20,20,20
450186,1,1,0,0,25,0,22,0,0,12,10,0
450187,1,1,0,0,0,0,0,0,0,0,0,0
450188,1,1,0,0,0,0,0,0,0,0,0,0
450189,1,1,0,0,0,0,0,0,0,0,0,0
450189,2,1,0,0,0,0,0,0,0,0,0,0
450190,1,1,0,0,0,0,0,0,0,0,0,0
450190,2,1,0,0,0,0,0,0,0,0,0,0
450191,1,1,0,0,0,0,0,0,0,0,0,0
450191,2,1,11,11,11,11,11,11,11,11,11,11
450191,3,1,8,0,0,0,0,0,0,0,0,0
450192,1,1,20,20,20,20,20,20,20,20,20,20
450193,1,1,0,0,0,0,0,0,0,0,0,0
450193,2,1,0,0,0,0,0,0,0,0,0,0
450194,0,1,0,0,0,0,0,0,0,0,0,0
450194,1,1,0,0,0,0,0,0,0,0,0,0
450195,1,1,0,0,0,0,0,0,0,0,0,0
450196,1,1,0,0,12,0,0,0,0,0,0,0
450196,2,1,0,0,0,0,0,0,0,0,0,0
450197,1,1,17,17,17,17,17,17,17,17,17,17
450198,1,1,0,0,0,0,0,0,0,0,0,0
450199,1,1,0,0,0,0,0,0,0,0,0,0
450199,2,1,0,0,0,0,0,0,4,0,0,0
450200,1,1,0,0,0,0,0,0,0,0,0,0
450200,2,1,0,0,0,0,0,0,15,0,0,13
450201,1,1,29,29,29,29,29,29,29,29,29,29
450202,1,1,0,0,0,0,0,0,0,0,0,0
450202,2,1,0,0,0,0,0,0,0,0,0,0
450203,1,1,0,0,0,0,0,0,0,0,0,0
450203,2,1,0,0,0,0,0,0,0,0,0,0
450204,1,1,16,16,16,16,16,16,16,16,16,16
450204,2,1,0,0,0,0,0,0,0,0,0,0
450205,1,1,0,0,0,0,0,0,0,0,0,0
450206,1,1,0,0,0,0,0,0,17,0,0,0
450206,2,1,16,0,0,0,0,0,0,0,0,0
450207,1,1,0,0,0,0,0,0,0,0,0,0
450207,2,1,0,0,0,0,0,0,0,0,0,0
450208,1,1,0,0,0,0,0,0,0,0,0,0
450208,2,1,0,0,0,11,0,0,0,0,0,0
450209,0,1,13,13,13,13,13,13,13,13,13,13
450209,1,1,0,0,0,0,0,0,0,0,0,0
450210,1,1,0,0,0,0,0,0,21,16,0,0
450210,2,1,20,20,20,20,20,20,20,20,20,20
450211,1,1,23,23,23,23,23,23,23,23,23,23
450212,1,1,0,0,0,0,0,0,0,0,0,0
450212,2,1,0,0,0,0,0,0,0,0,0,0
450213,0,1,1,1,1,1,1,1,1,1,1,1
450213,1,1,0,0,0,0,0,0,0,0,0,0
450214,1,1,0,0,0,0,0,0,0,0,0,0
450214,2,1,0,0,12,0,0,0,0,15,0,0
450215,1,1,10,10,10,10,10,10,10,10,10,10
450216,0,1,35,35,35,35,35,35,35,35,35,35
450216,1,1,0,0,0,0,0,0,0,0,0,0
450216,2,1,0,0,0,0,0,19,0,0,0,0
450217,1,1,0,0,0,0,0,0,0,0,0,0
450218,0,1,0,0,0,0,0,0,0,0,0,0
450218,1,1,0,0,0,0,0,0,0,0,0,0
450219,1,1,15,0,0,0,0,0,11,23,0,13
450220,1,1,0,0,0,0,0,0,0,0,0,0
450221,1,1,0,0,0,0,0,0,0,0,0,0
450221,2,1,0,0,0,0,0,0,0,0,0,0
450221,3,1,0,0,0,0,0,0,0,0,0,0
450222,1,1,0,0,0,0,0,0,0,0,19,0
450223,1,1,0,0,0,0,0,0,0,0,0,0
450223,2,1,0,0,0,0,0,0,0,0,0,0
450224,1,1,0,0,0,0,0,0,0,0,0,0
450224,2,1,0,0,0,0,0,0,0,0,0,0
450225,1,1,13,21,8,19,20,8,13,30,12,12
450226,1,1,0,0,0,0,0,0,0,0,0,0
450227,1,1,0,0,0,0,0,0,8,0,0,20
450228,1,1,0,0,0,0,0,0,0,0,0,0
450229,1,1,0,0,0,0,0,0,0,0,0,0
450230,0,1,0,0,0,0,0,0,0,0,0,0
450230,1,1,15,0,0,0,0,0,0,0,0,0
450231,1,1,0,0,0,0,0,0,0,0,0,0
450232,0,1,0,0,0,0,0,0,0,0,0,0
450232,1,1,0,0,0,0,12,0,0,0,0,0
450233,0,1,24,24,24,24,24,24,24,24,24,24
450233,1,1,0,0,0,0,0,0,0,0,0,21
450234,0,1,0,0,0,0,0,0,0,0,0,0
450234,1,1,0,0,0,0,0,0,0,0,0,0
450235,1,1,11,11,11,11,11,11,11,11,11,11
450236,1,1,11,11,11,11,11,11,11,11,11,11
450236,2,1,0,0,0,0,0,0,0,0,0,0
450237,1,1,29,29,29,29,29,29,29,29,29,29
450238,1,1,0,0,0,0,0,0,0,19,0,13
450239,1,1,0,0,0,0,0,0,0,0,0,0
450239,2,1,0,0,0,0,0,0,0,0,0,0
450240,1,1,2,2,2,2,2,2,2,2,2,2
450240,2,1,0,0,0,0,0,0,0,0,0,0
450241,1,1,0,0,0,0,0,0,0,0,0,0
450241,2,1,0,0,0,0,0,0,0,8,0,0
450242,1,1,32,32,32,32,32,32,32,32,32,32
450243,1,1,0,0,0,0,0,0,0,0,0,0
450243,2,1,0,0,0,0,0,0,0,0,0,0
450243,3,1,0,0,0,0,0,0,0,0,0,0
450244,1,1,0,0,0,0,0,0,0,0,0,0
450244,2,1,0,0,0,0,0,0,0,0,0,0
450245,0,1,0,0,0,0,0,0,0,0,0,0
450245,1,1,0,0,0,0,0,0,0,0,0,0
450246,1,1,10,10,10,10,10,10,10,10,10,10
450247,1,1,0,0,0,0,0,0,0,0,0,0
450247,2,1,13,13,13,13,13,13,13,13,13,13
450248,1,1,0,0,0,0,0,0,0,20,0,0
450248,2,1,16,16,16,16,16,16,16,16,16,16
450249,1,1,0,0,0,0,0,0,0,0,0,0
450249,2,1,6,6,6,6,6,6,6,6,6,6
450249,3,1,0,24,0,0,0,0,0,0,0,15
450249,4,1,0,0,0,0,0,0,0,0,0,0
450250,1,1,0,0,0,0,0,0,0,0,0,0
450251,1,1,0,0,0,0,0,0,0,9,0,0
450251,2,1,0,0,0,0,0,0,0,0,0,0
450252,1,1,11,11,11,11,11,11,11,11,11,11
450253,1,1,18,18,18,18,18,18,18,18,18,18
450254,1,1,0,0,0,0,0,0,0,0,0,0
450254,2,1,0,0,0,0,0,0,0,0,5,0
450255,1,1,0,0,0,0,0,0,0,0,0,0
450255,2,1,0,0,0,0,0,0,0,0,0,0
450256,1,1,0,0,0,0,0,0,0,10,0,0
450256,2,1,0,0,0,0,0,0,0,0,0,0
450257,1,1,0,0,6,0,0,0,0,0,0,0
450257,2,1,0,0,0,0,0,0,0,0,0,0
450257,3,1,0,0,0,0,0,0,0,0,0,0
450258,1,1,11,0,11,0,0,8,14,8,19,18
450259,1,1,0,0,0,0,0,0,0,0,0,0
450260,0,1,19,0,0,41,0,0,0,0,0,0
450260,1,1,0,0,21,0,0,0,0,0,0,0
450261,1,1,0,0,0,0,0,0,0,0,0,0
450261,2,1,0,0,0,0,0,0,0,25,46,0
450262,1,1,8,10,7,11,11,11,18,9,13,18
450262,2,1,0,0,0,0,0,0,0,0,0,0
450263,0,1,19,19,19,19,19,19,19,19,19,19
450263,1,1,0,0,0,0,0,0,0,0,0,0
450264,1,1,0,0,0,0,0,0,0,0,0,0
450264,2,1,0,0,0,0,0,0,0,0,0,0
450265,1,1,14,14,14,14,14,14,14,14,14,14
450266,1,1,0,0,0,0,0,0,0,0,0,0
450267,1,1,0,0,0,0,0,0,0,0,0,0
450268,1,1,0,0,0,0,0,0,0,0,0,0
450269,1,1,0,0,0,0,0,0,0,0,0,0
450269,2,1,0,0,0,0,0,0,0,0,0,0
450270,1,1,0,0,0,0,0,0,0,0,0,0
450270,2,1,0,0,0,0,0,0,0,0,0,0
450271,1,1,0,0,0,0,0,0,0,0,0,0
450271,2,1,0,19,0,0,0,20,0,0,0,0
450272,1,1,0,0,0,0,0,0,0,0,0,0
450272,2,1,0,0,0,0,0,0,0,0,0,0
450273,1,1,3,3,3,3,3,3,3,3,3,3
450274,0,1,0,0,0,0,0,0,0,0,0,0
450274,1,1,0,0,0,0,0,0,0,0,0,0
450275,1,1,0,0,0,0,0,0,0,0,7,0
450275,2,1,0,0,0,0,0,0,0,0,0,0
450275,3,1,0,0,0,0,0,0,0,0,0,0
450276,1,1,0,0,0,0,0,0,0,0,0,0
450276,2,1,0,0,0,0,10,0,0,0,28,0
450277,1,1,0,0,0,0,0,0,0,0,0,0
450277,2,1,0,0,0,0,0,0,0,0,0,0
450278,1,1,0,18,0,0,0,0,0,0,0,0
450278,2,1,0,0,0,0,0,0,10,0,0,0
450278,3,1,0,0,0,0,0,0,0,0,0,0
450279,1,1,0,0,0,0,0,0,0,0,0,0
450279,2,1,0,0,0,0,0,0,0,0,0,0
450280,1,1,21,21,21,21,21,21,21,21,21,21
450281,1,1,0,0,0,0,0,0,0,0,0,0
450281,2,1,0,0,0,0,0,0,24,0,0,0
450282,1,1,0,0,0,0,0,0,0,0,0,0
450282,2,1,3,0,0,0,0,0,0,0,0,0
450283,1,1,0,0,0,0,0,0,0,0,0,0
450284,0,1,29,29,29,29,29,29,29,29,29,29
450284,1,1,0,0,0,0,0,0,0,0,9,0
450285,1,1,8,8,8,8,8,8,8,8,8,8
450286,0,1,0,0,0,0,0,0,0,0,0,0
450286,1,1,0,0,0,0,0,0,0,0,0,0
450287,1,1,0,0,0,0,0,0,0,0,0,0
450288,1,1,0,0,9,0,0,0,0,0,0,0
450288,2,1,0,0,0,0,0,0,0,0,0,0
450289,1,1,0,0,0,0,0,0,0,0,0,0
450290,1,1,17,17,17,17,17,17,17,17,17,17
450291,1,1,0,0,0,0,0,0,0,0,0,0
450291,2,1,0,0,0,0,0,0,0,0,0,0
450292,1,1,0,0,0,0,0,0,0,0,0,0
450292,2,1,0,0,0,0,0,0,0,0,0,0
450293,1,1,0,0,0,0,0,0,0,0,0,0
450293,2,1,0,0,0,0,0,0,0,0,0,0
450294,1,1,0,0,0,0,0,0,0,0,0,0
450295,1,1,0,0,0,14,0,0,0,0,0,0
450295,2,1,19,19,19,19,19,19,19,19,19,19
450296,1,1,24,24,24,24,24,24,24,24,24,24
450297,0,1,0,0,0,0,0,0,0,0,0,0
450297,1,1,0,0,18,0,0,0,0,0,0,0
450298,1,1,6,6,6,6,6,6,6,6,6,6
450298,2,1,0,0,0,0,0,0,8,0,0,12
450299,0,1,28,28,28,28,28,28,28,28,28,28
450299,1,1,13,14,0,0,0,11,11,8,11,32
450300,1,1,0,0,0,0,0,0,0,0,0,0
450300,2,1,0,0,0,0,0,0,0,15,0,0
450301,1,1,16,16,16,16,16,16,16,16,16,16
450302,1,1,0,0,0,0,0,0,0,0,0,19
450302,2,1,0,0,0,0,0,0,0,0,0,0
450303,0,1,19,19,19,19,19,19,19,19,19,19
450303,1,1,0,0,0,0,0,0,0,0,0,0
450303,2,1,0,0,0,0,0,0,27,0,0,0
450304,0,1,18,18,18,18,18,18,18,18,18,18
450304,1,1,7,8,35,9,17,0,0,3,11,12
450305,1,1,0,0,0,0,0,0,0,0,0,0
450306,1,1,0,0,0,0,0,0,0,0,0,0
450307,1,1,0,0,0,0,0,0,0,0,0,0
450308,1,1,12,0,0,0,0,0,0,0,0,0
450308,2,1,0,0,0,0,0,0,0,0,0,0
450308,3,1,0,0,0,0,0,0,0,0,0,0
450309,1,1,20,20,20,20,20,20,20,20,20,20
450310,1,1,17,17,17,17,17,17,17,17,17,17
450311,1,1,28,28,28,28,28,28,28,28,28,28
450312,1,1,23,23,23,23,23,23,23,23,23,23
450313,1,1,0,0,0,0,0,0,0,0,0,0
450313,2,1,0,0,0,0,0,0,0,0,0,0
450314,1,1,0,0,0,0,0,0,0,0,0,0
450314,2,1,4,4,4,4,4,4,4,4,4,4
450315,1,1,15,15,15,15,15,15,15,15,15,15
450316,1,1,17,17,17,17,17,17,17,17,17,17
450317,1,1,16,16,16,16,16,16,16,16,16,16
450318,1,1,0,0,0,0,0,0,0,0,0,0
450319,1,1,0,0,0,0,0,0,0,0,0,0
450319,2,1,0,0,0,0,0,0,0,0,0,0
450319,3,1,0,0,0,0,0,0,0,0,0,0
450320,1,1,7,7,7,7,7,7,7,7,7,7
450321,1,1,0,0,0,0,0,0,0,0,0,0
450322,1,1,0,0,0,0,0,0,0,0,0,0
450322,2,1,6,6,6,6,6,6,6,6,6,6
450323,1,1,9,0,0,13,0,0,0,0,0,0
450324,1,1,0,0,0,0,0,0,0,0,0,0
450324,2,1,0,0,0,0,0,0,0,0,0,0
450324,3,1,0,0,0,0,0,0,5,0,0,0
450325,1,1,0,0,0,0,0,0,0,0,0,0
450326,1,1,2,2,2,2,2,2,2,2,2,2
450327,1,1,0,5,0,0,9,0,0,0,0,0
450328,1,1,0,0,0,0,0,0,0,0,0,0
450328,2,1,0,0,0,0,0,0,0,0,0,0
450329,1,1,15,15,15,15,15,15,15,15,15,15
450329,2,1,0,0,0,0,0,0,0,0,0,0
450330,1,1,0,0,0,0,0,0,0,0,0,0
450330,2,1,0,0,0,0,0,0,0,0,0,0
450331,1,1,1,1,1,1,1,1,1,1,1,1
450331,2,1,0,0,0,0,0,0,0,0,0,0
450331,3,1,0,0,0,0,0,0,0,0,0,0
450331,4,1,0,0,0,0,0,0,0,0,0,0
450332,1,1,24,24,24,24,24,24,24,24,24,24
450333,1,1,26,26,26,26,26,26,26,26,26,26
450334,1,1,0,0,0,0,0,0,0,0,0,0
450335,1,1,0,0,0,0,0,0,0,0,0,0
450335,2,1,0,0,0,0,0,0,0,0,0,0
450336,1,1,0,0,0,0,0,0,0,0,0,0
450336,2,1,0,0,0,0,0,0,0,0,0,0
450336,3,1,0,0,0,0,0,0,0,0,20,0
450337,1,1,0,0,0,0,0,0,0,0,0,0
450338,1,1,19,19,19,19,19,19,19,19,19,19
450339,0,1,25,25,25,25,25,25,25,25,25,25
450339,1,1,0,0,0,0,0,14,0,0,8,0
450340,1,1,0,0,0,0,0,0,0,0,0,0
450340,2,1,0,0,0,0,0,0,0,0,0,0
450341,1,1,0,0,0,0,0,0,0,0,0,0
450341,2,1,0,0,0,0,0,0,0,0,0,0
450342,1,1,17,19,18,0,25,0,10,8,0,17
450342,2,1,0,0,0,14,0,13,0,0,8,0
450343,1,1,0,0,0,0,0,0,0,0,0,0
450344,1,1,39,39,39,39,39,39,39,39,39,39
450345,1,1,16,16,16,16,16,16,16,16,16,16
450346,1,1,0,0,0,0,0,0,32,0,0,16
450346,2,1,0,0,0,0,0,0,0,0,0,0
450347,1,1,9,9,9,9,9,9,9,9,9,9
450348,1,1,0,0,0,0,0,0,0,0,0,0
450349,1,1,0,0,0,19,0,0,0,0,0,0
450350,0,1,25,25,25,25,25,25,25,25,25,25
450350,1,1,0,0,0,0,0,0,8,6,20,0
450351,1,1,36,23,12,25,19,9,8,10,14,10
450352,1,1,0,0,0,0,32,0,7,0,0,0
450353,1,1,0,0,0,0,0,0,0,0,0,0
450353,2,1,0,0,0,0,0,0,0,0,0,0
450354,1,1,0,0,0,0,0,0,0,0,0,0
450355,1,1,0,0,0,0,0,0,0,0,0,11
450355,2,1,0,0,0,0,0,0,0,0,0,0
450356,1,1,0,0,0,0,0,0,0,0,0,0
450356,2,1,0,0,0,0,0,0,0,0,0,0
450357,1,1,0,0,0,0,0,13,0,13,0,0
450358,1,1,24,24,24,24,24,24,24,24,24,24
450359,1,1,0,0,0,0,13,0,0,0,0,0
450359,2,1,0,0,0,0,0,0,0,0,0,0
450359,3,1,0,0,0,0,0,0,0,0,0,0
450360,1,1,6,6,6,6,6,6,6,6,6,6
450360,2,1,0,0,0,0,0,0,0,0,0,0
450361,1,1,0,0,0,0,0,0,0,0,0,0
450361,2,1,0,0,0,0,0,0,0,0,0,0
450362,1,1,20,0,0,0,0,0,0,0,0,0
450362,2,1,17,17,17,17,17,17,17,17,17,17
450363,0,1,0,0,0,0,0,0,0,0,0,0
450363,1,1,0,0,0,0,0,0,0,0,0,0
450364,1,1,18,18,18,18,18,18,18,18,18,18
450364,2,1,0,0,0,0,0,0,0,0,0,10
450365,1,1,4,4,4,4,4,4,4,4,4,4
450366,1,1,21,21,21,21,21,21,21,21,21,21
450366,2,1,0,0,0,0,0,0,0,0,0,0
450367,1,1,0,0,0,0,0,0,0,0,0,0
450368,0,1,28,28,28,28,28,28,28,28,28,28
450368,1,1,0,0,0,27,0,0,0,0,0,0
450368,2,1,0,0,0,0,0,0,0,0,0,0
450369,1,1,21,11,9,0,7,14,0,0,0,17
450369,2,1,0,0,0,0,0,0,0,0,0,0
450370,1,1,0,0,0,0,0,0,0,0,0,27
450370,2,1,0,0,0,0,0,0,0,0,15,0
450371,1,1,0,0,0,0,0,0,0,0,0,0
450371,2,1,0,0,0,0,0,0,0,0,0,0
450371,3,1,0,0,0,0,0,0,0,10,0,0
450371,4,1,0,0,0,0,0,0,0,0,0,0
450372,1,2,22,22,13,13,36,0,0,0,24,0
450373,1,1,0,0,0,0,0,17,0,0,0,0
450373,2,1,0,0,0,0,0,0,0,0,0,0
450374,1,1,0,0,0,0,0,0,0,0,0,0
450374,2,1,32,32,32,32,32,32,32,32,32,32
450375,1,1,0,0,0,0,0,0,0,0,0,0
450375,2,1,0,0,0,0,0,0,0,0,0,22
450376,1,1,0,0,0,0,0,4,0,0,0,0
450376,2,1,13,0,0,0,0,0,22,17,0,0
450376,3,1,0,0,0,0,0,0,0,0,0,0
450377,1,1,0,0,0,0,0,0,0,10,0,0
450377,2,1,22,0,0,0,0,0,0,0,0,0
450378,1,1,0,12,0,0,0,0,0,0,5,18
450378,2,1,34,31,0,0,0,12,0,0,0,0
450378,3,1,0,0,0,0,0,0,0,0,0,0
450379,1,1,11,11,11,11,11,11,11,11,11,11
450380,1,1,5,0,0,0,0,0,0,0,0,11
450380,2,1,0,0,0,0,0,0,0,0,0,0
450381,1,1,0,0,0,0,0,0,0,0,0,0
450381,2,1,0,0,0,0,0,0,0,0,0,0
450382,1,1,0,0,0,0,0,0,0,0,0,0
450382,2,1,0,0,0,0,0,0,0,0,0,0
450383,1,1,22,22,22,22,22,22,22,22,22,22
450384,1,1,0,0,0,0,0,0,0,0,0,0
450384,2,1,0,0,0,0,0,0,0,0,0,0
450385,1,1,0,0,0,0,0,0,0,0,0,0
450385,2,1,0,0,0,0,0,0,0,0,0,0
450386,1,1,29,29,29,29,29,29,29,29,29,29
450387,1,1,21,21,21,21,21,21,21,21,21,21
450388,1,1,0,0,0,0,0,0,0,0,0,0
450389,1,1,0,5,0,0,0,0,0,0,0,0
450389,2,1,0,0,0,0,0,0,0,0,0,0
450390,1,1,7,0,0,0,0,0,0,0,0,0
450390,2,1,0,0,0,0,0,0,0,0,0,0
450390,3,1,0,0,0,0,0,0,0,0,0,0
450391,1,1,0,0,0,0,0,0,0,0,0,0
450391,2,1,0,0,0,0,0,0,0,0,0,0
450392,1,1,0,0,0,0,0,0,0,0,0,0
450392,2,1,0,0,0,0,0,0,0,0,0,0
450393,1,1,0,0,0,0,0,0,0,0,0,0
450393,2,1,20,0,0,0,0,0,0,0,0,0
450394,1,1,0,0,0,0,0,0,0,0,0,0
450394,2,1,0,0,0,0,0,0,0,0,0,0
450395,1,1,0,0,0,0,0,3,8,0,0,0
450395,2,1,0,7,0,0,0,0,0,0,29,0
450396,1,1,13,13,13,13,13,13,13,13,13,13
450397,1,1,0,0,0,0,0,0,0,0,0,0
450397,2,1,0,12,0,0,0,3,0,0,0,0
450398,1,1,0,0,13,5,0,0,0,0,0,0
450398,2,1,0,0,0,0,0,0,0,0,0,0
450398,3,1,0,0,0,0,0,0,0,0,0,0
450399,0,1,0,0,0,0,0,0,0,0,0,0
450399,1,1,0,16,12,0,12,20,0,13,0,13
450400,1,1,0,0,0,0,0,0,0,0,9,0
450400,2,1,0,0,0,0,0,0,0,0,0,0
450401,1,1,0,0,0,0,0,0,0,0,0,0
450401,2,1,0,0,0,0,0,0,0,0,0,0
450402,0,1,20,20,20,20,20,20,20,20,20,20