ST_CASE,VEH_NO,PER_NO,P1,P2,P3,P4,P5,P6,P7,P8,P9,P10
481737,2,1,0,0,0,0,0,0,38,3,0,0
481738,1,1,11,0,0,0,0,0,6,0,0,21
481739,0,1,9,9,9,9,9,9,9,9,9,9
481739,1,1,0,0,0,0,0,15,0,20,0,0
481740,1,1,28,28,28,28,28,28,28,28,28,28
481740,2,1,12,0,9,0,7,0,14,11,17,9
481741,1,1,18,0,0,0,0,0,0,0,6,0
481741,2,1,0,4,0,2,0,0,0,0,0,0
481742,1,1,9,9,9,9,9,9,9,9,9,9
481743,1,1,10,0,7,27,8,0,6,11,0,21
481744,1,1,29,18,24,27,4,0,7,13,17,7
481744,2,1,0,0,0,0,20,0,15,8,26,0
481745,1,1,0,0,0,18,0,40,28,12,23,17
481746,1,1,0,0,0,0,2,0,0,21,0,18
481746,2,1,0,0,0,0,0,0,0,0,0,0
481746,3,1,0,0,0,0,0,0,0,0,0,0
481747,0,1,33,0,0,42,13,22,0,0,26,0
481747,1,1,0,0,0,4,17,8,53,0,0,0
481748,1,1,0,0,0,0,0,0,0,0,0,0
481748,2,1,0,28,0,0,0,8,0,0,18,0
481749,1,1,0,0,0,0,0,0,0,0,0,0
481749,2,1,0,0,0,0,0,0,0,0,0,0
481750,1,1,0,0,0,0,6,0,0,0,0,0
481750,2,1,0,0,0,0,0,0,0,0,0,0
481751,1,1,0,0,0,0,0,0,0,0,0,0
481753,1,1,0,0,0,0,0,0,0,0,0,0
481753,2,1,0,0,0,0,0,0,0,0,0,0
481754,1,1,0,0,0,0,0,0,6,0,0,0
481755,1,1,17,22,28,14,8,3,16,21,20,13
481756,1,1,6,6,6,6,6,6,6,6,6,6
481757,0,1,21,21,21,21,21,21,21,21,21,21
481757,1,1,0,0,16,16,0,13,0,0,0,0
481758,0,1,0,0,16,0,0,0,0,0,0,17
481758,1,1,8,0,0,8,0,0,0,10,17,17
481759,0,1,10,15,0,0,20,34,0,0,0,51
481759,0,2,16,0,0,0,0,31,21,0,0,30
481759,1,1,30,30,30,30,30,30,30,30,30,30
481759,2,1,13,0,0,0,0,6,0,18,12,0
481760,1,1,20,20,20,20,20,20,20,20,20,20
481760,2,1,0,11,0,0,0,11,9,0,23,2
481761,1,1,0,0,0,0,0,0,0,0,0,0
481762,1,1,20,20,20,20,20,20,20,20,20,20
481762,2,1,0,0,0,0,0,10,0,0,0,0
481764,1,1,12,12,12,12,12,12,12,12,12,12
481764,2,1,0,0,0,0,0,0,0,0,0,0
481764,3,1,0,0,0,0,0,0,0,0,0,9
481764,4,1,14,0,0,0,13,0,4,16,13,0
481764,5,1,0,0,15,0,0,12,0,14,0,4
481765,1,1,0,0,0,0,0,0,0,0,0,0
481765,2,1,0,0,0,0,0,0,0,0,0,0
481765,3,1,0,0,0,0,0,0,0,0,0,0
481766,1,1,0,0,12,0,0,0,0,0,0,0
481766,2,1,9,11,0,0,0,13,0,0,3,0
481767,1,1,21,21,21,21,21,21,21,21,21,21
481768,1,1,0,0,0,0,0,16,0,0,0,0
481768,2,1,0,0,0,0,0,0,0,0,0,0
481768,3,1,8,0,0,0,0,0,0,0,0,0
481769,1,1,0,0,0,0,0,0,0,0,0,0
481769,2,1,4,0,0,0,10,10,0,0,0,0
481770,1,1,0,0,10,0,36,0,0,0,17,23
481771,1,1,15,15,15,15,15,15,15,15,15,15
481772,1,1,12,0,0,0,0,0,0,0,0,0
481773,1,1,34,34,34,34,34,34,34,34,34,34
481774,0,1,17,17,17,17,17,17,17,17,17,17
481774,1,1,0,0,0,15,0,18,0,0,20,0
481775,1,1,18,18,18,18,18,18,18,18,18,18
481775,2,1,0,0,9,0,24,24,0,21,6,27
481776,1,1,0,0,0,0,0,0,0,10,0,15
481777,0,1,0,0,0,0,0,0,0,0,0,0
481777,1,1,0,0,9,0,0,0,0,0,0,0
481778,1,1,0,0,0,0,0,0,6,0,0,7
481778,2,1,0,0,0,12,0,0,0,0,0,0
481779,1,1,13,0,0,0,12,0,0,0,0,0
481780,1,1,0,5,18,0,33,21,7,21,0,23
481781,1,1,27,0,0,0,0,0,0,0,19,26
481782,1,1,22,22,22,22,22,22,22,22,22,22
481783,1,1,0,0,0,0,0,0,0,0,0,0
481784,1,1,0,0,0,0,0,15,0,0,10,0
481785,1,1,17,17,17,17,17,17,17,17,17,17
481786,1,1,0,0,0,0,0,0,0,0,0,0
481787,0,1,21,0,20,0,0,0,0,22,0,0
481787,1,1,15,16,0,5,23,0,10,3,40,0
481788,1,1,16,16,16,16,16,16,16,16,16,16
481788,2,1,0,14,14,0,9,8,18,0,0,0
481789,1,1,0,0,0,0,0,0,0,0,0,0
481789,2,1,0,0,0,0,0,11,0,0,0,0
481790,1,1,0,0,0,0,0,0,0,0,0,0
481790,2,1,0,0,0,0,0,0,0,0,0,0
481791,1,1,23,23,23,23,23,23,23,23,23,23
481792,1,1,0,0,0,0,0,0,17,0,0,0
481793,1,1,0,0,0,0,0,0,0,0,0,0
481793,2,1,0,0,0,0,0,0,0,0,0,0
481794,0,1,0,0,0,0,0,0,0,0,0,0
481794,1,1,0,0,0,0,17,0,0,0,0,5
481795,1,1,17,17,17,17,17,17,17,17,17,17
481795,2,1,21,0,0,0,14,0,0,0,0,24
481796,0,1,27,0,0,0,32,0,0,0,32,14
481796,1,1,0,14,0,0,0,0,0,13,0,0
481797,1,1,16,16,16,16,16,16,16,16,16,16
481797,2,1,0,14,0,0,0,0,0,10,15,0
481798,1,1,3,0,0,0,0,8,0,5,15,16
481798,2,1,0,6,0,0,0,0,0,0,0,5
481799,1,1,10,7,13,15,9,28,37,4,0,0
481800,1,1,0,0,0,22,0,0,0,0,0,26
481801,1,1,11,11,11,11,11,11,11,11,11,11
481802,1,1,0,0,0,0,0,0,0,0,0,0
481802,2,1,0,0,0,0,0,0,0,0,0,0
481804,1,1,0,0,0,0,0,0,0,0,7,0
481804,2,1,38,0,10,0,0,26,0,14,0,0
481805,1,1,32,32,32,32,32,32,32,32,32,32
481807,0,1,24,24,24,24,24,24,24,24,24,24
481807,1,1,0,0,0,0,0,0,0,0,0,0
481808,1,1,0,0,0,0,16,13,17,0,21,0
481809,1,1,25,25,25,25,25,25,25,25,25,25
481809,2,1,0,0,0,0,0,0,0,20,0,0
481809,3,1,18,0,10,0,0,0,0,0,0,0
481810,0,1,0,25,0,15,0,50,35,8,0,0
481810,1,1,6,6,6,6,6,6,6,6,6,6
481811,0,1,24,21,0,0,12,17,0,26,35,0
481811,1,1,0,0,0,0,0,0,0,0,0,0
481812,1,1,0,15,0,0,0,19,0,25,0,20
481813,0,1,0,0,0,0,0,0,0,0,0,0
481813,1,1,0,0,0,0,0,0,13,0,15,0
481814,0,1,0,0,0,0,0,0,0,0,0,0
481814,1,1,0,0,0,23,0,0,0,13,0,0
481815,1,1,13,28,28,21,30,8,16,22,23,16
481816,1,1,0,0,0,0,0,0,0,25,0,0
481816,2,1,0,0,0,0,0,0,0,0,0,0
481817,1,1,0,0,0,0,0,0,0,0,0,0
481818,1,1,18,18,18,18,18,18,18,18,18,18
481818,2,1,0,0,0,0,0,0,0,0,0,0
481819,0,1,0,0,0,0,0,0,0,0,0,0
481819,1,1,0,0,21,0,0,0,0,17,0,14
481820,0,1,0,0,0,0,0,0,0,0,0,0
481820,1,1,6,0,0,0,0,25,0,0,0,0
481820,2,1,0,0,0,0,0,3,0,6,0,0
481820,3,1,8,14,0,33,0,0,3,27,0,4
481821,1,1,22,22,22,22,22,22,22,22,22,22
481821,2,1,16,7,7,17,4,11,0,14,10,14
481822,1,1,0,0,0,0,0,0,0,0,0,0
481822,2,1,0,0,0,0,0,0,0,0,0,0
481823,1,1,17,0,0,0,26,36,0,0,0,0
481823,2,1,8,0,0,0,0,8,11,0,10,22
481824,0,1,0,0,24,0,44,0,16,0,38,0
481824,1,1,11,0,0,0,13,0,0,0,0,27
481825,0,1,18,0,0,0,0,0,13,23,0,0
481825,1,1,0,0,0,0,0,0,0,0,0,0
481826,1,1,29,29,29,29,29,29,29,29,29,29
481827,1,1,15,15,15,15,15,15,15,15,15,15
481827,2,1,33,17,0,0,0,24,10,0,12,16
481828,0,1,0,0,0,40,0,0,0,0,0,0
481828,1,1,19,19,19,19,19,19,19,19,19,19
481829,1,1,0,6,0,0,0,0,0,0,0,0
481829,2,1,0,26,0,0,0,0,16,0,0,0
481830,1,1,10,10,10,10,10,10,10,10,10,10
481830,2,1,23,23,23,23,23,23,23,23,23,23
481830,3,1,6,0,29,0,5,0,8,0,27,0
481831,1,1,10,0,0,0,0,0,0,0,0,0
481831,2,1,10,0,0,0,0,0,0,0,0,0
481831,3,1,0,0,0,0,0,0,0,0,0,0
481832,0,1,0,0,0,0,0,0,0,0,0,0
481832,1,1,15,0,12,9,0,0,0,0,0,21
481833,1,1,5,5,5,5,5,5,5,5,5,5
481834,1,1,0,0,0,0,0,0,0,6,0,0
481834,2,1,0,0,0,0,0,0,0,0,0,0
481835,1,1,12,12,12,12,12,12,12,12,12,12
481836,1,1,0,0,0,0,0,0,16,0,0,0
481836,2,1,0,0,0,0,0,0,0,0,0,0
481837,1,1,0,17,0,0,33,5,0,0,0,6
481838,0,1,15,34,12,0,0,0,30,0,44,15
481838,1,1,0,0,7,0,17,0,0,26,0,0
481839,1,1,0,0,0,0,0,0,0,0,0,0
481840,0,1,27,0,33,0,15,43,19,0,0,3
481840,1,1,13,0,21,0,0,9,0,0,0,0
481841,1,1,0,0,0,0,0,0,0,0,0,0
481841,2,1,0,0,0,0,0,0,0,0,0,0
481842,1,1,0,0,0,0,0,0,0,0,0,0
481842,2,1,0,0,19,0,15,26,6,0,21,0
481843,1,1,27,0,7,6,0,13,6,20,9,0
481843,2,1,19,19,19,19,19,19,19,19,19,19
481844,1,1,4,0,0,0,0,0,0,0,0,0
481844,2,1,0,0,0,0,0,20,0,0,0,27
481845,1,1,21,21,21,21,21,21,21,21,21,21
481846,1,1,0,0,0,0,0,0,0,0,0,0
481846,2,1,0,0,0,0,0,14,0,0,0,0
481846,3,1,0,0,0,0,8,0,0,0,10,0
481847,0,1,12,0,20,0,15,21,20,24,10,0
481847,0,2,0,0,0,0,0,0,0,0,0,0
481847,0,3,0,0,0,0,0,0,0,0,0,0
481847,1,1,0,0,15,0,0,0,0,0,0,11
481848,0,1,30,30,30,30,30,30,30,30,30,30
481848,1,1,0,0,32,23,0,8,0,0,22,0
481849,1,1,16,16,16,16,16,16,16,16,16,16
481849,2,1,0,0,0,0,0,0,0,0,0,0
481850,1,1,0,0,0,0,0,0,0,0,0,0
481851,1,1,13,0,15,2,0,13,0,7,0,9
481852,1,1,21,0,0,19,34,19,0,0,12,41
481853,0,1,15,15,15,15,15,15,15,15,15,15
481853,1,1,0,9,0,0,0,0,0,34,0,0
481854,1,1,0,4,0,0,10,0,0,0,0,0
481854,2,1,0,18,0,0,0,0,0,0,18,18
481856,0,1,13,16,0,26,0,0,0,22,15,0
481856,1,1,4,10,24,9,13,0,0,11,0,8
481857,1,1,21,11,0,0,2,0,21,9,0,14
481859,1,1,0,0,0,0,0,0,0,0,0,0
481859,2,1,24,24,24,24,24,24,24,24,24,24
481860,0,1,0,0,0,0,0,0,0,0,0,0
481860,1,1,0,0,5,0,0,17,0,0,12,10
481861,1,1,14,6,0,13,2,0,18,0,20,22
481861,2,1,0,29,0,19,0,26,0,0,0,6
481861,3,1,6,0,12,0,0,0,0,0,0,8
481862,1,1,0,0,0,0,0,0,0,0,0,0
481862,2,1,0,0,0,0,0,0,7,0,0,0
481863,0,1,0,0,0,20,0,0,0,0,0,0
481863,1,1,8,0,0,0,0,0,0,0,0,0
481864,1,1,0,6,0,0,0,27,0,0,0,0
481864,2,1,0,0,0,0,0,0,0,0,0,16
481865,0,1,29,0,0,0,45,0,34,0,17,0
481865,1,1,0,15,0,15,0,4,14,0,0,0
481866,1,1,0,0,0,0,0,0,0,0,0,0
481866,2,1,0,0,0,0,0,0,0,0,0,0
481867,1,1,12,12,12,12,12,12,12,12,12,12
481867,2,1,0,0,14,5,0,0,7,22,10,0
481868,0,1,18,18,18,18,18,18,18,18,18,18
481868,1,1,14,4,0,12,0,0,8,0,0,0
481869,0,1,0,29,0,13,12,10,0,0,18,6
481869,1,1,41,0,6,16,0,11,0,13,0,15
481870,0,1,29,18,24,24,0,20,22,0,6,22
481870,1,1,0,0,0,0,13,9,19,0,8,0
481870,2,1,0,0,0,0,6,0,11,18,9,8
481871,1,1,7,7,7,7,7,7,7,7,7,7
481871,2,1,2,2,2,2,2,2,2,2,2,2
481871,3,1,10,0,0,0,0,0,0,0,0,0
481872,0,1,0,0,0,0,0,0,0,0,0,0
481872,1,1,0,0,9,0,3,0,0,0,0,0
481873,0,1,0,0,0,0,0,0,27,0,0,0
481873,1,1,0,0,0,0,0,0,0,0,0,0
481874,1,1,0,0,0,19,0,0,13,0,0,0
481875,0,1,0,0,0,0,0,0,0,0,0,0
481875,0,2,0,0,0,0,0,0,0,0,0,0
481875,1,1,7,11,13,11,20,21,0,0,0,0
481876,1,1,0,0,0,0,0,0,0,0,0,0
481876,2,1,5,18,18,0,0,0,0,0,0,0
481877,1,1,0,31,17,0,0,24,12,0,37,25
481878,1,1,0,0,0,0,0,0,12,0,22,0
481878,2,1,0,0,0,0,0,0,0,0,0,0
481879,1,1,2,2,2,2,2,2,2,2,2,2
481880,1,1,3,0,0,23,0,12,10,14,30,0
481881,1,1,0,0,0,0,0,0,0,0,0,0
481882,1,1,0,0,0,13,0,0,0,0,0,0
481882,2,1,0,0,0,0,0,0,0,0,0,0
481883,1,1,0,0,0,0,0,31,6,0,30,0
481884,1,1,0,10,0,0,0,0,0,0,0,0
481884,2,1,0,0,0,0,0,0,0,0,0,2
481885,1,1,0,0,0,0,0,0,0,0,0,0
481886,1,1,0,0,0,0,0,0,7,0,0,0
481886,2,1,0,0,0,0,0,11,0,0,19,0
481887,1,1,0,0,0,0,0,0,0,0,0,4
481888,1,1,0,0,0,0,0,0,0,0,0,0
481888,2,1,0,0,0,0,0,0,0,0,0,0
481889,1,1,0,0,0,0,0,0,22,0,0,21
481890,1,1,0,9,0,0,0,0,17,0,5,0
481890,2,1,0,0,0,3,0,0,0,0,0,0
481891,1,1,7,0,0,0,0,0,0,0,0,0
481891,2,1,0,0,0,17,19,0,0,0,0,0
481892,0,1,21,21,21,21,21,21,21,21,21,21
481892,1,1,0,0,0,0,0,0,10,17,0,2
481893,0,1,40,40,40,40,40,40,40,40,40,40
481893,1,1,0,0,0,0,0,0,0,0,0,0
481894,1,1,15,0,0,21,0,13,31,0,0,24
481895,1,1,12,12,12,12,12,12,12,12,12,12
481896,1,1,0,9,0,0,13,0,0,0,25,0
481896,2,1,0,0,0,0,0,0,0,0,0,0
481897,1,1,11,0,16,11,20,0,22,32,0,16
481898,0,1,11,0,0,0,36,23,0,0,12,21
481898,1,1,0,0,0,0,0,0,0,26,15,0
481899,1,1,30,0,0,0,0,24,19,0,0,16
481899,2,1,0,0,0,0,0,0,0,0,0,0
481900,1,1,15,15,15,15,15,15,15,15,15,15
481901,1,1,0,10,0,0,0,0,0,0,0,0
481901,2,1,0,0,0,0,0,0,0,0,0,0
481901,3,1,0,0,0,0,0,0,0,0,0,0
481902,1,1,0,10,0,0,0,0,0,14,0,0
481902,2,1,5,5,5,5,5,5,5,5,5,5
481903,1,1,0,14,0,5,0,0,0,0,6,0
481903,2,1,0,0,13,0,5,0,0,0,0,0
481903,3,1,0,0,0,0,0,0,0,0,0,0
481904,1,1,0,0,0,0,0,0,0,0,0,0
481905,1,1,0,0,0,0,0,0,0,0,0,0
481905,2,1,0,0,0,0,0,0,4,0,0,0
481906,1,1,0,0,0,0,0,0,0,0,0,0
481907,1,1,0,0,0,0,0,0,0,0,0,7
481907,2,1,0,0,0,0,0,0,0,16,0,0
481908,0,1,0,0,46,0,0,0,14,24,0,20
481908,1,1,0,21,0,7,18,19,0,0,14,0
481909,1,1,13,0,0,0,0,0,0,0,0,0
481909,2,1,0,0,0,0,0,30,0,0,0,0
481910,1,1,0,0,0,0,0,0,0,0,11,0
481910,2,1,4,0,0,0,0,0,0,0,0,0
481911,1,1,0,7,0,0,0,23,0,0,14,0
481911,2,1,1,1,1,1,1,1,1,1,1,1
481912,0,1,0,8,0,21,0,0,0,18,7,0
481912,1,1,4,7,8,29,0,6,0,4,6,11
481913,1,1,0,0,0,0,0,24,0,10,13,0
481914,1,1,0,0,0,0,0,0,0,0,4,0
481915,1,1,0,0,0,0,0,0,0,0,0,0
481915,2,1,0,0,0,0,0,0,0,0,0,0
481916,1,1,0,0,0,0,0,0,0,0,0,0
481917,1,1,0,12,0,0,0,21,0,0,0,0
481917,2,1,0,8,0,0,8,15,0,23,0,27
481918,1,1,0,0,0,0,0,0,0,0,0,0
481918,2,1,0,8,0,0,13,0,0,0,0,17
481919,1,1,18,27,12,29,25,14,31,11,34,30
481920,1,1,0,0,0,0,0,0,0,0,0,0
481921,1,1,14,14,14,14,14,14,14,14,14,14
481921,2,1,25,25,25,25,25,25,25,25,25,25
481922,1,1,22,22,22,22,22,22,22,22,22,22
481923,1,1,16,16,16,16,16,16,16,16,16,16
481923,2,1,17,0,15,0,0,0,16,0,13,0
481924,0,1,0,0,0,0,0,0,0,0,0,0
481924,0,2,0,0,0,0,0,0,0,0,0,0
481924,1,1,22,28,26,0,0,0,20,19,22,13
481925,1,1,27,27,27,27,27,27,27,27,27,27
481926,1,1,0,0,0,0,0,0,0,0,0,0
481926,2,1,0,0,0,0,0,0,0,0,0,0
481927,1,1,27,0,0,0,0,0,0,0,0,0
481928,0,1,17,17,17,17,17,17,17,17,17,17
481928,1,1,0,0,0,0,0,0,0,0,0,0
481929,1,1,0,0,0,15,3,0,0,7,0,0
481929,2,1,0,0,0,0,0,0,0,15,0,0
481930,1,1,0,0,0,0,0,0,0,0,4,0
481930,2,1,0,0,0,0,0,16,0,0,13,13
481930,3,1,0,0,0,0,0,0,0,0,0,0
481931,0,1,24,0,37,0,6,10,24,8,0,0
481931,1,1,0,25,0,16,0,0,6,5,4,17
481932,1,1,0,0,0,0,0,0,11,0,0,0
481932,2,1,0,0,0,0,0,0,0,0,0,0
481933,1,1,0,16,0,0,0,0,25,0,0,0
481934,1,1,24,24,13,16,7,4,37,14,24,14
481934,2,1,0,0,0,18,0,19,4,0,0,19
481935,1,1,13,6,11,10,0,18,0,27,0,15
481935,2,1,0,0,0,0,0,11,0,0,13,0
481936,1,1,0,25,0,0,0,0,0,0,0,22
481937,1,1,15,15,15,15,15,15,15,15,15,15
481937,2,1,0,20,0,0,0,0,0,0,0,0
481938,0,1,8,16,18,0,14,17,11,0,7,0
481938,0,2,0,6,0,0,14,17,25,0,22,28
481938,1,1,4,4,4,4,4,4,4,4,4,4
481939,1,1,0,0,0,0,0,0,0,0,0,0
481939,2,1,18,18,18,18,18,18,18,18,18,18
481940,1,1,19,19,19,19,19,19,19,19,19,19
481941,1,1,0,16,35,0,5,0,0,0,0,0
481942,1,1,15,12,0,0,0,14,0,0,0,0
481942,2,1,19,0,0,0,0,18,8,0,9,0
481943,1,1,9,9,9,9,9,9,9,9,9,9
481943,2,1,0,0,0,0,12,0,0,10,0,10
481943,3,1,24,0,0,0,0,0,0,3,0,7
481944,1,1,0,0,0,0,0,9,0,0,0,0
481945,1,1,0,0,32,0,0,0,0,21,0,16
481946,1,1,0,0,0,0,0,0,0,0,0,0
481946,2,1,0,0,0,0,0,0,0,0,0,0
481947,1,1,0,0,0,0,0,0,0,14,0,34
481948,1,1,0,0,0,0,0,0,0,0,0,27
481948,2,1,0,0,0,0,0,0,0,0,0,0
481948,3,1,0,0,0,0,0,5,0,0,0,0
481949,1,1,0,0,0,0,0,0,0,0,0,0
481949,2,1,0,0,0,0,0,0,0,0,0,0
481949,3,1,0,0,0,0,0,0,0,0,0,0
481950,1,1,0,0,0,0,0,0,0,0,0,0
481951,1,1,20,0,0,0,0,0,0,0,0,0
481952,0,1,10,10,10,10,10,10,10,10,10,10
481952,1,1,5,0,0,0,0,0,16,10,0,15
481953,1,1,7,7,7,7,7,7,7,7,7,7
481954,0,1,0,0,0,0,0,0,0,0,0,0
481954,1,1,0,0,0,11,0,0,0,0,0,11
481955,1,1,14,0,0,0,0,0,13,6,0,0
481955,2,1,0,0,8,0,20,0,0,0,12,0
481956,1,1,0,0,0,0,0,0,0,0,0,0
481956,2,1,0,35,0,0,0,0,0,21,0,0
481957,1,1,0,0,0,0,0,0,0,0,0,0
481958,0,1,41,0,0,0,0,40,20,8,33,46
481958,1,1,19,0,0,0,0,0,0,12,7,0
481959,1,1,18,0,0,0,0,0,0,0,12,0
481959,2,1,0,0,0,0,0,0,0,0,0,0
481960,0,1,4,0,27,17,14,0,0,13,7,25
481960,1,1,19,19,19,19,19,19,19,19,19,19
481961,1,1,0,0,0,28,0,0,0,15,0,0
481962,1,1,0,19,0,15,0,0,34,0,4,0
481962,2,1,0,0,0,0,0,0,8,0,0,0
481963,1,1,20,20,20,20,20,20,20,20,20,20
481964,1,1,0,0,13,0,0,0,23,0,0,0
481964,2,1,0,0,0,0,0,0,0,0,0,0
481965,1,1,13,0,0,0,12,0,23,0,19,0
481966,1,1,0,0,0,0,0,0,0,0,0,0
481967,1,1,0,0,0,0,7,0,0,0,0,0
481968,1,1,0,0,0,0,0,0,0,0,0,0
481968,2,1,0,0,0,0,0,20,0,0,0,0
481969,1,1,14,0,0,29,20,16,0,17,0,20
481970,1,1,0,0,0,0,0,0,0,0,0,0
481970,2,1,0,0,9,0,0,0,0,0,0,0
481970,3,1,0,0,7,0,7,16,5,0,0,0
481971,1,1,32,32,32,32,32,32,32,32,32,32
481971,2,1,0,0,0,0,0,0,0,0,0,0
481973,1,1,0,0,26,0,0,0,0,10,0,21
481974,1,1,0,10,0,0,0,11,12,0,24,0
481975,1,1,0,0,0,0,0,0,0,0,0,0
481975,2,1,0,0,0,0,0,0,0,0,0,0
481976,0,1,0,0,0,0,0,0,0,0,0,0
481976,1,1,8,0,0,23,0,0,14,0,24,13
481977,1,1,0,0,0,0,0,0,0,0,0,0
481977,2,1,0,0,0,0,0,0,0,0,0,0
481978,0,1,11,26,0,0,0,12,0,0,17,0
481978,1,1,0,20,0,8,0,0,3,0,7,0
481979,1,1,0,0,0,0,0,16,0,0,0,0
481979,2,1,4,0,0,0,0,0,0,0,0,0
481979,3,1,0,0,10,0,0,0,8,19,0,0
481980,1,1,0,0,0,0,0,0,0,0,0,0
481980,2,1,24,10,0,0,0,0,0,0,0,0
481980,3,1,11,0,13,0,14,0,34,13,13,0
481981,1,1,20,20,20,20,20,20,20,20,20,20
481981,2,1,10,18,14,17,0,3,20,25,0,11
481982,0,1,0,0,0,0,0,0,0,0,0,0
481982,1,1,9,13,0,0,10,7,29,0,0,0
481983,1,1,13,13,13,13,13,13,13,13,13,13
481984,0,1,17,17,17,17,17,17,17,17,17,17
481984,1,1,20,0,8,0,0,0,0,14,0,0
481985,1,1,0,0,0,0,0,0,0,17,0,0
481985,2,1,0,0,0,0,0,0,0,0,0,0
481986,1,1,16,16,16,16,16,16,16,16,16,16
481987,1,1,15,15,15,15,15,15,15,15,15,15
481988,1,1,13,13,13,13,13,13,13,13,13,13
481989,1,1,0,0,0,0,0,0,0,0,0,0
481989,2,1,5,5,5,5,5,5,5,5,5,5
481990,1,1,24,0,0,0,0,0,0,0,0,0
481990,2,1,10,0,13,0,0,36,0,13,0,15
481991,0,1,0,0,0,0,0,0,0,0,0,0
481991,1,1,29,0,0,0,14,0,0,15,0,0
481992,1,1,8,0,0,0,0,12,0,0,16,0
481992,2,1,0,18,0,0,0,0,0,0,28,19
481992,3,1,0,0,0,0,0,0,0,0,0,0
481993,0,1,0,0,0,0,0,0,0,0,0,0
481993,1,1,0,8,0,23,0,0,0,0,0,0
481994,1,1,21,21,21,21,21,21,21,21,21,21
481995,1,1,0,0,0,0,0,0,0,15,0,0
481996,1,1,10,10,10,10,10,10,10,10,10,10
481996,2,1,0,0,0,0,0,0,0,0,0,0
481997,1,1,0,28,8,32,18,11,21,25,15,32
481998,0,1,27,27,27,27,27,27,27,27,27,27
481998,1,1,0,0,0,25,25,0,0,0,0,0
481999,1,1,0,0,0,0,0,0,0,0,0,0
482000,0,1,0,0,0,0,0,0,0,0,0,0
482000,1,1,0,0,0,0,0,0,0,0,0,0
482001,1,1,0,0,0,0,0,0,0,0,0,0
482002,1,1,18,18,18,18,18,18,18,18,18,18
482003,1,1,0,0,0,27,0,0,0,19,0,0
482003,2,1,0,0,0,0,0,0,0,0,0,0
482004,0,1,0,0,0,0,0,0,0,0,0,0
482004,1,1,26,26,26,26,26,26,26,26,26,26
482005,1,1,11,11,11,11,11,11,11,11,11,11
482005,2,1,0,0,0,0,0,0,0,0,0,0
482005,3,1,0,17,0,0,0,12,0,0,0,0
482006,1,1,21,21,21,21,21,21,21,21,21,21
482006,2,1,0,0,0,9,0,0,0,4,0,0
482008,1,1,0,0,0,0,0,0,0,0,0,0
482008,2,1,0,0,0,0,0,0,0,0,18,0
482009,1,1,5,32,6,12,0,6,24,12,16,10
482010,1,1,24,24,24,24,24,24,24,24,24,24
482011,1,1,16,23,8,0,13,15,15,10,21,8
482011,2,1,7,0,10,0,0,15,12,22,22,33
482012,1,1,16,16,16,16,16,16,16,16,16,16
482012,2,1,0,0,0,0,0,0,0,0,0,0
482013,1,1,0,0,7,23,0,0,0,0,0,0
482013,2,1,0,0,0,0,0,0,0,0,7,0
482014,1,1,0,0,0,23,0,0,0,19,17,0
482015,1,1,0,0,13,16,0,0,0,12,0,20
482016,1,1,28,28,28,28,28,28,28,28,28,28
482017,1,1,0,0,0,0,0,0,0,0,0,0
482017,2,1,0,0,0,33,0,19,21,8,10,23
482018,1,1,0,0,0,0,0,0,0,0,0,0
482018,2,1,0,0,0,0,0,0,0,0,2,0
482019,1,1,0,19,13,4,41,0,0,10,0,16
482019,2,1,13,0,19,0,0,0,0,0,0,25
482020,1,1,22,14,0,0,0,0,0,0,18,24
482021,1,1,0,0,0,0,0,0,0,0,0,0
482022,1,1,12,0,35,8,13,19,19,19,22,24
482022,2,1,0,0,0,0,0,0,0,0,0,0
482023,1,1,19,19,19,19,19,19,19,19,19,19
482023,2,1,14,20,11,11,0,0,22,6,0,0
482024,1,1,0,21,0,3,0,0,9,0,20,0
482025,1,1,16,16,16,16,16,16,16,16,16,16
482026,0,1,10,0,0,0,0,0,0,15,0,2
482026,1,1,20,0,11,0,0,15,11,0,0,26
482027,1,1,0,0,0,0,0,0,0,0,0,0
482028,0,1,24,24,24,24,24,24,24,24,24,24
482028,1,1,19,0,0,0,0,18,0,8,0,0
482029,1,1,0,0,0,0,0,0,0,0,0,0
482029,2,1,16,0,0,0,14,25,14,0,0,0
482030,0,1,0,0,0,0,0,0,0,0,0,0
482030,1,1,0,0,27,0,0,0,6,0,0,0