ST_CASE,VEH_NO,PER_NO,P1,P2,P3,P4,P5,P6,P7,P8,P9,P10
482031,1,1,32,0,9,0,0,0,13,17,0,0
482032,1,1,0,0,0,0,0,0,0,0,0,0
482032,2,1,24,0,0,0,0,11,0,15,0,0
482033,1,1,32,0,0,0,0,24,0,0,0,0
482034,1,1,0,0,0,0,0,0,24,20,18,11
482035,0,1,29,0,0,0,0,0,29,0,0,0
482035,3,1,0,0,0,0,0,0,0,0,0,0
482036,0,1,38,28,17,18,37,35,22,11,17,12
482036,1,1,0,7,17,0,0,0,0,5,0,0
482037,1,1,0,0,0,0,0,0,0,0,10,0
482037,2,1,0,0,0,0,0,12,0,0,0,0
482038,0,1,0,0,17,10,0,0,0,23,0,0
482038,1,1,0,0,0,0,15,15,0,7,9,17
482039,1,1,18,9,11,16,25,19,0,15,22,19
482040,1,1,9,49,25,27,19,16,36,27,17,21
482041,1,1,16,16,16,16,16,16,16,16,16,16
482041,2,1,8,0,0,0,0,0,0,18,29,0
482042,1,1,3,3,3,3,3,3,3,3,3,3
482043,1,1,0,0,0,0,0,0,0,0,0,0
482043,2,1,0,0,0,0,23,0,0,0,0,0
482044,1,1,0,0,24,0,0,8,0,13,0,0
482044,2,1,0,19,0,25,0,0,12,17,0,0
482044,3,1,10,0,0,0,0,0,0,14,0,0
482045,1,1,0,0,0,0,0,0,0,0,0,0
482045,2,1,0,0,0,0,0,0,0,0,14,0
482046,1,1,21,21,21,21,21,21,21,21,21,21
482047,0,1,14,14,14,14,14,14,14,14,14,14
482047,1,1,0,21,0,0,19,17,0,20,0,0
482048,1,1,19,19,19,19,19,19,19,19,19,19
482048,2,1,0,0,0,0,0,0,0,19,14,0
482049,1,1,0,9,0,0,0,0,0,24,15,0
482049,2,1,18,10,11,23,0,13,35,0,10,0
482050,0,1,0,0,0,18,0,11,0,0,32,0
482050,1,1,24,23,0,0,0,26,16,0,22,0
482051,1,1,0,0,0,0,0,0,0,0,0,0
482051,2,1,0,0,0,0,0,0,0,4,0,0
482052,0,1,0,0,0,0,0,0,0,0,0,0
482052,1,1,0,0,0,0,0,18,0,0,0,6
482053,1,1,0,18,0,21,0,0,0,22,17,0
482053,2,1,0,0,17,0,0,0,0,32,0,0
482054,1,1,0,0,0,0,0,0,0,30,14,0
482054,2,1,0,22,0,0,0,0,0,0,0,11
482055,1,1,0,0,0,0,0,0,0,0,3,0
482055,2,1,0,0,0,0,0,0,0,0,0,0
482056,1,1,0,0,0,0,0,7,0,0,0,0
482056,2,1,0,15,0,0,0,0,0,9,0,20
482056,3,1,0,8,0,9,0,0,9,0,0,9
482057,0,1,13,13,13,13,13,13,13,13,13,13
482057,1,1,0,0,0,8,0,11,0,7,0,0
482058,1,1,14,5,13,16,4,0,24,0,0,5
482058,2,1,0,0,0,31,7,0,12,23,13,11
482059,1,1,24,24,24,24,24,24,24,24,24,24
482059,2,1,0,0,0,4,0,0,7,0,0,0
482060,1,1,0,0,0,20,26,0,0,0,0,0
482061,0,1,0,34,19,0,11,33,0,0,0,0
482061,1,1,0,0,0,0,0,0,0,0,0,0
482062,1,1,0,15,0,4,0,0,0,0,0,0
482063,1,1,22,0,0,0,0,0,0,0,0,0
482063,2,1,0,0,0,0,0,0,0,0,0,0
482064,1,1,0,0,0,0,0,0,0,0,0,0
482064,2,1,0,0,0,0,0,0,0,0,0,0
482065,0,1,0,0,0,0,0,0,0,0,0,0
482065,1,1,0,0,0,0,0,0,0,0,0,0
482066,1,1,10,0,0,0,0,0,11,0,0,0
482067,1,1,0,0,0,0,0,0,9,0,18,0
482067,2,1,0,0,0,0,0,0,0,0,0,0
482068,1,1,0,0,0,0,0,0,0,0,18,0
482068,2,1,0,0,0,0,0,7,0,28,10,9
482068,3,1,0,0,0,0,14,6,0,25,0,14
482068,4,1,0,22,0,7,0,0,0,0,0,0
482069,0,1,27,15,0,0,0,17,0,0,0,0
482069,1,1,0,0,0,0,0,0,0,14,0,0
482070,0,1,0,14,0,0,0,23,0,0,0,0
482070,1,1,0,0,0,0,0,0,21,12,22,0
482071,1,1,13,13,13,13,13,13,13,13,13,13
482072,1,1,11,11,11,11,11,11,11,11,11,11
482073,0,1,0,0,0,0,0,0,0,0,0,0
482073,1,1,0,0,0,0,0,0,0,0,0,0
482074,0,1,11,11,11,11,11,11,11,11,11,11
482074,1,1,16,16,16,16,16,16,16,16,16,16
482075,0,1,0,21,0,18,40,11,16,0,0,0
482075,1,1,0,0,0,0,0,0,0,19,27,0
482076,0,1,0,0,0,0,22,34,0,0,0,0
482076,1,1,0,23,0,17,0,11,0,26,7,8
482076,2,1,19,5,0,25,0,6,12,0,20,13
482078,1,1,26,26,26,26,26,26,26,26,26,26
482079,1,1,12,12,12,12,12,12,12,12,12,12
482080,0,1,0,0,0,0,0,0,0,0,0,18
482080,1,1,0,0,0,0,0,0,0,0,0,0
482081,1,1,0,0,0,0,0,0,0,0,0,0
482082,1,1,0,0,0,0,25,0,0,0,0,0
482082,2,1,23,0,0,0,0,0,0,0,0,15
482083,1,1,10,10,10,10,10,10,10,10,10,10
482083,2,1,0,0,4,0,0,0,0,0,0,0
482084,1,1,0,0,0,0,0,0,0,0,0,0
482084,3,1,0,0,0,0,17,8,21,0,0,0
482085,1,1,12,0,0,0,0,0,0,0,0,0
482085,2,1,26,0,0,0,0,5,0,0,0,0
482086,1,1,0,0,0,0,0,0,0,0,0,0
482086,2,1,18,18,18,18,18,18,18,18,18,18
482087,1,1,19,0,0,0,0,0,0,0,0,26
482087,2,1,0,0,0,2,0,0,0,0,0,0
482087,3,1,0,0,0,0,0,0,0,3,0,0
482088,1,1,0,0,0,0,18,0,7,0,0,0
482088,2,1,0,0,17,0,0,0,0,22,0,0
482089,0,1,25,0,18,0,17,27,0,0,17,43
482089,1,1,0,0,0,0,17,20,0,0,17,0
482090,0,1,33,33,33,33,33,33,33,33,33,33
482090,1,1,0,10,0,0,14,5,13,0,2,23
482091,1,1,0,0,0,9,0,0,0,0,20,0
482092,1,1,0,0,0,0,0,0,13,0,8,7
482093,0,1,0,0,6,0,0,26,0,0,0,0
482093,1,1,0,11,0,0,31,0,0,20,25,14
482094,1,1,0,0,0,0,0,0,0,0,0,0
482094,2,1,0,0,0,0,0,0,0,0,0,0
482095,1,1,0,35,28,0,0,0,0,0,0,0
482096,1,1,8,0,17,20,21,0,25,7,0,22
482096,2,1,14,14,14,14,14,14,14,14,14,14
482097,0,1,0,0,27,0,0,0,0,0,0,0
482097,1,1,0,0,0,0,0,0,0,0,0,0
482098,0,1,0,0,0,0,0,0,0,0,0,0
482098,1,1,34,34,34,34,34,34,34,34,34,34
482098,2,1,0,0,0,0,0,0,20,18,0,0
482098,3,1,0,0,16,0,17,0,0,0,0,29
482099,1,1,0,0,0,0,10,0,0,0,0,0
482100,1,1,0,0,0,0,0,0,0,0,0,0
482100,2,1,2,0,2,0,0,0,0,0,4,0
482101,1,1,0,0,0,0,0,0,0,0,0,0
482102,1,1,16,16,16,16,16,16,16,16,16,16
482103,1,1,0,0,25,2,13,0,14,24,7,0
482103,2,1,0,0,0,0,0,0,19,0,0,0
482104,1,1,0,0,0,12,0,0,0,5,0,0
482105,1,1,16,16,16,16,16,16,16,16,16,16
482105,2,1,10,10,10,10,10,10,10,10,10,10
482106,1,1,6,0,0,0,20,0,0,0,0,0
482107,1,1,0,11,0,0,0,0,0,0,0,0
482107,2,1,0,3,0,0,0,11,0,0,0,0
482108,0,1,0,0,0,0,0,9,0,0,0,0
482108,1,1,0,0,0,0,0,0,0,0,0,0
482109,1,1,10,10,10,10,10,10,10,10,10,10
482110,1,1,0,0,0,0,0,0,0,0,0,0
482111,0,1,0,0,0,0,0,0,0,0,0,0
482111,1,1,0,0,23,0,0,26,6,31,0,0
482112,1,1,0,0,16,27,0,0,0,0,0,0
482113,1,1,9,9,9,9,9,9,9,9,9,9
482114,1,1,6,37,7,0,0,0,0,0,0,0
482115,0,1,0,0,0,0,0,0,0,0,0,0
482115,1,1,0,0,0,0,0,0,0,0,0,0
482116,0,1,0,31,0,0,12,0,0,28,0,0
482116,1,1,0,0,0,0,7,0,0,0,24,0
482117,1,1,0,0,0,0,0,0,0,0,0,0
482117,2,1,0,0,0,0,0,0,0,0,0,0
482118,0,1,0,0,0,0,0,0,0,0,0,0
482118,1,1,0,0,0,0,0,0,0,0,0,0
482119,1,1,15,0,9,20,0,0,19,8,0,0
482120,0,1,0,0,0,0,0,0,0,0,0,0
482120,1,1,0,0,0,0,0,0,0,0,0,0
482121,1,1,0,0,0,0,0,0,0,0,0,0
482122,0,1,0,0,0,0,0,0,0,0,0,0
482122,1,1,0,0,0,0,22,18,0,15,28,11
482123,1,1,8,5,15,7,16,12,14,16,23,5
482124,1,1,0,0,0,0,0,0,0,0,0,0
482124,2,1,6,0,0,0,11,0,9,0,0,12
482125,1,1,0,0,0,0,0,0,0,0,12,32
482126,1,1,0,0,0,0,0,0,0,23,0,0
482127,1,1,0,4,0,0,0,0,0,0,0,0
482127,2,1,0,0,0,10,20,0,0,0,0,0
482128,0,1,0,13,0,0,14,0,0,0,19,0
482128,1,1,0,0,0,0,0,0,0,0,0,0
482129,1,1,17,17,17,17,17,17,17,17,17,17
482130,1,1,20,20,20,20,20,20,20,20,20,20
482130,2,1,0,0,32,0,0,0,0,0,26,0
482131,0,1,18,18,18,18,18,18,18,18,18,18
482131,1,1,18,0,0,0,0,0,0,0,0,0
482132,0,1,0,0,0,0,14,13,0,0,0,0
482132,1,1,34,0,0,33,0,0,0,0,0,0
482133,1,1,0,10,0,0,0,0,16,0,0,0
482133,2,1,18,0,0,9,0,0,0,16,0,0
482134,1,1,0,0,0,0,0,10,0,0,0,0
482134,2,1,0,0,0,0,0,0,0,0,0,0
482135,0,1,0,0,0,0,0,0,0,0,0,0
482135,1,1,0,0,0,0,0,0,0,0,0,0
482136,1,1,0,0,0,0,0,0,0,0,0,0
482136,2,1,0,0,0,0,0,0,0,0,19,0
482136,3,1,9,0,0,0,0,0,5,27,0,0
482137,1,1,0,0,0,0,0,0,0,0,0,0
482138,0,1,0,0,0,0,0,0,0,0,0,0
482138,0,2,7,23,19,0,28,0,0,40,33,0
482138,1,1,5,4,0,21,18,9,10,15,0,0
482139,0,1,0,0,0,0,0,0,0,0,0,0
482139,1,1,0,0,0,0,0,0,0,0,0,0
482140,1,1,0,0,0,0,0,22,4,0,0,0
482140,2,1,8,8,8,8,8,8,8,8,8,8
482141,1,1,0,0,16,0,0,0,0,8,0,0
482142,1,1,15,0,0,0,0,0,12,16,0,0
482142,2,1,34,0,0,0,6,0,0,0,9,0
482143,1,1,19,19,19,19,19,19,19,19,19,19
482144,1,1,11,11,11,11,11,11,11,11,11,11
482145,1,1,0,23,16,6,0,0,0,20,0,29
482146,1,1,0,0,0,0,0,0,0,0,0,0
482146,2,1,0,0,0,0,0,0,0,0,0,2
482147,0,1,0,0,0,0,0,0,0,0,0,0
482147,1,1,0,0,18,0,0,0,0,0,14,0
482148,1,1,0,0,0,0,0,0,0,0,0,0
482149,1,1,0,0,0,0,0,11,0,0,0,0
482149,2,1,0,0,0,27,0,0,0,0,0,26
482150,1,1,0,0,0,0,0,0,0,0,0,0
482150,2,1,0,0,0,0,0,0,3,0,0,2
482151,1,1,0,0,0,0,0,0,0,0,0,0
482152,1,1,0,0,0,0,0,0,0,0,0,0
482152,2,1,0,0,0,3,0,0,0,0,0,0
482152,3,1,0,0,0,0,0,0,0,0,0,0
482153,0,1,0,0,0,0,0,0,0,0,0,0
482153,1,1,8,0,0,0,0,0,0,0,0,0
482154,1,1,0,0,0,0,0,0,0,0,0,0
482155,1,1,13,15,28,18,30,20,21,29,16,0
482156,1,1,5,0,0,0,0,0,6,0,0,0
482156,2,1,0,0,0,0,0,19,17,0,0,28
482157,1,1,0,33,0,0,0,0,0,0,7,0
482157,2,1,0,12,0,0,0,7,0,8,14,6
482158,0,1,10,0,0,21,0,0,11,29,18,0
482158,0,2,0,0,0,0,0,0,0,0,0,0
482158,1,1,0,0,0,0,0,0,0,0,0,0
482159,1,1,0,0,0,0,0,0,0,0,0,0
482159,2,1,0,0,0,0,0,0,0,0,0,0
482160,0,1,0,0,9,0,0,0,0,0,0,0
482160,1,1,0,0,0,0,0,0,0,0,0,0
482161,0,1,0,0,0,0,0,0,0,23,13,0
482161,1,1,0,0,0,0,20,0,19,0,0,0
482162,1,1,0,0,0,0,0,0,0,0,0,0
482163,1,1,26,0,0,0,0,24,0,0,9,0
482163,2,1,0,8,0,0,0,13,0,0,10,0
482164,1,1,0,0,0,5,0,0,9,0,0,0
482164,2,1,0,0,0,0,0,0,0,0,0,0
482164,3,1,0,0,0,3,0,0,0,0,0,0
482164,4,1,0,0,0,0,0,26,0,0,0,0
482164,5,1,0,0,0,0,0,10,0,0,0,0
482164,6,1,3,0,0,0,0,0,0,0,2,0
482165,1,1,0,0,0,0,0,0,0,0,0,0
482166,1,1,17,17,17,17,17,17,17,17,17,17
482166,2,1,11,31,0,0,0,0,22,0,0,0
482167,1,1,0,0,16,13,11,13,0,0,0,15
482167,2,1,0,16,0,30,0,8,0,0,0,0
482167,3,1,0,0,19,11,0,18,0,7,0,0
482168,1,1,9,9,9,9,9,9,9,9,9,9
482169,1,1,5,5,5,5,5,5,5,5,5,5
482170,0,1,0,0,0,0,0,0,0,0,0,0
482170,1,1,0,18,0,18,0,0,11,0,5,0
482171,1,1,10,0,0,0,0,11,31,0,0,21
482171,2,1,0,0,0,0,0,5,12,0,20,0
482172,1,1,15,15,15,15,15,15,15,15,15,15
482173,1,1,0,35,0,0,0,25,10,0,15,22
482174,1,1,0,0,0,0,0,0,0,0,0,0
482174,2,1,0,0,0,0,0,0,0,0,0,0
482175,1,1,0,22,0,12,13,11,0,0,11,6
482177,1,1,0,0,8,17,3,0,26,24,34,26
482178,0,1,27,0,0,0,0,0,0,9,14,0
482178,1,1,0,14,13,16,0,0,0,0,33,13
482179,1,1,0,0,0,0,0,0,0,0,0,0
482179,2,1,0,0,0,0,16,0,0,0,0,0
482180,1,1,0,29,0,23,34,4,16,23,31,0
482181,0,1,0,0,0,0,0,0,0,0,0,0
482181,1,1,11,21,0,0,8,0,8,0,0,0
482182,1,1,0,0,0,0,0,0,0,0,0,0
482182,2,1,0,0,0,0,0,0,0,0,0,0
482183,1,1,0,0,0,0,0,0,0,0,0,0
482184,1,1,19,19,19,19,19,19,19,19,19,19
482184,2,1,0,13,6,14,0,9,10,0,10,0
482185,1,1,0,0,0,0,0,0,0,0,0,0
482186,1,1,14,14,14,14,14,14,14,14,14,14
482187,1,1,22,13,0,0,18,0,11,0,0,12
482188,1,1,16,16,16,16,16,16,16,16,16,16
482189,1,1,14,14,14,14,14,14,14,14,14,14
482189,2,1,0,0,0,0,0,0,0,0,0,21
482190,0,1,18,25,16,12,25,18,28,22,34,27
482190,1,1,0,0,15,0,0,0,0,16,0,10
482191,1,1,24,24,24,24,24,24,24,24,24,24
482192,1,1,0,2,18,0,0,0,0,0,0,11
482192,2,1,0,25,12,0,0,0,0,0,0,0
482192,3,1,0,0,0,0,0,0,0,26,0,0
482192,4,1,3,0,0,0,0,0,0,0,8,0
482192,5,1,0,0,0,12,0,0,0,0,0,0
482193,1,1,0,0,0,0,0,0,0,0,0,21
482193,2,1,0,0,0,0,0,0,0,0,0,0
482194,1,1,11,12,20,13,0,18,0,0,0,7
482195,1,1,13,0,13,0,5,0,0,0,14,5
482196,0,1,0,0,15,0,0,14,0,12,22,0
482196,1,1,0,5,0,0,0,7,0,0,11,0
482196,2,1,0,0,0,0,0,0,0,0,0,6
482197,1,1,12,12,12,12,12,12,12,12,12,12
482198,1,1,0,0,0,0,0,3,0,0,2,0
482198,2,1,0,0,0,0,0,0,0,0,0,0
482199,1,1,0,6,0,0,0,0,0,0,0,0
482199,2,1,12,0,0,0,0,0,0,0,0,0
482200,1,1,0,0,24,0,0,0,0,0,0,0
482200,2,1,0,0,0,0,0,0,0,8,0,0
482201,1,1,18,0,0,0,0,0,11,0,0,12
482202,0,1,0,0,0,0,0,0,0,0,0,0
482202,1,1,0,0,0,0,0,0,0,0,0,7
482203,1,1,0,0,0,17,0,0,0,0,0,0
482203,2,1,0,11,0,0,0,0,0,0,0,0
482204,1,1,4,18,0,0,0,0,11,17,0,20
482204,2,1,31,16,7,0,0,0,0,12,0,0
482205,1,1,17,17,17,17,17,17,17,17,17,17
482206,1,1,0,0,0,0,0,0,0,11,0,0
482207,1,1,25,0,0,0,0,0,0,12,9,0
482207,2,1,0,0,0,0,0,0,0,0,0,0
482208,1,1,0,0,0,0,13,0,0,16,17,0
482208,2,1,0,0,13,0,18,0,0,0,0,0
482209,0,1,20,20,20,20,20,20,20,20,20,20
482209,1,1,0,0,0,18,6,11,11,4,0,19
482210,1,1,0,0,0,0,0,0,0,0,0,0
482210,2,1,0,0,0,17,0,0,0,0,0,0
482211,1,1,18,18,18,18,18,18,18,18,18,18
482212,1,1,18,18,18,18,18,18,18,18,18,18
482213,1,1,0,0,0,0,0,0,0,0,0,0
482213,2,1,0,0,0,0,0,0,0,0,0,0
482214,0,1,0,0,7,0,0,19,23,0,28,13
482214,1,1,17,55,0,0,11,0,0,0,0,0
482215,1,1,0,0,0,0,0,0,0,0,0,0
482215,2,1,0,4,0,0,0,0,0,0,0,2
482216,1,1,0,0,0,0,0,0,0,0,0,0
482216,2,1,0,17,4,0,0,17,0,0,0,0
482217,0,1,0,0,0,0,0,0,0,0,0,0
482217,1,1,0,0,0,0,0,0,16,0,0,0
482218,0,1,39,39,39,39,39,39,39,39,39,39
482218,1,1,11,0,0,0,22,0,7,0,0,0
482219,1,1,0,0,0,0,0,11,0,0,22,0
482220,1,1,0,0,0,0,0,0,0,0,0,0
482221,1,1,0,0,0,0,0,0,0,0,0,0
482221,2,1,0,0,4,0,0,0,0,0,0,0
482222,1,1,0,0,15,12,0,15,19,0,13,0
482223,0,1,8,16,23,0,34,0,0,0,0,0
482223,1,1,0,0,7,0,0,0,15,0,0,0
482224,1,1,0,0,0,0,0,0,11,0,7,9
482224,2,1,0,0,22,0,0,16,0,0,0,0
482225,0,1,12,0,0,27,0,26,0,0,0,0
482225,0,2,29,0,15,0,0,0,0,30,0,21
482225,1,1,13,0,0,7,0,0,12,19,6,21
482226,1,1,12,12,12,12,12,12,12,12,12,12
482227,0,1,0,0,0,0,0,0,0,0,0,0
482227,1,1,0,0,0,0,41,17,0,0,0,0
482228,1,1,22,24,21,6,0,18,26,13,13,22
482229,1,1,20,28,12,16,5,9,17,15,0,14
482229,2,1,16,0,0,0,0,33,0,0,0,0
482230,0,1,0,0,0,0,0,0,0,0,0,0
482230,1,1,9,0,0,0,9,0,22,9,0,19
482231,1,1,18,0,13,0,16,0,17,17,0,0
482232,1,1,17,0,5,0,20,21,0,0,0,0
482233,1,1,0,0,0,12,0,0,8,0,0,0
482233,2,1,0,0,0,0,0,0,0,0,0,0
482234,1,1,0,0,0,0,0,0,0,0,0,0
482235,1,1,0,0,0,0,0,0,0,0,0,12
482236,1,1,0,14,0,0,9,34,11,9,0,16
482237,1,1,1,1,1,1,1,1,1,1,1,1
482237,2,1,21,36,12,10,0,4,0,0,17,0
482238,1,1,0,9,0,20,0,4,4,0,0,0
482239,1,1,0,0,0,39,0,0,0,0,0,0
482240,1,1,21,21,21,21,21,21,21,21,21,21
482241,0,1,0,21,7,0,0,7,0,0,0,46
482241,1,1,14,14,14,14,14,14,14,14,14,14
482242,1,1,5,14,10,17,0,11,18,0,14,0
482243,0,1,0,0,0,0,0,0,0,31,0,18
482243,1,1,13,17,6,31,12,14,15,9,0,19
482244,0,1,0,0,0,0,0,0,0,0,0,0
482244,0,2,0,0,0,0,0,0,0,5,0,0
482244,1,1,0,0,0,0,0,0,0,0,14,0
482245,0,1,0,0,0,0,0,51,0,0,0,0
482245,1,1,20,0,0,0,0,0,0,0,18,0
482246,0,1,0,0,0,0,0,0,0,0,0,0
482246,1,1,0,0,14,0,0,0,0,0,0,0
482247,1,1,0,0,0,0,0,0,0,0,0,0
482247,2,1,0,0,0,0,0,0,0,0,0,0
482248,1,1,14,0,19,27,5,16,23,21,0,19
482248,2,1,0,0,0,12,0,0,0,17,0,0
482248,3,1,0,7,0,0,0,14,0,21,0,0
482249,1,1,0,0,0,0,0,6,0,0,0,19
482249,2,1,0,0,0,0,0,0,0,0,0,0
482249,3,1,0,0,0,0,0,0,0,0,0,0
482249,4,1,0,0,0,0,0,0,0,0,0,0
482249,5,1,0,11,0,0,4,0,0,0,0,0
482250,1,1,0,0,0,0,0,0,0,0,0,0
482250,2,1,13,0,0,0,4,0,0,0,6,0
482251,1,1,22,0,14,0,0,10,11,0,0,8
482251,2,1,9,9,9,9,9,9,9,9,9,9
482252,1,1,14,14,14,14,14,14,14,14,14,14
482253,0,1,0,19,0,29,11,22,0,0,0,0
482253,1,1,25,23,0,12,0,0,10,20,0,0
482253,3,1,25,0,0,0,0,0,0,13,14,14
482254,1,1,0,0,0,0,0,31,0,0,0,0
482254,2,1,4,0,0,0,9,0,0,31,0,0
482255,1,1,11,28,20,0,9,26,0,0,20,0
482256,1,1,0,0,0,0,0,0,0,0,0,0
482256,2,1,0,0,0,0,0,0,0,0,0,0
482257,1,1,10,10,10,10,10,10,10,10,10,10
482258,1,1,0,0,0,15,0,0,0,0,0,5
482258,2,1,0,6,0,0,11,0,0,15,0,21
482258,3,1,0,0,10,0,0,6,0,0,0,0
482259,1,1,0,22,10,0,22,21,18,14,43,14
482260,1,1,6,6,6,6,6,6,6,6,6,6
482260,2,1,14,8,12,37,13,23,14,16,0,22
482262,0,1,24,0,0,0,0,0,0,0,0,16
482262,1,1,0,0,30,13,0,0,17,0,18,0
482263,1,1,0,0,0,0,0,0,0,0,0,0
482263,2,1,0,0,0,0,0,0,0,0,0,0
482264,0,1,20,0,0,0,26,22,0,0,21,0
482264,1,1,21,0,0,32,11,0,0,0,0,0
482265,0,1,0,0,0,0,15,14,21,0,0,9
482265,0,2,0,19,0,0,0,0,24,0,0,0
482265,1,1,0,0,0,0,23,0,11,6,0,0
482266,0,1,23,0,30,0,7,0,0,0,0,7
482266,1,1,9,0,0,0,20,4,23,0,11,15
482266,2,1,8,0,36,16,0,0,0,0,5,0
482267,1,1,0,0,0,0,0,0,0,0,0,0
482267,2,1,0,0,14,0,24,0,0,0,0,0
482268,1,1,16,14,0,0,18,0,21,16,0,0
482268,2,1,32,0,12,0,32,19,3,0,0,17
482268,3,1,0,0,0,0,14,0,0,23,0,15
482269,1,1,10,10,10,10,10,10,10,10,10,10
482271,1,1,10,10,10,10,10,10,10,10,10,10
482271,2,1,10,32,0,23,0,0,0,0,9,0
482271,3,1,5,0,0,0,3,0,0,0,0,10
482272,1,1,0,0,0,0,0,0,0,0,0,0
482272,2,1,0,0,0,0,0,0,0,0,0,0
482272,3,1,0,0,0,0,0,0,0,0,0,0
482272,4,1,0,0,0,0,0,0,0,0,0,0
482273,0,1,13,0,0,31,36,39,34,0,19,0
482273,0,2,0,42,30,23,0,0,28,18,0,0
482273,1,1,14,28,0,0,0,0,16,6,11,0
482273,2,1,0,0,0,0,0,24,0,0,14,4
482274,1,1,10,0,7,0,0,23,0,0,0,0
482275,1,1,0,0,0,0,0,0,0,0,0,0
482275,2,1,0,0,0,0,0,0,0,0,0,0
482275,3,1,25,12,0,19,0,10,29,0,18,47
482275,4,1,0,0,16,0,28,0,0,0,25,0
482275,5,1,12,11,0,0,0,0,15,0,0,0
482276,1,1,0,0,0,0,0,0,0,0,0,0
482276,2,1,0,0,0,0,0,0,9,9,26,0
482277,1,1,20,0,0,0,0,28,15,0,0,0
482278,1,1,19,19,19,19,19,19,19,19,19,19
482279,1,1,0,0,0,0,0,0,0,0,0,0
482279,2,1,0,0,0,0,0,0,0,0,0,0
482279,3,1,0,0,0,0,0,0,0,0,0,0
482280,0,1,2,2,2,2,2,2,2,2,2,2
482280,1,1,0,0,16,0,0,0,0,0,0,0
482281,0,1,0,0,0,22,16,0,51,17,0,0
482281,1,1,0,0,0,0,0,0,0,0,0,0
482282,0,1,0,0,0,0,0,0,0,0,0,0
482282,1,1,0,0,0,0,0,0,8,0,0,0
482283,1,1,36,0,0,0,15,23,0,0,0,11
482284,1,1,12,11,17,0,9,0,0,0,8,11
482284,2,1,0,0,0,0,14,0,0,0,0,6
482285,1,1,0,0,0,3,0,0,0,0,0,0
482285,2,1,0,0,0,0,0,0,0,0,0,0
482286,1,1,16,16,16,16,16,16,16,16,16,16
482287,1,1,0,0,0,0,0,0,0,0,0,0
482287,2,1,0,15,17,0,0,0,0,0,0,0
482288,1,1,0,0,0,0,0,0,0,0,0,0
482288,2,1,0,0,0,0,0,0,0,0,0,0
482289,1,1,0,0,0,0,0,0,0,0,0,0
482289,2,1,0,0,0,0,10,18,0,0,15,0
482290,1,1,15,0,19,8,0,0,16,4,18,21
482290,2,1,0,0,0,0,0,0,0,0,0,0
482291,1,1,11,13,5,18,0,20,14,22,24,19
482292,1,1,0,0,0,0,0,0,0,0,0,0
482294,0,1,0,0,0,0,0,0,0,0,0,0
482294,1,1,5,4,0,0,0,16,0,0,7,0
482295,1,1,24,24,24,24,24,24,24,24,24,24
482296,1,1,0,0,0,0,0,0,0,0,0,0
482297,1,1,10,10,10,10,10,10,10,10,10,10
482298,1,1,0,0,0,0,22,0,0,20,0,14
482299,1,1,0,0,0,0,0,0,0,0,0,0
482300,1,1,0,28,0,0,14,0,16,0,0,0
482300,2,1,0,18,16,19,0,18,0,0,19,18
482301,1,1,0,0,31,0,0,0,0,0,0,0
482301,2,1,18,0,0,13,0,0,0,10,0,10
482302,1,1,7,7,7,7,7,7,7,7,7,7
482303,1,1,0,9,0,0,0,0,2,0,0,0
482303,2,1,0,0,0,0,0,0,0,0,0,9
482305,1,1,0,0,0,0,0,0,0,0,0,0
482305,2,1,0,0,0,0,0,0,0,0,0,0
482306,1,1,0,6,0,0,0,11,0,0,0,0
482306,2,1,0,0,0,0,0,12,0,0,11,17
482306,3,1,0,0,0,0,0,0,0,0,0,0
482307,1,1,0,0,17,18,0,16,4,0,0,14
482308,1,1,0,0,0,9,0,0,0,0,14,0
482308,2,1,0,0,0,0,0,0,28,0,0,22
482309,0,1,0,0,0,34,23,0,0,0,0,0
482309,1,1,0,0,0,0,0,0,0,0,0,0
482310,1,1,28,28,28,28,28,28,28,28,28,28
482311,1,1,0,0,0,0,0,0,0,14,0,5
482312,1,1,16,9,0,13,38,5,17,20,18,4
482313,0,1,0,0,0,0,0,0,0,0,0,0
482313,1,1,0,0,0,0,0,0,0,0,0,0
482314,1,1,0,7,13,0,17,0,0,0,0,12
482314,2,1,0,0,0,0,5,0,0,0,0,0
482315,1,1,0,0,10,0,16,0,26,0,0,0
482315,2,1,13,0,18,0,0,0,0,0,0,15
482316,1,1,12,12,12,12,12,12,12,12,12,12
482316,2,1,0,0,0,33,0,0,0,0,12,15
482317,1,1,8,0,0,0,13,0,17,7,0,14
482317,2,1,15,0,0,0,0,25,0,13,0,7
482318,1,1,0,0,0,0,0,0,0,0,0,0
482318,2,1,0,0,0,0,0,0,0,0,0,0