ST_CASE,VEH_NO,PER_NO,P1,P2,P3,P4,P5,P6,P7,P8,P9,P10
482319,1,1,0,10,0,0,0,0,0,9,0,16
482320,1,1,0,0,0,0,0,0,0,0,0,0
482320,2,1,0,0,0,0,0,0,0,0,0,0
482320,3,1,0,0,0,0,0,0,0,15,18,0
482320,4,1,0,0,5,0,0,0,0,0,0,0
482321,1,1,0,0,0,19,4,0,15,0,0,0
482321,2,1,0,0,0,0,0,0,0,0,0,20
482322,1,1,0,0,18,0,9,0,3,0,0,18
482323,1,1,6,6,6,6,6,6,6,6,6,6
482324,1,1,6,0,0,11,0,0,0,16,26,0
482325,1,1,0,0,0,0,0,0,0,0,0,0
482325,2,1,0,0,0,0,0,0,0,0,0,0
482326,0,1,15,0,18,17,12,0,24,14,40,13
482326,1,1,0,0,18,24,0,0,0,0,0,0
482327,1,1,0,3,0,19,0,10,0,0,12,0
482328,1,1,19,19,19,19,19,19,19,19,19,19
482328,2,1,0,0,0,19,0,0,12,18,11,27
482328,3,1,0,0,0,0,9,17,0,15,9,12
482329,1,1,0,0,0,0,0,0,0,0,0,0
482330,1,1,0,0,4,9,8,0,5,0,0,0
482330,2,1,0,0,0,0,0,0,18,0,0,0
482330,3,1,6,9,27,0,0,0,0,0,13,0
482331,1,1,0,0,0,0,0,0,0,0,0,0
482331,2,1,19,0,0,0,0,0,0,0,0,0
482332,1,1,0,0,13,0,0,0,0,35,16,54
482332,2,1,0,0,0,23,11,0,0,10,15,0
482333,1,1,11,0,0,0,14,0,0,0,16,0
482333,2,1,0,0,0,0,0,0,0,0,0,0
482334,1,1,17,0,15,0,19,27,0,11,15,4
482335,1,1,0,0,0,0,0,0,0,16,13,14
482336,0,1,21,0,0,0,0,0,11,0,34,0
482336,1,1,0,0,0,0,34,0,0,0,0,0
482337,1,1,0,0,0,0,0,0,0,0,0,0
482338,1,1,0,0,0,0,0,0,0,0,0,0
482338,2,1,0,5,0,0,0,0,0,0,0,0
482338,3,1,0,0,0,0,0,0,0,0,0,0
482338,4,1,12,0,0,23,0,0,0,0,16,0
482338,5,1,0,0,0,0,0,0,0,0,0,0
482339,1,1,30,20,0,0,0,0,0,0,0,16
482339,2,1,0,0,0,0,0,0,0,0,0,0
482342,1,1,0,0,0,0,0,0,0,0,0,0
482342,2,1,0,0,0,0,0,0,0,0,0,0
482343,1,1,0,0,0,37,21,0,0,7,0,0
482343,2,1,0,0,0,3,0,0,15,0,0,9
482344,1,1,0,20,0,0,20,0,0,0,0,0
482345,1,1,0,0,0,15,0,0,29,0,0,18
482346,1,1,0,0,0,0,0,0,0,0,0,0
482346,2,1,0,0,31,0,0,0,0,0,0,0
482346,3,1,0,0,0,0,0,9,0,0,0,0
482346,4,1,0,0,15,0,30,0,0,0,0,0
482346,5,1,0,0,14,0,10,0,0,0,0,0
482346,6,1,0,0,0,0,0,10,0,0,0,0
482346,7,1,0,0,0,0,0,0,0,0,0,19
482347,1,1,0,0,0,0,0,0,0,0,0,0
482348,1,1,0,7,0,23,0,8,0,0,0,0
482349,0,1,0,0,0,0,0,0,0,0,0,0
482349,1,1,0,0,0,0,0,0,0,0,0,0
482350,1,1,0,15,33,0,0,24,0,0,10,0
482351,1,1,9,7,0,7,16,0,0,18,10,27
482352,1,1,0,8,0,0,0,0,0,0,0,0
482352,2,1,0,0,0,0,0,0,0,0,0,0
482353,1,1,21,0,0,0,8,19,0,0,13,0
482354,0,1,3,3,3,3,3,3,3,3,3,3
482354,1,1,0,0,14,9,0,14,14,0,0,11
482355,1,1,15,15,15,15,15,15,15,15,15,15
482355,2,1,20,20,20,20,20,20,20,20,20,20
482356,1,1,0,0,7,0,16,0,17,21,8,0
482357,1,1,21,21,21,21,21,21,21,21,21,21
482358,1,1,17,17,17,17,17,17,17,17,17,17
482358,2,1,0,10,0,0,0,0,0,0,0,0
482359,1,1,0,0,0,0,0,0,0,0,0,0
482359,2,1,0,0,0,0,0,0,9,19,0,0
482360,1,1,0,0,0,0,0,0,0,0,0,0
482360,2,1,0,0,0,0,23,0,0,16,23,0
482361,1,1,0,0,0,0,0,0,0,0,0,0
482361,2,1,4,4,4,4,4,4,4,4,4,4
482362,1,1,14,14,14,14,14,14,14,14,14,14
482363,1,1,0,0,0,0,0,0,0,7,0,0
482364,0,1,0,0,0,0,0,0,0,0,0,0
482364,1,1,0,0,0,0,0,0,0,14,0,0
482365,1,1,25,25,25,25,25,25,25,25,25,25
482366,0,1,23,23,23,23,23,23,23,23,23,23
482366,1,1,14,8,12,0,18,17,12,11,7,0
482366,2,1,8,17,0,0,0,0,0,0,16,0
482367,1,1,11,4,7,0,0,12,12,0,9,17
482367,2,1,12,0,6,15,16,0,0,0,0,0
482368,1,1,0,0,0,0,0,0,0,0,0,0
482369,1,1,0,0,29,0,19,22,0,0,0,0
482370,0,1,0,0,0,0,0,0,0,0,0,0
482370,1,1,0,0,0,0,0,0,0,0,0,0
482371,0,1,0,0,0,0,0,0,0,0,0,0
482371,1,1,8,8,8,8,8,8,8,8,8,8
482372,0,1,0,0,0,27,0,0,0,22,17,16
482372,1,1,0,0,0,0,10,0,0,13,0,0
482373,1,1,36,36,36,36,36,36,36,36,36,36
482374,0,1,16,16,16,16,16,16,16,16,16,16
482374,1,1,0,0,32,0,0,24,0,0,15,0
482375,1,1,17,17,17,17,17,17,17,17,17,17
482375,2,1,0,0,0,8,0,12,13,0,0,8
482375,3,1,0,0,0,15,11,0,0,0,9,0
482375,4,1,0,0,0,0,0,0,0,8,0,0
482375,5,1,0,0,0,0,7,0,0,0,0,0
482376,0,1,0,0,0,0,0,0,0,0,0,0
482376,1,1,0,0,0,0,0,0,0,0,0,0
482377,0,1,25,25,25,25,25,25,25,25,25,25
482377,1,1,0,21,0,41,0,0,0,0,8,0
482378,0,1,0,0,0,0,0,0,0,0,0,0
482378,1,1,0,0,0,4,0,0,0,0,0,0
482379,1,1,0,0,0,0,0,0,0,0,0,0
482379,2,1,0,0,0,0,0,0,20,13,0,0
482380,1,1,21,21,21,21,21,21,21,21,21,21
482381,1,1,18,0,0,0,8,0,0,25,0,22
482382,0,1,0,0,2,0,0,0,0,15,28,0
482382,1,1,7,0,0,6,21,29,8,0,0,9
482383,1,1,10,0,0,5,21,0,8,23,0,0
482383,2,1,0,3,0,3,0,0,0,0,0,0
482384,1,1,0,0,0,0,0,0,0,9,0,12
482385,1,1,0,17,16,0,26,0,20,0,0,21
482386,1,1,4,0,0,0,0,0,0,0,0,0
482386,2,1,0,0,0,3,0,0,0,3,0,0
482387,1,1,2,2,2,2,2,2,2,2,2,2
482387,2,1,3,5,0,0,0,19,0,0,0,0
482388,0,1,0,0,0,0,0,0,0,0,0,0
482388,1,1,0,12,0,0,15,0,19,0,0,6
482389,1,1,23,0,17,0,0,0,0,0,0,0
482389,2,1,0,0,0,0,0,0,0,0,0,0
482390,1,1,0,0,0,0,0,0,0,0,0,0
482390,2,1,0,0,0,0,0,0,0,0,0,0
482391,1,1,0,0,0,0,0,0,0,0,0,0
482391,2,1,0,0,0,0,0,0,0,0,0,5
482392,1,1,0,0,0,0,0,0,0,0,0,0
482392,2,1,0,0,0,0,0,0,0,0,0,0
482393,1,1,0,13,0,0,25,0,43,0,4,0
482394,1,1,0,0,0,0,0,0,0,0,0,17
482394,2,1,0,0,0,0,0,0,0,0,0,0
482395,0,1,24,24,15,0,11,0,20,35,0,23
482395,1,1,0,23,10,0,0,0,0,0,0,0
482396,1,1,9,9,9,9,9,9,9,9,9,9
482396,2,1,0,0,0,0,0,0,0,0,0,0
482397,1,1,0,0,0,0,0,0,0,0,0,0
482397,2,1,0,6,0,0,4,0,0,0,0,0
482398,1,1,0,0,0,0,0,0,0,0,0,0
482398,2,1,0,0,0,0,0,0,0,0,14,0
482399,1,1,0,0,0,0,0,0,0,0,0,0
482399,2,1,0,0,0,0,0,0,0,0,0,0
482400,1,1,15,15,15,15,15,15,15,15,15,15
482401,1,1,0,0,0,0,6,0,0,0,0,0
482401,2,1,0,0,0,0,0,0,0,0,0,0
482402,0,1,0,0,0,8,14,8,5,28,26,27
482402,0,2,0,0,0,25,0,10,0,28,16,41
482402,2,1,0,0,0,21,10,4,3,12,0,9
482403,1,1,38,0,0,14,23,0,20,0,0,19
482404,1,1,0,0,16,0,0,23,0,13,24,0
482405,1,1,0,0,0,0,0,0,0,0,0,0
482406,1,1,0,0,0,0,0,0,0,0,0,0
482406,2,1,0,0,0,0,0,0,0,0,0,0
482407,1,1,14,14,14,14,14,14,14,14,14,14
482408,1,1,26,26,26,26,26,26,26,26,26,26
482409,1,1,0,0,0,0,0,0,0,0,0,0
482410,1,1,32,0,22,8,13,0,12,12,17,36
482411,1,1,9,9,9,9,9,9,9,9,9,9
482411,2,1,0,0,0,0,0,11,0,0,30,0
482412,1,1,0,0,0,0,0,0,0,0,0,0
482413,1,1,11,13,14,0,0,14,0,17,0,0
482414,1,1,0,0,0,4,0,0,0,0,0,0
482415,1,1,0,0,0,0,3,0,0,0,0,16
482415,2,1,0,24,0,0,0,0,0,13,0,0
482416,1,1,0,0,0,0,0,0,16,0,0,0
482416,2,1,15,0,0,0,16,12,0,0,0,0
482417,1,1,0,7,0,33,14,0,10,19,22,0
482418,1,1,0,0,0,0,0,8,0,0,0,0
482418,2,1,0,11,0,0,0,0,0,0,0,0
482419,1,1,0,0,0,0,0,0,0,0,0,0
482419,2,1,0,0,0,0,0,0,0,0,0,0
482419,3,1,0,0,0,0,0,0,0,0,0,0
482420,1,1,20,20,20,20,20,20,20,20,20,20
482422,0,1,0,0,12,16,13,33,0,17,21,0
482422,1,1,15,0,0,0,0,20,13,0,0,0
482423,1,1,0,0,0,0,0,0,0,0,0,0
482423,2,1,20,0,0,3,14,28,14,0,16,0
482424,0,1,29,17,12,5,9,18,0,17,4,26
482424,1,1,0,0,0,0,0,19,0,0,0,0
482425,0,1,0,0,0,0,0,0,0,0,0,0
482425,1,1,0,0,11,34,0,10,0,0,0,14
482426,1,1,0,0,0,0,0,0,0,0,0,0
482426,2,1,0,0,0,0,0,0,0,0,0,0
482427,0,1,15,15,15,15,15,15,15,15,15,15
482427,1,1,0,0,0,0,0,0,16,14,8,12
482428,1,1,22,22,22,22,22,22,22,22,22,22
482429,1,1,19,19,19,19,19,19,19,19,19,19
482429,2,1,0,0,0,0,0,0,0,0,0,0
482430,1,1,39,11,18,22,14,18,30,35,12,15
482431,1,1,22,22,22,22,22,22,22,22,22,22
482432,1,1,13,13,13,13,13,13,13,13,13,13
482433,1,1,25,25,25,25,25,25,25,25,25,25
482434,1,1,0,2,0,0,0,0,0,0,0,0
482434,2,1,0,0,0,0,12,0,0,0,0,0
482435,1,1,0,25,20,3,0,0,0,11,0,0
482436,1,1,0,13,0,0,0,10,0,0,0,12
482437,1,1,0,17,0,0,12,0,0,0,9,14
482438,0,1,0,0,0,0,18,9,0,0,43,0
482438,1,1,0,0,35,0,0,0,0,0,11,0
482439,0,1,0,0,0,0,0,0,0,0,0,0
482439,1,1,6,6,6,6,6,6,6,6,6,6
482440,0,1,0,0,0,0,0,0,0,0,0,0
482440,1,1,0,0,0,0,0,0,8,16,0,0
482441,1,1,0,0,0,0,0,0,26,0,0,0
482442,0,1,0,12,44,0,15,0,21,17,0,14
482442,1,1,0,0,0,6,0,25,0,0,14,0
482443,0,1,14,14,14,14,14,14,14,14,14,14
482443,1,1,22,19,0,0,20,0,0,7,0,0
482444,1,1,0,0,0,0,0,0,0,0,0,0
482444,2,1,0,0,0,0,0,0,0,0,0,0
482445,0,1,20,22,9,27,19,0,0,19,7,29
482445,1,1,11,0,0,0,0,0,0,0,0,0
482446,1,1,0,0,0,12,0,0,0,0,0,0
482446,2,1,0,0,5,0,0,0,0,0,0,0
482447,1,1,0,0,0,0,0,0,0,0,0,0
482447,2,1,0,0,0,0,0,39,0,16,0,28
482448,0,1,26,16,21,0,22,16,0,17,19,0
482448,1,1,0,0,0,0,8,8,0,0,13,0
482449,1,1,0,0,0,0,0,0,0,12,0,0
482449,2,1,0,14,0,0,0,0,0,0,0,27
482450,1,1,0,19,0,13,16,0,0,0,0,0
482450,2,1,0,0,0,0,0,0,0,0,0,0
482451,1,1,0,0,0,0,0,0,0,0,0,0
482451,2,1,0,0,0,0,0,0,0,0,0,0
482452,1,1,0,0,0,18,0,0,0,0,12,0
482453,1,1,0,0,0,0,0,0,0,0,0,0
482453,2,1,0,0,0,0,0,22,0,10,0,0
482454,1,1,15,9,14,0,0,27,23,0,0,0
482455,1,1,8,8,8,8,8,8,8,8,8,8
482456,0,1,39,25,0,0,0,0,59,25,0,0
482456,1,1,18,0,17,0,0,0,0,0,14,0
482457,1,1,0,13,28,13,0,0,0,0,0,21
482458,1,1,0,0,0,0,0,0,0,0,0,0
482459,1,1,0,0,0,0,0,0,0,0,0,0
482460,1,1,0,0,7,12,0,0,0,29,33,28
482461,1,1,0,0,0,0,0,0,0,8,0,31
482461,2,1,0,14,0,0,11,0,0,0,0,0
482462,1,1,23,23,23,23,23,23,23,23,23,23
482463,1,1,0,0,0,0,0,0,0,0,0,0
482464,0,1,17,17,17,17,17,17,17,17,17,17
482464,1,1,15,0,9,19,0,0,0,0,16,0
482464,2,1,5,0,0,0,0,0,0,0,0,0
482464,3,1,15,0,0,0,16,21,0,0,23,0
482465,1,1,17,17,17,17,17,17,17,17,17,17
482465,2,1,9,0,0,0,0,0,0,0,11,0
482466,1,1,0,0,0,0,0,0,0,0,0,0
482466,2,1,9,0,2,8,11,18,0,30,0,9
482467,0,1,0,0,0,0,0,0,14,0,0,18
482467,1,1,0,0,0,0,10,0,0,0,0,0
482468,1,1,0,0,0,0,0,0,0,0,0,0
482468,2,1,0,0,0,0,0,0,0,0,0,0
482469,1,1,11,16,0,11,0,30,0,4,0,0
482470,1,1,0,0,0,0,8,0,0,0,4,0
482470,2,1,0,0,0,0,0,0,0,0,4,0
482471,0,1,0,0,14,19,10,40,0,22,13,0
482471,0,2,0,0,10,19,0,31,0,12,31,17
482471,0,3,0,0,25,16,0,19,17,23,18,0
482471,1,1,0,0,3,18,0,0,11,15,11,0
482473,1,1,24,9,0,0,0,0,0,13,0,15
482474,1,1,0,0,18,0,0,0,0,0,0,0
482474,2,1,0,0,0,0,0,0,28,11,0,0
482475,1,1,0,0,0,0,0,0,0,5,0,0
482475,2,1,0,0,0,0,0,0,0,0,0,0
482475,3,1,0,0,0,0,0,0,0,0,0,14
482475,4,1,0,16,0,0,0,0,0,10,0,0
482476,1,1,0,22,0,24,0,0,6,4,0,25
482477,1,1,0,0,0,0,0,0,0,0,0,0
482477,2,1,0,11,0,19,0,0,0,0,0,0
482477,3,1,0,8,0,9,12,0,0,0,0,8
482478,1,1,0,0,0,0,0,0,0,0,0,0
482478,2,1,0,0,0,0,0,0,0,0,0,0
482478,3,1,0,0,0,0,0,0,0,0,0,8
482479,1,1,0,0,20,12,12,0,0,0,15,0
482479,2,1,0,0,0,0,0,0,0,0,0,0
482480,0,1,18,18,18,18,18,18,18,18,18,18
482480,1,1,13,29,21,0,5,0,0,0,0,0
482481,1,1,0,0,0,0,0,0,0,0,0,0
482481,2,1,0,0,0,7,0,0,0,0,0,0
482482,1,1,0,0,0,0,0,0,0,0,0,0
482482,2,1,0,0,0,0,0,0,0,0,0,0
482483,0,1,0,35,0,0,0,0,0,23,0,21
482483,1,1,0,0,0,0,7,0,0,0,0,0
482484,1,1,0,0,0,14,0,0,8,0,23,0
482485,0,1,0,0,0,0,0,0,0,0,0,0
482485,1,1,0,0,0,0,0,16,0,12,0,0
482486,1,1,0,0,0,0,0,0,0,0,0,0
482486,2,1,0,0,0,0,0,0,0,0,10,0
482487,1,1,0,0,0,0,19,0,0,0,0,0
482487,2,1,0,0,10,0,0,0,0,0,0,12
482488,1,1,18,18,18,18,18,18,18,18,18,18
482488,2,1,0,0,0,0,0,0,0,0,0,0
482488,3,1,0,0,6,14,0,0,0,0,0,0
482489,1,1,12,12,12,12,12,12,12,12,12,12
482489,2,1,0,0,0,0,0,0,18,0,0,0
482490,1,1,14,14,14,14,14,14,14,14,14,14
482491,0,1,15,0,7,0,10,0,8,21,8,0
482491,1,1,8,0,20,0,0,0,0,2,0,12
482492,1,1,14,0,21,19,30,27,18,0,0,10
482492,2,1,0,0,0,0,0,0,0,0,0,0
482493,1,1,0,33,0,0,0,8,25,4,0,10
482493,2,1,0,25,9,25,10,16,0,30,5,0
482494,1,1,0,0,9,0,0,0,0,0,0,5
482494,2,1,11,0,0,0,0,0,0,0,25,0
482495,1,1,12,0,0,0,0,0,0,11,15,0
482495,2,1,0,0,21,13,0,18,0,0,0,0
482496,0,1,25,25,25,25,25,25,25,25,25,25
482496,1,1,0,34,0,0,12,0,0,13,0,0
482497,0,1,21,21,21,21,21,21,21,21,21,21
482497,1,1,0,0,7,9,0,0,9,16,17,0
482498,0,1,8,0,0,0,0,29,10,18,25,0
482498,0,2,0,7,14,0,12,32,30,0,0,0
482498,1,1,0,0,13,0,0,0,0,13,0,20
482499,1,1,12,12,12,12,12,12,12,12,12,12
482500,0,1,0,0,0,0,0,0,0,0,0,0
482500,1,1,0,0,11,5,0,13,0,0,0,0
482501,1,1,0,0,0,0,0,0,0,0,0,0
482502,1,1,14,14,14,14,14,14,14,14,14,14
482502,2,1,20,0,0,46,0,22,11,0,9,0
482503,0,1,15,12,0,28,0,17,0,6,36,14
482503,1,1,25,0,0,0,15,0,11,25,8,0
482504,1,1,13,13,13,13,13,13,13,13,13,13
482505,1,1,10,0,0,0,15,0,0,20,0,7
482505,2,1,0,11,0,0,0,0,0,0,0,0
482506,1,1,3,0,12,6,0,0,0,0,13,0
482506,2,1,0,0,0,0,0,19,0,4,0,0
482507,1,1,6,37,8,26,20,17,26,0,15,19
482507,2,1,0,12,27,0,23,5,0,0,8,0
482507,3,1,7,0,0,18,0,21,0,10,0,9
482508,1,3,23,0,0,7,17,19,37,0,7,0
482509,1,1,0,6,0,0,0,22,0,0,0,22
482509,2,1,0,0,0,0,0,0,0,0,0,0
482510,1,1,22,22,22,22,22,22,22,22,22,22
482511,1,1,17,17,17,17,17,17,17,17,17,17
482512,1,1,0,0,0,0,0,14,0,15,0,0
482512,2,1,0,0,19,14,0,0,12,0,9,0
482512,3,1,0,0,15,16,0,18,0,0,0,11
482513,1,1,0,0,0,0,0,0,0,0,0,0
482513,2,1,0,0,0,0,0,0,4,0,0,0
482514,0,1,0,0,0,0,0,0,0,0,0,0
482514,1,1,0,0,0,45,0,0,0,0,0,0
482515,1,1,3,3,3,3,3,3,3,3,3,3
482515,2,1,0,23,0,0,0,0,13,0,16,0
482516,0,1,0,6,0,0,0,19,0,17,9,7
482516,2,1,15,15,15,15,15,15,15,15,15,15
482517,1,1,0,0,12,0,0,0,0,0,0,12
482517,2,1,0,0,0,22,0,16,0,0,0,0
482518,1,1,25,25,25,25,25,25,25,25,25,25
482518,2,1,13,0,0,8,13,0,17,15,0,0
482519,0,1,0,0,39,14,22,25,23,35,0,0
482519,1,1,0,0,0,0,13,11,8,0,0,0
482520,0,1,0,0,0,0,0,0,0,0,0,0
482520,1,1,0,0,14,0,0,0,0,0,0,0
482520,2,1,0,0,0,0,0,0,0,0,10,19
482521,1,1,14,28,32,7,8,10,16,14,6,52
482522,1,1,0,24,0,0,0,0,0,0,0,0
482522,2,1,16,0,0,0,0,0,0,19,37,0
482523,1,1,0,0,0,0,24,0,0,0,0,0
482523,2,1,0,0,0,0,0,0,0,0,0,0
482524,0,1,0,36,0,7,10,0,6,12,5,0
482524,1,1,0,3,19,21,7,0,19,0,16,0
482525,1,1,0,0,0,0,0,0,0,0,0,0
482526,0,1,0,0,0,0,0,0,0,0,0,0
482526,1,1,0,0,12,0,0,0,0,0,0,0
482526,2,1,0,0,0,0,0,0,0,0,0,0
482526,3,1,0,0,0,0,0,0,11,0,0,0
482526,4,1,0,0,0,0,0,0,0,0,0,0
482527,0,1,6,15,19,23,30,0,0,17,0,0
482527,1,1,8,22,0,0,12,11,9,19,0,0
482528,1,1,0,0,0,0,0,0,0,0,0,0
482529,1,1,1,1,1,1,1,1,1,1,1,1
482530,1,1,0,0,0,0,0,0,0,0,0,0
482530,2,1,0,0,0,0,0,0,0,0,0,0
482530,3,1,30,0,0,0,0,16,0,0,29,0
482530,4,1,8,6,0,0,8,0,0,8,0,0
482531,1,1,28,28,28,28,28,28,28,28,28,28
482532,0,1,0,0,0,0,0,0,0,0,0,0
482532,1,1,20,0,0,0,34,0,9,7,7,0
482532,2,1,0,0,26,19,22,24,10,11,8,21
482533,1,1,5,8,8,0,13,0,0,0,8,8
482533,2,1,0,0,0,0,0,0,0,9,0,35
482534,1,1,0,0,0,0,3,0,0,0,0,0
482534,2,1,0,0,24,9,0,0,0,0,0,0
482536,1,1,24,24,24,24,24,24,24,24,24,24
482537,0,1,0,0,0,0,0,16,0,0,49,0
482537,0,2,0,0,0,0,0,36,0,0,30,0
482537,1,1,8,4,13,13,7,19,27,6,13,12
482538,1,1,0,0,0,0,0,0,0,0,0,0
482538,2,1,0,0,0,0,0,0,0,0,0,0
482539,1,1,0,6,12,0,0,14,0,0,4,23
482539,2,1,20,13,0,5,0,0,0,16,13,11
482540,1,1,0,0,0,0,9,0,0,0,0,0
482540,2,1,21,25,24,28,0,0,0,23,25,22
482541,1,1,32,32,32,32,32,32,32,32,32,32
482542,1,1,14,14,14,14,14,14,14,14,14,14
482543,1,1,0,24,0,0,0,0,0,0,0,35
482544,0,1,0,0,0,0,0,0,0,0,0,0
482544,1,1,6,0,0,15,0,34,0,0,7,0
482545,1,1,17,9,0,0,0,0,12,0,17,0
482545,2,1,0,0,0,0,0,0,0,16,0,0
482546,1,1,22,22,22,22,22,22,22,22,22,22
482547,1,1,25,25,25,25,25,25,25,25,25,25
482547,2,1,0,0,0,0,0,0,0,0,0,0
482548,1,1,1,1,1,1,1,1,1,1,1,1
482548,2,1,0,0,0,0,0,0,0,0,0,0
482549,1,1,12,0,19,0,0,19,10,0,16,0
482550,1,1,13,0,0,0,0,0,0,0,16,0
482550,2,1,0,0,0,0,0,0,0,0,0,0
482551,1,1,0,0,0,0,0,0,0,0,0,0
482551,2,1,0,0,0,0,0,0,0,0,0,0
482552,1,1,8,8,8,8,8,8,8,8,8,8
482552,2,1,1,1,1,1,1,1,1,1,1,1
482553,1,1,0,10,0,0,0,0,22,0,0,0
482553,2,1,9,0,14,0,0,0,0,0,13,0
482554,0,1,0,0,21,0,14,0,34,0,0,11
482554,1,1,10,0,0,14,0,7,0,0,0,6
482555,1,1,0,0,0,0,0,0,0,0,0,0
482556,0,1,13,32,56,19,28,21,15,19,17,30
482556,1,1,11,0,0,0,11,14,12,0,14,0
482557,0,1,0,0,24,16,0,21,33,0,8,0
482557,1,1,0,0,0,0,17,0,27,24,13,16
482558,1,1,0,0,0,0,0,0,22,0,0,0
482559,0,1,0,4,0,0,0,0,0,27,0,0
482559,1,1,0,0,0,0,0,0,0,6,0,0
482560,0,1,9,9,9,9,9,9,9,9,9,9
482560,1,1,25,14,11,29,0,8,13,6,11,12
482561,1,1,17,17,17,17,17,17,17,17,17,17
482561,2,1,0,0,0,0,0,0,0,0,0,0
482561,3,1,0,0,0,0,0,0,13,0,0,26
482562,1,1,0,11,0,10,0,6,0,5,0,10
482562,2,1,3,3,3,3,3,3,3,3,3,3
482563,1,1,0,0,0,0,0,0,0,0,0,0
482563,2,1,0,0,0,0,0,0,0,0,0,0
482564,1,1,0,0,0,0,0,0,0,0,0,0
482565,1,1,0,16,0,13,0,0,0,0,29,6
482566,1,1,0,0,0,0,0,0,0,0,0,0
482567,1,1,0,0,0,0,0,0,27,0,0,6
482568,1,1,0,11,0,25,0,0,0,0,0,0
482568,2,1,0,0,0,0,0,0,0,0,0,0
482569,1,1,0,0,0,0,0,0,0,0,0,0
482570,1,1,0,0,0,0,0,0,0,0,0,0
482571,1,1,4,24,0,0,0,6,0,0,0,0
482571,2,1,0,0,0,0,0,0,19,0,25,0
482571,3,1,9,0,0,0,22,0,11,0,13,0
482571,4,1,0,0,0,0,0,0,0,0,0,0
482572,1,1,0,0,31,0,0,16,17,0,0,0
482573,1,1,21,3,21,6,13,19,7,3,5,9
482574,1,1,0,0,0,0,11,0,0,0,0,0
482574,2,1,0,5,0,0,0,0,0,0,0,0
482574,3,1,0,0,0,0,0,0,0,0,0,0
482574,4,1,0,0,0,0,0,0,0,0,0,0
482575,0,1,38,38,38,38,38,38,38,38,38,38
482575,1,1,0,0,0,3,0,0,14,0,0,0
482576,1,1,28,4,0,0,9,0,39,0,10,25
482576,2,1,8,0,14,15,0,0,0,0,0,0
482577,1,1,21,21,21,21,21,21,21,21,21,21
482578,1,1,0,0,0,0,0,0,0,0,0,0
482579,1,1,34,34,34,34,34,34,34,34,34,34
482579,2,1,0,27,0,0,6,9,23,0,6,13
482580,1,1,0,0,21,0,0,0,0,14,0,0
482580,2,1,3,0,0,0,13,0,0,0,0,0
482581,1,1,0,0,0,5,17,0,19,0,24,0
482581,3,1,0,0,11,0,0,0,0,0,0,0
482582,1,1,0,3,0,4,21,0,0,0,0,9
482582,2,1,0,0,11,4,0,0,0,0,31,0
482583,0,1,0,23,0,36,0,14,0,2,28,6
482583,1,1,0,0,0,0,0,0,0,0,0,0
482584,0,1,28,28,28,28,28,28,28,28,28,28
482584,1,1,0,0,0,33,13,0,26,0,0,0
482585,1,1,0,0,37,17,36,0,21,4,0,18
482586,1,1,0,0,0,0,0,0,0,0,0,0
482587,1,1,24,24,24,24,24,24,24,24,24,24
482588,1,1,12,12,12,12,12,12,12,12,12,12
482588,2,1,0,0,0,31,10,5,0,0,0,0
482589,1,1,0,25,0,0,0,0,0,16,0,16
482589,2,1,0,26,23,0,0,0,0,19,0,0
482590,0,1,0,0,0,0,0,0,0,0,0,0
482590,0,2,0,0,0,0,0,0,0,0,0,0
482590,1,1,3,0,0,0,0,0,0,0,0,0
482591,1,1,12,12,12,12,12,12,12,12,12,12
482592,1,1,0,0,0,0,0,0,0,0,0,0
482592,2,1,0,0,0,0,0,0,0,0,0,0
482593,0,1,0,0,0,0,0,0,0,0,0,0
482593,1,1,0,0,10,0,24,0,0,0,14,0
482594,0,1,0,0,0,0,0,0,0,0,18,0
482594,1,1,0,0,0,0,0,0,0,0,0,0
482595,1,1,0,0,0,0,0,0,0,0,0,0
482595,2,1,0,0,0,0,0,0,0,12,0,17
482596,1,1,0,0,0,0,0,0,0,0,0,0
482596,2,1,1,1,1,1,1,1,1,1,1,1
482597,1,1,14,14,14,14,14,14,14,14,14,14
482598,1,1,12,12,12,12,12,12,12,12,12,12
482599,1,1,0,12,0,0,0,0,6,10,12,5
482600,0,1,20,14,7,26,6,16,25,27,40,19
482600,1,1,0,0,0,0,0,15,11,0,0,17
482601,0,1,0,0,0,0,0,26,0,0,0,0
482601,1,1,0,0,0,9,21,0,0,25,0,0
482602,1,1,8,8,8,8,8,8,8,8,8,8
482602,2,1,0,0,0,0,21,0,8,0,9,0
482603,0,1,0,0,0,0,0,0,0,0,0,0
482603,1,1,0,0,0,0,0,0,0,0,0,0
482604,1,1,20,0,0,0,0,0,0,0,35,0