ST_CASE,VEH_NO,PER_NO,P1,P2,P3,P4,P5,P6,P7,P8,P9,P10
482893,0,1,0,0,0,0,0,0,31,0,0,0
482893,1,1,0,0,0,0,0,0,0,0,0,0
482893,2,1,0,0,5,0,0,0,0,0,0,7
482894,0,1,0,21,15,15,3,0,0,0,31,0
482894,0,2,0,0,0,0,0,0,0,0,0,0
482894,1,1,8,12,0,14,0,13,23,10,0,18
482895,1,1,20,0,14,0,0,0,0,3,0,0
482896,1,1,0,0,0,0,0,0,0,15,22,0
482897,1,1,0,0,10,17,0,0,0,0,0,0
482898,1,1,11,11,11,11,11,11,11,11,11,11
482898,2,1,23,23,23,23,23,23,23,23,23,23
482899,1,1,25,25,25,25,25,25,25,25,25,25
482899,2,1,0,0,0,0,0,0,4,0,0,8
482900,1,1,18,18,18,18,18,18,18,18,18,18
482900,2,1,0,0,0,0,0,0,0,0,0,0
482901,1,1,0,0,0,0,16,0,12,6,15,0
482901,2,1,0,24,0,0,0,0,0,0,0,2
482901,3,1,0,0,0,0,0,23,0,0,5,0
482902,0,1,23,28,7,32,32,0,10,19,0,14
482902,1,1,0,0,9,0,25,0,0,0,6,0
482903,1,1,0,0,14,0,0,0,0,0,0,0
482903,2,1,0,0,0,0,0,0,0,0,0,0
482903,3,1,0,0,0,0,35,0,0,0,0,0
482904,1,1,0,0,0,0,0,0,0,0,0,0
482904,2,1,0,0,0,0,0,0,0,0,0,0
482905,0,1,19,19,19,19,19,19,19,19,19,19
482905,1,1,3,3,3,3,3,3,3,3,3,3
482906,1,1,0,0,0,8,13,18,14,0,0,16
482906,2,1,0,0,3,0,0,0,0,0,0,0
482906,3,1,0,15,0,0,8,0,0,8,0,0
482907,1,1,0,0,0,0,18,0,6,0,20,0
482908,1,1,0,0,0,16,0,0,0,15,0,0
482909,1,1,0,0,0,0,0,0,0,0,0,0
482909,2,1,0,9,0,17,23,0,23,4,0,29
482910,1,1,0,0,0,0,0,0,0,0,0,0
482910,2,1,0,0,0,0,0,0,0,0,0,0
482911,1,1,0,0,0,0,0,0,0,0,0,0
482912,0,1,15,0,0,0,26,35,14,25,24,25
482912,1,1,0,0,0,0,0,29,0,0,15,0
482913,1,1,0,0,0,0,0,0,0,0,0,0
482913,2,1,0,0,23,28,14,22,0,0,0,0
482913,3,1,0,0,0,0,0,0,0,0,0,0
482913,4,1,15,24,36,0,0,0,0,0,0,0
482913,5,1,0,0,0,0,0,0,16,0,0,0
482913,6,1,18,0,0,14,18,13,0,0,0,0
482913,7,1,23,0,0,14,0,9,0,0,0,0
482914,1,1,8,0,0,27,0,15,46,0,0,0
482914,2,1,27,14,9,0,0,0,0,0,18,10
482915,1,1,15,15,15,15,15,15,15,15,15,15
482916,1,1,13,13,13,13,13,13,13,13,13,13
482916,2,1,0,0,0,0,17,16,0,0,0,0
482917,0,1,0,22,0,23,0,0,0,0,17,0
482917,1,1,0,15,0,0,0,0,0,0,0,7
482918,1,1,0,0,31,0,0,0,0,0,0,0
482918,2,1,0,0,0,0,0,0,15,15,0,0
482919,1,1,25,25,25,25,25,25,25,25,25,25
482920,1,1,23,23,23,23,23,23,23,23,23,23
482920,2,1,8,0,40,18,0,19,14,21,0,20
482920,3,1,0,0,0,0,0,0,0,0,0,0
482921,1,1,0,0,0,0,0,0,0,0,0,0
482922,1,1,17,17,17,17,17,17,17,17,17,17
482922,2,1,9,0,0,0,0,19,0,17,14,0
482923,0,1,36,0,13,7,0,29,15,0,0,3
482923,1,1,0,0,18,0,0,0,0,36,0,0
482924,1,1,0,0,0,0,0,0,0,0,0,0
482924,2,1,0,0,0,0,0,0,0,0,0,0
482925,1,1,7,17,6,21,12,8,4,13,3,14
482925,2,1,13,18,32,20,0,0,10,0,0,19
482926,1,1,0,0,0,0,0,0,0,13,0,17
482927,1,1,8,33,0,0,7,0,8,8,22,16
482928,1,1,2,0,0,0,0,0,6,0,0,0
482928,2,1,0,20,0,0,0,11,0,0,0,0
482929,1,1,18,18,18,18,18,18,18,18,18,18
482930,1,1,0,0,0,0,0,0,0,0,0,23
482930,2,1,18,18,18,18,18,18,18,18,18,18
482931,0,1,18,18,18,18,18,18,18,18,18,18
482931,1,1,2,2,2,2,2,2,2,2,2,2
482932,1,1,0,10,23,0,0,19,0,9,25,0
482933,1,1,0,2,0,0,0,0,0,11,0,0
482933,2,1,23,0,0,0,0,0,0,4,23,7
482934,1,1,0,0,36,28,0,0,0,0,0,18
482935,1,1,8,8,8,8,8,8,8,8,8,8
482936,0,1,14,31,0,18,0,26,27,0,0,0
482936,1,1,0,17,0,14,0,22,0,0,0,0
482937,1,1,0,0,0,0,0,0,0,0,0,0
482937,2,1,0,0,11,4,0,0,0,0,0,0
482937,3,1,0,0,0,0,0,0,45,0,0,0
482938,0,1,0,26,0,11,8,27,0,6,0,28
482938,1,1,14,0,15,0,11,0,8,18,0,29
482939,1,1,0,0,0,0,0,0,0,0,0,12
482939,2,1,0,0,0,0,0,0,0,0,0,0
482940,1,1,8,0,0,0,0,0,0,15,0,0
482940,2,1,0,0,0,0,0,0,0,0,0,0
482940,3,1,0,0,0,0,0,0,0,0,14,0
482941,1,1,18,18,18,18,18,18,18,18,18,18
482941,2,1,0,13,4,0,0,4,0,0,0,0
482942,1,1,0,0,0,8,0,0,0,0,0,0
482943,0,1,0,0,0,0,0,0,0,0,0,0
482943,1,1,22,22,22,22,22,22,22,22,22,22
482944,1,1,0,0,0,0,0,0,0,6,13,0
482944,2,1,0,0,3,0,2,0,0,0,0,0
482945,1,1,12,12,12,12,12,12,12,12,12,12
482945,2,1,0,0,0,0,0,0,0,0,0,0
482946,1,1,25,25,25,25,25,25,25,25,25,25
482947,1,1,0,0,0,0,0,0,0,0,0,0
482949,1,1,10,22,0,0,0,21,0,21,0,0
482949,2,1,0,0,19,0,0,14,30,0,0,0
482950,1,1,18,0,0,0,0,0,17,27,8,0
482950,2,1,0,0,21,0,0,12,31,0,0,47
482951,0,1,0,0,0,0,0,0,0,0,20,17
482951,1,1,0,0,0,0,0,0,20,6,0,0
482952,0,1,0,0,0,0,0,0,0,0,0,14
482952,1,1,0,22,18,0,0,0,0,0,0,8
482953,1,1,14,15,0,0,0,0,5,24,11,20
482953,2,1,15,28,0,23,13,0,0,20,34,0
482954,1,1,25,25,25,25,25,25,25,25,25,25
482955,1,1,0,0,0,0,0,0,0,0,0,0
482955,2,1,0,0,0,7,34,0,0,24,12,3
482956,1,1,0,0,0,0,0,0,0,0,0,0
482956,2,1,0,0,0,0,0,0,0,0,0,0
482957,1,1,0,19,0,0,34,0,43,0,0,0
482958,1,1,0,0,0,0,0,0,0,0,0,0
482958,2,1,21,18,9,25,0,22,9,0,0,11
482959,1,1,17,21,25,13,0,33,23,22,14,6
482960,1,1,28,0,0,0,0,0,0,0,0,0
482960,2,1,0,0,0,0,6,0,0,0,21,21
482961,1,1,0,0,0,0,0,0,0,0,0,0
482961,2,1,5,5,5,5,5,5,5,5,5,5
482963,0,1,0,0,0,0,0,0,0,0,0,0
482963,1,1,0,0,0,9,20,0,0,19,0,15
482964,1,1,0,0,0,0,17,0,26,0,23,0
482965,1,1,21,21,21,21,21,21,21,21,21,21
482966,1,1,0,0,17,0,27,18,0,17,0,0
482967,1,1,0,0,0,0,0,0,0,0,0,0
482967,2,1,0,21,16,0,0,0,0,0,0,0
482967,3,1,0,0,0,0,0,23,0,0,0,0
482968,1,1,18,18,18,18,18,18,18,18,18,18
482969,1,1,0,11,0,0,0,0,0,0,0,0
482970,1,1,14,0,0,0,9,0,0,0,0,0
482970,2,1,0,0,0,0,0,0,0,0,26,0
482971,0,1,0,11,17,0,37,0,0,0,0,0
482971,1,1,0,0,0,0,16,0,0,0,0,0
482972,0,1,8,14,0,0,32,41,19,6,0,0
482972,1,1,0,0,0,6,0,0,28,7,0,0
482973,1,1,0,9,0,28,5,0,0,10,0,17
482973,2,1,13,13,13,13,13,13,13,13,13,13
482974,1,1,24,24,24,24,24,24,24,24,24,24
482975,1,1,0,0,0,0,11,0,15,21,15,33
482976,1,1,0,0,0,0,0,0,0,0,0,0
482976,2,1,0,0,0,0,0,0,0,0,0,0
482976,3,1,0,0,0,21,0,0,0,0,0,0
482976,4,1,0,0,10,0,0,0,0,0,0,0
482976,5,1,0,0,0,0,0,0,0,0,0,0
482977,1,1,0,0,0,0,22,0,0,0,20,0
482978,1,1,0,0,0,0,0,0,0,0,0,0
482978,2,1,0,0,0,0,0,0,0,0,0,0
482979,0,1,0,0,0,0,0,0,0,21,0,26
482979,1,1,15,0,0,0,0,0,0,0,0,0
482980,1,1,7,7,7,7,7,7,7,7,7,7
482980,2,1,0,0,0,0,0,0,16,0,0,10
482980,3,1,26,0,0,0,8,0,0,0,0,22
482980,4,1,4,0,0,0,0,0,0,6,2,0
482981,0,1,0,0,0,0,0,0,0,0,0,0
482981,1,1,22,0,22,0,0,9,0,0,0,17
482982,0,1,0,0,0,0,0,0,0,0,7,0
482982,1,1,9,0,12,0,15,0,0,0,11,0
482982,2,1,0,15,0,12,0,16,13,0,23,0
482983,0,1,0,15,0,0,27,9,0,13,36,44
482983,1,1,0,0,0,0,0,0,0,6,0,15
482984,1,1,0,0,0,0,0,0,0,0,0,0
482984,2,1,8,0,0,14,18,16,11,0,0,19
482985,1,1,23,17,0,0,0,0,0,0,0,9
482986,0,1,0,0,30,9,0,0,0,12,0,10
482986,1,1,0,0,11,19,0,0,0,10,0,18
482987,1,1,0,0,0,0,0,0,0,0,0,0
482987,2,1,0,0,0,22,0,0,0,0,0,10
482989,1,1,3,0,21,10,6,0,13,0,0,0
482990,1,1,11,0,0,5,7,10,17,11,19,31
482990,2,1,15,0,0,0,15,0,0,0,27,0
482991,0,1,0,0,0,0,0,0,0,0,0,0
482991,1,1,13,13,13,13,13,13,13,13,13,13
482992,1,1,20,20,20,20,20,20,20,20,20,20
482993,1,1,0,0,0,5,12,0,0,0,0,0
482994,1,1,19,19,19,19,19,19,19,19,19,19
482995,1,1,0,0,0,0,0,0,0,0,0,0
482995,2,1,0,0,0,0,0,0,0,0,0,0
482996,1,1,0,0,0,0,0,0,0,0,0,0
482996,2,1,9,0,17,0,10,22,18,27,16,0
482997,1,1,0,0,0,0,29,0,0,13,0,18
482997,2,1,0,0,0,0,5,0,0,0,0,0
482998,1,1,10,10,10,10,10,10,10,10,10,10
482998,2,1,6,18,28,0,0,22,0,20,20,0
482999,1,1,0,0,0,0,12,13,13,0,10,0
482999,2,1,0,0,0,0,2,0,0,0,0,0
483000,1,1,18,18,18,18,18,18,18,18,18,18
483001,1,1,0,0,0,0,21,0,0,0,0,0
483001,2,1,0,0,0,0,0,25,0,0,0,0
483001,3,1,0,11,0,0,0,0,0,0,0,14
483002,1,1,0,0,0,0,0,0,0,0,0,0
483003,0,1,0,0,0,0,0,0,0,0,0,0
483003,1,1,19,0,0,0,22,0,0,17,0,11
483004,0,1,0,0,0,0,0,29,0,0,0,0
483004,1,1,0,0,0,21,0,0,0,0,0,0
483005,1,1,0,8,0,0,24,0,0,0,0,0
483006,0,1,40,0,26,0,35,0,0,0,6,0
483006,0,2,0,24,9,7,40,0,0,0,5,19
483006,1,1,11,0,0,12,0,11,0,27,12,0
483007,1,1,0,0,0,0,0,0,0,0,0,0
483007,2,1,0,0,0,0,0,0,0,0,0,0
483008,1,1,6,0,34,0,0,16,0,0,0,0
483009,1,1,15,0,0,0,0,0,0,0,0,0
483010,0,1,2,2,2,2,2,2,2,2,2,2
483010,1,1,0,0,14,24,0,0,13,22,14,0
483011,1,1,0,5,9,7,0,15,0,17,0,8
483011,2,1,0,0,0,0,0,0,0,0,0,0
483011,3,1,0,0,0,0,0,0,0,15,12,0
483011,4,1,0,0,0,0,0,0,0,0,0,0
483011,5,1,0,0,0,0,14,0,9,0,0,19
483011,6,1,0,0,0,0,7,0,15,0,0,0
483012,1,1,1,1,1,1,1,1,1,1,1,1
483012,2,1,0,0,0,0,0,0,0,0,0,1
483013,1,1,0,0,0,0,0,0,0,0,0,0
483013,2,1,0,16,0,0,0,0,0,0,11,0
483013,3,1,0,0,0,0,0,0,0,0,0,0
483014,1,1,0,0,0,0,0,0,0,0,0,0
483015,1,1,8,8,8,8,8,8,8,8,8,8
483016,0,1,33,0,0,0,0,0,34,0,0,5
483016,1,1,0,13,0,0,15,0,13,24,18,0
483017,1,1,0,0,0,0,0,0,0,0,0,0
483017,2,1,0,0,0,0,0,0,0,0,0,0
483018,1,1,0,0,0,0,0,0,0,0,0,0
483018,2,1,7,0,0,12,0,0,11,9,30,0
483019,1,1,0,0,10,11,5,0,20,33,17,0
483020,1,1,0,0,0,0,0,0,0,0,0,0
483022,1,1,5,5,5,5,5,5,5,5,5,5
483022,2,1,0,0,0,0,0,0,0,0,0,0
483023,0,1,0,0,0,0,0,0,0,0,0,0
483023,1,1,0,12,0,0,0,0,0,0,17,0
483024,1,1,0,0,0,5,0,0,0,0,23,0
483025,0,1,16,0,0,0,36,0,0,0,0,0
483025,1,1,0,6,0,0,20,0,0,19,0,0
483025,3,1,0,34,19,0,22,20,18,0,0,0
483026,1,1,0,0,0,0,0,25,0,0,0,0
483026,2,1,0,0,0,0,0,0,0,0,0,0
483027,1,1,28,28,28,28,28,28,28,28,28,28
483028,1,1,10,0,31,0,0,0,0,0,26,0
483028,2,1,0,0,0,13,0,0,0,0,0,0
483028,3,1,0,0,16,0,25,0,0,0,0,11
483028,4,1,7,0,10,7,0,0,27,0,0,0
483029,1,1,0,0,0,0,0,0,0,0,0,0
483030,1,1,0,0,0,0,0,0,0,0,0,0
483031,1,1,0,0,0,0,0,0,0,0,0,0
483031,2,1,0,0,0,0,0,0,0,0,0,0
483032,1,1,0,0,0,0,0,0,0,0,0,0
483033,1,1,4,4,4,4,4,4,4,4,4,4
483034,1,1,0,0,9,0,0,0,0,21,0,0
483034,2,1,23,0,21,0,0,0,0,0,0,0
483036,1,1,14,17,27,5,0,0,0,15,14,0
483037,1,1,0,0,0,0,0,0,0,0,0,0
483038,1,1,0,0,0,0,4,0,0,0,0,0
483039,1,1,10,14,0,13,0,0,0,0,0,0
483039,2,1,0,5,0,0,0,0,0,21,12,0
483040,1,1,22,22,22,22,22,22,22,22,22,22
483040,2,1,0,0,0,0,0,0,0,0,0,0
483041,0,1,0,16,17,11,0,15,0,11,25,14
483041,1,1,0,0,0,0,0,0,0,0,0,11
483042,1,1,0,0,7,18,0,0,29,0,0,0
483042,2,1,15,12,0,0,20,0,0,5,16,6
483043,0,1,0,13,6,0,11,0,0,0,13,24
483043,1,1,0,0,0,0,0,0,0,0,0,0
483044,1,1,18,0,0,0,0,7,9,0,0,0
483045,1,1,19,19,19,19,19,19,19,19,19,19
483046,1,1,0,0,0,0,0,0,0,0,0,0
483047,1,1,25,25,25,25,25,25,25,25,25,25
483048,0,1,0,0,0,0,0,0,0,0,0,0
483048,1,1,0,0,0,0,0,0,0,0,0,0
483049,1,1,0,0,0,0,0,0,0,0,0,0
483049,2,1,0,0,0,0,0,0,0,0,0,0
483050,1,1,13,8,22,0,0,0,10,0,11,0
483050,2,1,0,0,0,0,0,0,0,0,0,0
483051,1,1,0,0,0,0,0,0,0,0,22,0
483051,2,1,0,0,0,0,0,0,0,0,0,0
483052,0,1,15,0,0,0,15,0,0,0,0,0
483052,1,1,0,0,14,0,7,0,0,0,0,0
483053,1,1,0,0,0,0,0,0,0,0,0,9
483054,1,1,17,17,17,17,17,17,17,17,17,17
483055,1,1,0,0,6,0,0,0,0,4,0,0
483055,2,1,0,0,0,0,0,0,0,0,0,14
483056,1,1,11,11,11,11,11,11,11,11,11,11
483057,1,1,0,0,0,0,0,0,0,0,0,0
483057,2,1,0,0,0,0,0,0,0,0,0,0
483058,1,1,0,0,0,0,0,0,0,0,0,0
483059,0,1,28,0,16,0,0,7,0,24,0,0
483059,1,1,21,0,0,0,0,16,0,0,0,11
483060,1,1,0,0,0,11,0,0,0,0,0,0
483060,2,1,0,0,0,0,0,0,0,0,0,0
483061,1,1,0,0,0,0,7,0,0,8,0,0
483062,1,1,0,0,0,13,0,0,0,0,0,0
483062,2,1,0,0,0,0,0,0,0,0,0,0
483062,3,1,0,0,14,0,0,0,0,0,20,0
483063,1,1,27,0,0,8,0,27,0,0,6,0
483064,1,1,24,24,24,24,24,24,24,24,24,24
483065,0,1,16,16,16,16,16,16,16,16,16,16
483065,1,1,0,0,22,9,0,0,11,25,8,10
483066,1,1,0,0,0,0,0,0,0,0,0,0
483066,2,1,0,0,0,0,0,0,0,0,0,0
483066,3,1,0,0,0,0,0,0,0,0,3,0
483067,0,1,18,0,0,21,22,0,0,0,0,30
483067,1,1,0,0,0,10,0,0,0,0,0,0
483067,2,1,0,0,0,0,0,0,0,0,0,0
483068,0,1,0,0,0,0,0,0,0,0,0,0
483068,1,1,14,0,0,5,0,0,0,19,22,12
483069,1,1,24,21,5,13,27,22,13,21,26,27
483069,2,1,0,0,0,0,0,0,0,0,0,0
483070,1,1,0,26,0,0,0,0,0,0,0,0
483071,1,1,23,23,23,23,23,23,23,23,23,23
483072,1,1,19,19,19,19,19,19,19,19,19,19
483072,2,1,0,0,0,0,0,0,0,0,0,0
483073,1,1,0,0,0,0,0,0,0,0,0,0
483074,0,1,0,0,0,0,0,0,0,0,0,0
483074,1,1,16,18,0,13,0,0,0,0,9,0
483075,0,1,0,0,0,0,0,0,0,0,0,0
483075,1,1,0,0,0,0,0,0,0,0,0,0
483076,1,1,0,0,0,0,10,0,0,0,0,0
483077,1,1,0,0,0,0,0,0,0,0,0,0
483077,2,1,10,0,0,6,0,0,12,0,0,0
483078,1,1,12,5,0,11,0,11,12,0,0,8
483079,0,1,0,0,0,0,0,0,21,22,0,0
483079,1,1,0,0,0,0,0,4,0,0,0,0
483080,0,1,0,0,0,0,19,0,0,0,0,10
483080,1,1,0,0,4,0,0,0,0,0,0,0
483081,1,1,0,20,0,13,16,15,17,0,10,19
483082,1,1,0,0,0,0,0,0,0,0,0,0
483082,2,1,0,0,0,0,0,0,0,0,0,0
483083,1,1,0,0,0,15,0,0,0,27,0,23
483083,2,1,0,0,0,0,0,0,0,0,0,0
483084,1,1,0,14,13,11,11,19,0,0,28,54
483084,2,1,0,0,10,0,0,2,0,0,0,0
483085,1,1,17,17,17,17,17,17,17,17,17,17
483086,1,1,14,0,16,3,0,0,0,0,0,0
483087,0,1,27,0,0,19,31,0,0,0,30,0
483087,1,1,0,0,0,23,0,0,0,0,19,0
483088,1,1,20,20,20,20,20,20,20,20,20,20
483089,1,1,16,16,22,0,0,0,0,17,0,22
483089,2,1,11,0,18,13,16,0,26,10,0,0
483090,1,1,13,13,13,13,13,13,13,13,13,13
483091,0,1,0,25,19,5,0,15,17,0,0,0
483091,1,1,7,0,0,0,0,0,0,0,0,0
483092,0,1,8,8,8,8,8,8,8,8,8,8
483092,1,1,9,9,9,9,9,9,9,9,9,9
483093,0,1,0,0,0,0,0,0,0,0,0,0
483093,1,1,0,17,0,17,14,8,0,0,12,0
483094,1,1,0,0,0,0,0,0,0,0,0,0
483094,2,1,0,7,0,0,5,0,0,0,0,0
483095,1,1,0,0,13,0,0,0,0,0,0,0
483095,2,1,0,0,17,0,0,0,15,0,0,3
483096,0,1,0,0,16,0,0,23,0,0,9,0
483096,1,1,0,17,6,9,12,0,0,0,0,12
483097,0,1,28,0,0,0,0,2,0,3,7,0
483097,1,1,0,0,0,0,10,16,16,12,0,0
483098,1,1,0,11,0,0,0,20,0,0,13,0
483099,1,1,27,27,27,27,27,27,27,27,27,27
483100,1,1,4,4,4,4,4,4,4,4,4,4
483101,1,1,17,17,17,17,17,17,17,17,17,17
483102,1,1,18,18,18,18,18,18,18,18,18,18
483103,1,1,18,18,18,18,18,18,18,18,18,18
483103,2,1,12,16,22,0,0,0,0,0,0,6
483104,0,1,25,25,25,25,25,25,25,25,25,25
483104,1,1,10,7,0,10,0,0,0,11,0,17
483105,1,1,10,0,0,22,0,0,11,16,12,0
483106,1,1,1,1,1,1,1,1,1,1,1,1
483107,1,1,12,12,12,12,12,12,12,12,12,12
483108,1,1,0,0,0,0,0,0,0,0,0,0
483109,1,1,9,9,9,9,9,9,9,9,9,9
483110,1,1,0,0,0,0,0,0,0,0,15,12
483110,2,1,0,13,0,0,13,0,0,0,6,18
483111,0,1,0,0,0,0,0,0,0,0,0,0
483111,1,1,0,22,0,16,0,0,0,9,0,8
483112,1,1,18,18,18,18,18,18,18,18,18,18
483112,2,1,11,11,11,11,11,11,11,11,11,11
483113,1,1,37,0,0,0,26,21,6,0,9,0
483114,1,1,0,12,0,0,0,0,0,0,0,0
483115,1,1,4,4,4,4,4,4,4,4,4,4
483115,2,1,0,0,0,0,0,0,0,0,0,0
483116,1,1,35,35,35,35,35,35,35,35,35,35
483116,2,1,0,0,0,0,0,0,0,0,0,0
483117,1,1,0,0,0,0,0,0,0,0,0,0
483118,1,1,15,0,8,10,38,16,7,10,10,13
483119,0,1,0,0,0,4,0,0,0,0,22,0
483119,1,1,6,23,0,0,0,0,0,0,6,20
483120,1,1,16,16,16,16,16,16,16,16,16,16
483121,1,1,0,0,0,0,0,0,13,0,25,0
483122,1,1,1,1,1,1,1,1,1,1,1,1
483123,0,1,0,0,0,0,42,0,0,0,9,0
483123,1,1,0,0,0,0,0,0,0,12,0,12
483125,1,1,8,0,0,0,0,0,0,0,0,0
483125,2,1,0,0,11,0,7,0,0,10,0,9
483126,0,1,0,0,0,0,0,0,0,0,0,0
483126,1,1,0,0,0,0,0,0,0,0,0,0
483127,1,1,0,0,0,0,0,0,0,0,0,0
483127,2,1,0,0,0,0,0,0,7,0,0,0
483128,1,1,0,0,0,15,0,0,0,0,0,0
483129,0,1,34,34,34,34,34,34,34,34,34,34
483129,1,1,13,0,0,0,18,0,0,0,16,0
483130,1,1,0,0,0,7,0,0,0,0,0,0
483130,2,1,0,0,0,13,0,4,0,10,0,0
483131,1,1,2,2,2,2,2,2,2,2,2,2
483132,1,1,0,0,0,0,0,0,0,0,0,0
483132,2,1,0,18,0,23,0,0,0,0,4,0
483132,3,1,0,0,0,11,0,32,0,0,0,38
483133,0,1,0,0,0,0,0,0,0,0,0,0
483133,1,1,0,0,22,0,0,0,0,0,0,0
483134,1,1,0,0,22,0,0,0,13,0,0,27
483135,0,1,31,31,31,31,31,31,31,31,31,31
483135,1,1,12,12,12,12,12,12,12,12,12,12
483136,1,1,0,0,0,0,12,0,19,0,0,0
483136,2,1,0,0,0,0,0,0,0,0,0,0
483137,1,1,0,0,0,0,0,0,0,21,0,0
483138,1,1,0,0,0,0,0,0,0,0,0,20
483139,1,1,10,0,0,0,0,0,15,0,0,42
483139,2,1,0,0,0,0,0,15,0,0,0,0
483139,3,1,8,0,12,0,0,0,0,0,0,0
483140,1,1,3,23,0,0,0,0,0,0,0,23
483141,1,1,0,0,0,0,0,0,0,0,0,0
483141,2,1,0,0,0,0,0,22,0,0,0,0
483142,1,1,0,0,7,0,0,0,0,0,0,0
483142,2,1,0,29,0,0,0,0,0,19,0,0
483142,3,1,0,0,13,0,23,0,14,14,0,0
483143,0,1,22,22,22,22,22,22,22,22,22,22
483143,1,1,16,16,16,16,16,16,16,16,16,16
483143,2,1,6,0,0,0,15,0,15,11,9,0
483144,1,1,0,0,0,0,0,0,0,0,0,0
483144,2,1,0,0,0,24,0,0,0,0,0,0
483145,1,1,0,0,0,0,0,0,0,0,0,0
483145,2,1,0,13,0,0,0,0,0,0,0,0
483146,1,1,0,18,0,0,0,0,22,0,0,0
483147,1,1,20,20,20,20,20,20,20,20,20,20
483147,2,1,0,0,0,0,0,0,0,0,0,0
483148,1,1,0,0,0,0,0,0,0,0,0,0
483149,1,1,0,0,0,0,0,0,8,0,0,0
483149,2,1,0,19,11,0,0,0,16,0,0,0
483150,0,1,9,33,20,14,47,0,28,16,0,0
483150,1,1,19,0,0,12,0,0,16,23,0,22
483151,1,1,0,0,0,0,0,0,0,0,0,0
483151,2,1,15,0,0,0,0,0,0,0,0,0
483151,3,1,4,0,0,0,0,0,8,0,0,0
483151,4,1,0,0,0,0,7,0,0,0,0,0
483152,0,1,8,8,8,8,8,8,8,8,8,8
483152,1,1,17,5,17,6,0,15,0,0,11,0
483153,1,1,0,0,0,0,0,0,0,0,0,0
483153,2,1,0,0,0,6,0,0,0,0,0,19
483154,0,1,11,35,0,0,0,34,0,0,0,0
483154,1,1,6,0,0,0,0,0,23,0,0,24
483155,1,1,9,25,0,0,0,11,0,0,0,0
483155,2,1,0,12,6,0,0,0,0,0,0,13
483156,1,1,0,0,0,0,0,0,0,0,0,0
483157,1,1,0,19,0,0,0,0,14,26,0,17
483157,2,1,0,15,2,0,0,0,0,19,0,0
483158,1,1,0,0,0,0,14,10,0,0,0,0
483159,1,1,11,11,9,17,14,15,17,9,16,12
483159,2,1,0,0,0,0,0,0,0,0,0,0
483160,1,1,0,0,0,0,0,12,0,0,14,20
483161,1,1,22,22,22,22,22,22,22,22,22,22
483162,1,1,16,16,16,16,16,16,16,16,16,16
483162,2,1,0,21,0,14,0,0,34,0,0,4
483163,0,1,12,10,13,0,0,0,0,6,16,0
483163,1,1,10,32,0,5,5,13,0,0,17,2
483164,1,1,0,0,0,0,1,0,0,18,0,0
483164,2,1,0,0,0,0,0,0,0,0,0,0
483165,1,1,9,0,0,0,0,0,0,0,0,0
483165,2,1,0,0,0,0,0,27,0,0,0,9
483166,1,1,15,15,15,15,15,15,15,15,15,15
483166,2,1,3,0,0,0,0,0,0,0,14,0
483167,1,1,0,0,0,0,0,0,0,0,0,0
483167,2,1,14,12,0,17,0,0,20,0,0,0
483167,3,1,12,0,8,0,0,0,0,0,0,0
483168,1,1,0,0,0,0,0,0,0,0,0,0
483169,1,1,0,14,14,21,0,4,0,0,0,0
483170,1,1,0,0,0,0,0,0,0,0,0,0
483170,2,1,0,0,0,0,5,0,0,0,24,0
483171,1,1,0,0,0,0,0,0,0,0,0,0
483171,2,1,0,0,0,0,2,0,0,0,0,0
483172,1,1,0,0,0,0,0,0,0,0,0,0
483172,2,1,0,0,0,0,0,0,0,0,0,0
483174,0,1,1,1,1,1,1,1,1,1,1,1
483174,1,1,0,0,0,42,0,0,0,0,0,23
483174,2,1,12,0,0,0,0,0,0,0,0,0
483175,1,1,15,0,24,15,0,0,19,0,19,29
483176,0,1,8,27,12,15,11,37,0,14,28,3
483176,1,1,0,0,0,21,17,0,0,0,12,0
483177,1,1,0,0,0,0,0,0,6,0,0,0
483177,2,1,0,0,0,0,0,22,0,0,0,0
483178,0,1,0,0,4,0,7,51,11,20,0,22
483178,1,1,22,0,0,0,0,0,28,0,0,0
483179,1,1,0,0,0,22,0,0,0,0,0,0
483179,2,1,0,0,0,0,0,0,0,0,0,0
483180,0,1,0,0,0,0,0,0,17,0,28,0
483180,1,1,7,0,19,0,0,0,14,0,0,7
483181,0,1,31,20,0,21,23,0,0,33,0,13
483181,1,1,0,0,0,0,0,0,11,0,0,9
483182,1,1,18,18,18,18,18,18,18,18,18,18
483183,1,1,24,24,24,24,24,24,24,24,24,24