ST_CASE,VEH_NO,PER_NO,P1,P2,P3,P4,P5,P6,P7,P8,P9,P10
483183,2,1,6,0,20,0,0,0,0,0,3,0
483184,0,1,12,3,30,0,13,0,0,30,0,9
483184,1,1,24,18,18,0,19,0,0,0,0,0
483184,2,1,0,0,0,0,0,0,9,37,0,24
483184,3,1,6,6,0,0,17,14,34,13,11,0
483185,0,1,0,37,19,0,40,0,0,0,0,12
483185,0,2,0,0,11,0,18,0,0,15,0,0
483185,1,1,7,7,0,0,16,17,10,12,0,0
483186,0,1,0,0,16,14,15,43,0,14,34,15
483186,1,1,0,16,0,0,0,3,0,0,12,0
483187,1,1,22,22,22,22,22,22,22,22,22,22
483188,0,1,0,0,0,0,0,0,0,0,0,0
483188,1,1,0,7,0,0,0,0,0,0,0,26
483189,1,1,0,0,0,0,0,0,0,0,0,0
483189,2,1,2,0,7,0,0,0,0,0,0,0
483190,1,1,12,0,0,0,0,0,0,0,0,0
483190,2,1,13,0,0,0,0,0,0,0,0,0
483190,3,1,0,0,0,10,0,0,0,0,0,0
483191,1,1,36,0,8,0,34,0,9,0,0,16
483192,0,1,0,41,24,31,17,0,0,6,23,0
483192,1,1,0,0,15,0,0,0,0,0,0,0
483193,1,1,13,40,17,0,9,16,8,4,9,17
483194,1,1,20,20,20,20,20,20,20,20,20,20
483194,2,1,0,0,0,0,0,0,0,0,0,0
483195,0,1,0,0,0,0,0,0,0,0,0,23
483195,1,1,0,0,0,0,0,0,0,0,6,0
483196,0,1,0,7,14,30,0,0,0,0,20,0
483196,1,1,16,15,0,27,24,0,9,9,6,0
483196,2,1,14,0,20,0,17,0,21,0,12,0
483197,1,1,22,22,22,22,22,22,22,22,22,22
483197,2,1,0,0,0,0,0,0,0,0,0,0
483198,0,1,20,26,0,26,0,0,27,0,24,0
483198,1,1,0,4,0,0,0,0,14,0,0,0
483199,1,1,0,0,0,0,10,6,0,0,0,7
483199,2,1,0,0,26,0,0,6,0,10,8,0
483200,1,1,0,3,0,0,0,0,0,0,4,0
483200,2,1,0,0,0,0,0,0,0,0,0,0
483201,1,1,0,0,0,0,0,0,0,0,0,0
483202,1,1,0,0,0,0,0,33,0,0,0,0
483203,1,1,8,8,8,8,8,8,8,8,8,8
483204,1,1,0,0,0,0,0,0,0,11,0,0
483204,2,1,12,19,0,0,0,0,0,0,0,0
483205,0,1,26,0,46,0,0,0,0,27,7,0
483205,1,1,0,0,27,7,0,0,4,0,3,0
483205,2,1,0,3,7,4,0,0,0,0,0,0
483206,1,1,12,12,12,12,12,12,12,12,12,12
483206,2,1,0,0,0,0,0,0,0,0,0,0
483206,3,1,0,0,10,0,0,0,0,0,16,6
483206,4,1,12,0,0,0,0,0,0,0,0,0
483207,1,1,0,0,0,37,0,2,0,0,0,0
483207,2,1,2,0,0,0,6,0,0,0,0,0
483208,1,1,0,0,0,0,0,0,0,0,0,0
483208,2,1,0,0,0,0,0,7,0,0,0,0
483208,3,1,0,0,0,0,0,0,0,0,0,0
483209,1,1,28,28,28,28,28,28,28,28,28,28
483210,1,1,0,0,0,14,12,9,0,0,13,0
483210,2,1,17,9,0,0,19,20,0,0,0,0
483211,0,1,16,16,16,16,16,16,16,16,16,16
483211,1,1,26,10,0,0,0,30,0,25,0,0
483212,1,1,0,0,35,0,13,0,0,0,0,16
483212,2,1,9,13,0,21,8,17,0,0,0,0
483212,3,1,10,0,23,15,0,12,0,0,28,15
483212,4,1,23,0,0,0,0,9,0,8,0,13
483213,1,1,29,29,29,29,29,29,29,29,29,29
483214,1,1,32,32,32,32,32,32,32,32,32,32
483215,1,1,0,0,0,17,0,0,7,0,0,0
483216,1,1,9,9,9,9,9,9,9,9,9,9
483217,1,1,24,0,0,0,0,0,0,0,0,0
483217,2,1,5,0,13,0,0,0,0,0,0,10
483218,1,1,0,0,0,0,0,0,0,0,0,0
483218,2,1,6,0,0,0,0,17,0,0,0,0
483219,1,1,24,24,24,24,24,24,24,24,24,24
483220,1,1,19,29,2,19,16,34,0,19,11,13
483221,1,1,10,0,20,21,0,0,0,0,0,0
483221,2,1,0,13,13,0,11,0,6,19,5,11
483222,1,1,13,14,0,0,0,21,0,16,19,0
483223,1,1,0,0,0,0,0,0,0,0,0,0
483223,2,1,0,0,0,0,0,0,0,0,0,0
483223,3,1,0,0,0,0,0,0,0,0,0,0
483224,1,1,0,0,0,0,0,0,0,0,0,0
483224,2,1,0,0,0,0,0,0,0,0,6,0
483225,1,1,19,19,19,19,19,19,19,19,19,19
483225,2,1,0,0,0,0,0,0,0,0,0,0
483226,1,1,21,21,21,21,21,21,21,21,21,21
483227,1,1,0,0,8,0,0,0,0,0,0,0
483227,2,1,0,0,0,21,0,0,0,21,0,0
483228,1,1,21,21,21,21,21,21,21,21,21,21
483229,1,1,0,0,16,0,0,0,22,0,0,0
483230,1,1,17,17,17,17,17,17,17,17,17,17
483230,2,1,0,18,0,15,0,0,0,0,0,10
483231,1,1,15,0,0,0,0,12,23,0,0,0
483231,2,1,0,0,10,0,0,0,10,0,0,9
483232,1,1,0,0,0,0,0,0,0,0,0,0
483232,2,1,0,0,0,0,0,0,0,0,0,0
483233,0,1,0,0,14,0,0,0,0,0,18,0
483233,1,1,0,0,0,0,0,0,0,0,0,0
483234,1,1,10,22,5,10,0,8,0,16,11,0
483234,2,1,0,12,17,0,10,0,18,0,14,0
483235,1,1,0,0,0,0,0,12,0,0,0,0
483235,2,1,0,12,36,30,17,0,0,0,0,0
483236,0,1,32,32,32,32,32,32,32,32,32,32
483236,1,1,16,0,0,0,0,8,0,0,0,26
483237,0,1,0,0,24,9,0,0,30,0,0,0
483237,0,2,16,0,0,0,25,21,25,0,0,47
483237,0,3,28,0,0,0,0,0,0,0,0,0
483237,0,4,0,0,0,16,0,11,0,0,0,0
483237,1,1,28,0,13,0,8,0,0,0,0,0
483238,1,1,11,0,0,35,14,10,12,0,12,0
483239,1,1,11,11,11,11,11,11,11,11,11,11
483240,1,1,2,0,0,0,0,0,0,0,4,0
483240,2,1,0,10,22,0,15,0,0,23,16,0
483241,1,1,0,0,0,0,10,0,0,0,0,0
483241,2,1,0,0,24,0,0,0,0,0,0,0
483241,3,1,0,9,0,0,0,0,4,0,0,0
483242,1,1,15,25,0,33,0,0,16,30,0,0
483243,1,1,20,20,20,20,20,20,20,20,20,20
483244,1,1,0,0,0,0,0,6,0,0,0,0
483244,2,1,0,0,0,0,0,0,0,0,0,12
483245,1,1,0,0,0,0,0,0,0,0,0,0
483245,2,1,0,0,12,0,16,0,0,6,0,0
483246,1,1,0,0,0,0,0,0,0,5,0,0
483246,2,1,8,0,0,0,3,5,0,0,0,0
483246,3,1,0,7,0,0,0,31,7,0,0,0
483246,4,1,0,0,13,0,0,0,0,0,0,0
483246,5,1,0,0,0,20,0,0,0,0,0,0
483247,0,1,0,26,0,0,20,0,0,29,24,0
483247,1,1,0,0,0,0,0,0,0,0,0,0
483248,1,1,0,0,0,2,0,0,0,18,0,0
483249,0,1,23,23,23,23,23,23,23,23,23,23
483249,1,1,0,0,0,0,0,0,0,0,16,0
483250,1,1,0,16,0,0,8,0,0,0,28,0
483250,2,1,0,0,0,0,0,0,0,0,0,0
483251,1,1,17,17,17,17,17,17,17,17,17,17
483251,2,1,20,0,0,0,0,0,0,14,4,0
483251,3,1,0,0,0,0,0,0,0,0,0,0
483252,1,1,6,0,0,0,0,0,19,0,0,0
483252,2,1,0,0,0,0,0,0,0,0,0,0
483253,1,1,0,0,0,0,0,0,0,0,0,0
483253,2,1,0,0,0,11,8,7,0,0,14,0
483253,3,1,0,0,0,21,15,24,10,0,11,15
483254,1,1,0,0,0,0,0,0,0,13,9,0
483255,0,1,0,0,32,0,0,0,0,0,0,0
483255,1,1,0,0,0,0,0,0,0,26,0,8
483256,1,1,0,0,0,0,0,0,0,0,0,0
483256,2,1,6,6,6,6,6,6,6,6,6,6
483257,1,1,2,0,0,0,0,0,0,0,0,0
483257,2,1,8,0,0,0,0,7,0,0,0,0
483258,0,1,0,28,30,0,0,0,0,0,0,14
483258,1,1,11,11,11,11,11,11,11,11,11,11
483259,1,1,0,0,0,0,0,0,0,3,0,0
483259,2,1,0,0,0,12,0,0,7,0,0,23
483260,0,1,0,0,25,0,0,0,0,0,0,0
483260,1,1,0,10,0,0,0,0,0,0,0,0
483261,1,1,0,0,0,0,0,0,0,0,0,0
483261,2,1,0,3,0,0,0,0,0,0,0,0
483262,1,1,14,0,37,0,0,0,0,0,0,0
483262,2,1,0,0,0,0,0,0,26,0,0,0
483262,3,1,0,0,0,0,0,0,0,0,0,0
483263,1,1,0,0,0,0,0,0,0,0,0,0
483263,2,1,5,0,0,28,0,0,0,0,0,0
483263,3,1,9,0,0,17,0,10,22,0,0,0
483264,1,1,27,0,0,0,0,0,0,0,0,19
483264,2,1,0,0,0,0,0,0,0,0,0,0
483265,1,1,0,0,0,0,0,0,0,0,0,0
483265,2,1,0,0,0,34,0,0,0,0,0,0
483266,1,1,0,0,0,0,0,0,0,0,0,0
483267,1,1,0,0,0,0,0,0,0,0,0,0
483268,1,1,15,15,15,15,15,15,15,15,15,15
483269,1,1,0,0,0,0,0,19,49,15,0,0
483269,2,1,0,0,0,0,0,0,7,0,18,0
483270,1,1,31,0,26,0,18,9,0,35,0,23
483271,1,1,15,15,15,15,15,15,15,15,15,15
483272,1,1,24,24,24,24,24,24,24,24,24,24
483272,2,1,0,0,0,0,0,0,0,0,0,0
483273,1,1,0,3,0,0,0,0,0,0,0,15
483274,0,1,26,26,26,26,26,26,26,26,26,26
483274,1,1,0,0,5,0,0,0,0,16,4,0
483275,0,1,0,0,0,0,0,0,0,0,0,0
483275,1,1,0,0,0,0,0,0,0,0,0,0
483276,1,1,28,28,28,28,28,28,28,28,28,28
483276,2,1,0,6,0,0,0,0,0,0,0,0
483276,3,1,0,0,0,0,7,0,0,11,0,0
483277,1,1,0,0,0,0,0,0,0,0,0,11
483277,2,1,0,0,0,0,0,0,0,0,0,16
483278,0,1,0,0,0,0,0,0,0,0,0,0
483278,1,1,7,6,0,0,18,0,0,0,0,16
483279,1,1,29,0,0,0,0,17,0,0,0,17
483280,1,1,0,0,0,8,0,28,0,22,24,18
483281,1,1,0,0,0,0,0,0,0,0,0,0
483282,1,1,0,21,20,0,0,0,12,20,15,13
483283,1,1,22,22,22,22,22,22,22,22,22,22
483284,1,1,0,0,0,0,0,0,0,0,0,0
483284,2,1,0,0,0,0,9,0,0,0,0,5
483285,1,1,0,0,35,0,0,0,23,0,0,0
483286,1,1,8,8,8,8,8,8,8,8,8,8
483287,1,1,0,9,0,0,0,0,10,9,13,22
483288,1,1,26,0,0,0,4,0,0,0,0,0
483288,2,1,0,0,0,0,0,0,0,11,0,0
483289,0,1,24,24,24,24,24,24,24,24,24,24
483289,1,1,20,16,11,0,0,0,0,18,0,12
483290,1,1,22,0,0,23,0,5,0,14,0,0
483291,1,1,0,0,0,0,0,0,26,0,0,0
483292,1,1,0,30,0,2,7,0,0,0,0,0
483292,2,1,0,0,0,0,0,9,0,26,0,0
483292,3,1,0,0,0,37,0,18,6,0,0,0
483294,1,1,22,0,0,4,0,0,0,11,0,5
483294,2,1,0,0,0,22,0,21,0,0,0,0
483295,1,1,15,15,15,15,15,15,15,15,15,15
483296,1,1,0,0,0,20,0,0,0,0,0,0
483297,1,1,0,0,0,28,18,25,19,0,29,0
483297,2,1,0,0,12,0,12,30,0,0,20,5
483298,1,1,28,28,28,28,28,28,28,28,28,28
483298,2,1,0,15,0,0,22,34,0,22,8,14
483299,1,1,0,0,0,0,11,0,0,0,17,0
483300,1,1,0,0,0,11,0,0,0,0,0,26
483300,2,1,23,0,0,0,0,14,0,0,0,0
483301,1,1,0,0,0,0,0,0,0,0,0,0
483302,1,1,0,0,0,23,0,0,14,0,0,0
483302,2,1,0,0,0,0,0,0,0,0,0,0
483303,1,1,0,0,0,0,0,0,0,0,0,0
483303,2,1,0,0,0,0,0,0,0,0,0,0
483304,1,1,0,0,0,0,0,0,0,0,0,21
483304,2,1,0,0,0,0,0,0,0,0,0,0
483305,0,1,0,0,0,0,0,0,0,0,0,0
483305,1,1,22,0,15,0,6,14,0,0,15,0
483306,1,1,19,0,0,0,0,0,0,0,6,0
483306,2,1,11,0,10,0,19,0,0,13,13,0
483307,0,1,0,0,0,0,0,0,0,0,0,0
483307,1,1,0,0,0,0,0,0,0,0,0,0
483307,3,1,0,0,0,0,0,0,0,0,0,0
483308,1,1,11,11,11,11,11,11,11,11,11,11
483309,1,1,19,19,19,19,19,19,19,19,19,19
483310,1,1,12,0,17,0,0,27,25,0,0,0
483310,2,1,9,9,9,9,9,9,9,9,9,9
483311,1,1,0,0,0,0,0,0,23,0,0,15
483311,2,1,0,2,0,0,16,0,0,0,0,3
483312,1,1,0,0,0,0,0,0,0,0,0,0
483312,2,1,0,0,10,0,0,0,0,0,0,0
483313,0,1,16,11,0,8,25,27,0,12,23,31
483313,1,1,0,12,0,11,0,22,0,15,9,0
483314,1,1,21,21,21,21,21,21,21,21,21,21
483314,2,1,0,4,10,0,0,16,0,0,10,0
483315,1,1,0,0,0,0,0,0,0,0,0,0
483315,2,1,0,0,0,0,23,0,0,0,0,0
483315,3,1,0,0,0,0,0,0,0,0,0,0
483316,1,1,0,0,0,0,0,0,0,0,0,0
483316,2,1,0,0,0,0,0,6,6,0,0,3
483316,3,1,0,0,0,0,0,0,0,0,0,0
483317,1,1,0,0,23,0,0,14,0,0,13,0
483317,2,1,0,0,0,0,0,15,29,0,0,0
483317,3,1,20,20,20,20,20,20,20,20,20,20
483318,1,1,21,0,0,14,0,0,0,0,0,0
483318,2,1,0,0,0,0,0,2,0,0,0,0
483319,0,1,0,0,0,0,0,0,0,0,0,0
483319,1,1,0,0,14,0,0,10,0,0,0,0
483320,1,1,13,6,0,0,0,14,0,5,0,0
483320,2,1,2,2,2,2,2,2,2,2,2,2
483321,1,1,0,15,0,0,0,0,10,22,19,17
483322,0,1,24,15,0,0,12,39,0,0,31,11
483322,1,1,9,0,0,10,0,25,17,13,8,5
483323,1,1,0,19,0,0,0,0,0,0,0,0
483323,2,1,0,0,0,0,0,0,0,0,19,0
483323,3,1,0,0,7,0,0,0,6,0,0,0
483324,1,1,9,9,9,9,9,9,9,9,9,9
483325,1,1,0,0,0,0,0,0,0,0,0,0
483326,1,1,7,0,0,0,16,2,0,22,17,17
483326,2,1,27,9,16,6,9,7,0,0,0,0
483326,3,1,16,13,8,15,7,0,0,15,0,22
483327,1,1,0,0,0,15,0,0,0,20,0,20
483328,0,1,0,0,0,0,0,0,0,0,0,0
483328,1,1,0,0,0,27,0,0,0,0,0,0
483329,0,1,5,5,5,5,5,5,5,5,5,5
483329,1,1,4,32,0,17,0,18,20,0,6,26
483330,1,1,0,0,0,0,0,0,0,0,0,0
483331,1,1,19,12,12,30,13,8,11,8,0,0
483332,1,1,0,0,0,0,0,0,0,0,0,0
483332,2,1,21,12,0,13,0,0,9,10,0,0
483332,3,1,0,0,0,0,0,0,0,0,0,0
483333,0,1,0,0,26,25,13,0,25,0,0,0
483333,1,1,0,0,22,0,0,0,0,0,47,9
483334,1,1,0,0,0,0,0,0,0,0,0,0
483335,0,1,0,0,0,0,0,0,0,0,0,0
483335,1,1,19,0,0,0,0,0,0,0,0,0
483335,2,1,0,0,0,0,0,0,0,0,0,0
483336,1,1,0,0,0,0,0,0,0,0,0,0
483336,2,1,8,0,14,0,0,0,0,0,0,0
483337,1,1,21,21,21,21,21,21,21,21,21,21
483337,2,1,19,19,19,19,19,19,19,19,19,19
483338,1,1,11,34,21,6,12,12,12,7,17,13
483338,2,1,0,0,0,19,0,0,0,19,0,0
483339,1,1,0,0,0,0,0,0,0,0,0,0
483339,2,1,0,0,0,0,0,0,0,0,0,0
483340,1,1,15,15,15,15,15,15,15,15,15,15
483341,1,1,0,0,16,0,0,0,0,0,0,10
483342,1,1,28,28,28,28,28,28,28,28,28,28
483342,2,1,0,17,0,0,26,0,0,0,0,0
483343,1,1,5,5,5,5,5,5,5,5,5,5
483344,0,1,0,0,0,0,0,0,0,0,0,0
483344,1,1,6,14,19,32,0,0,11,14,0,0
483345,1,1,20,20,20,20,20,20,20,20,20,20
483346,1,1,0,0,0,0,0,0,0,0,0,0
483346,2,1,0,0,12,0,0,0,21,0,18,11
483347,1,1,11,11,11,11,11,11,11,11,11,11
483348,0,1,0,0,16,20,16,0,19,17,0,6
483348,0,2,0,0,0,0,14,23,0,0,0,0
483348,0,3,20,28,0,15,0,0,25,10,0,0
483348,1,1,0,0,0,0,9,0,0,0,0,0
483349,1,1,0,0,0,0,33,0,0,0,0,0
483349,2,1,0,0,0,0,0,0,9,0,0,0
483350,0,1,0,0,0,0,0,0,0,0,0,0
483350,1,1,0,0,0,0,30,0,0,18,0,0
483350,2,1,0,17,0,10,0,0,0,0,0,4
483350,3,1,8,0,0,0,0,4,0,0,0,0
483351,0,1,0,0,0,0,0,0,0,0,0,0
483351,1,1,0,14,0,0,12,16,11,0,23,0
483352,0,1,21,21,21,21,21,21,21,21,21,21
483352,1,1,21,0,0,0,0,0,0,0,0,0
483353,0,1,0,0,0,0,0,0,0,0,0,0
483353,1,1,0,0,0,0,0,0,0,0,0,0
483354,1,1,0,0,19,9,0,4,13,18,14,0
483355,0,1,0,14,9,15,9,0,0,0,0,18
483355,1,1,0,0,9,3,0,0,11,0,7,0
483356,1,1,0,0,0,0,0,0,0,0,0,0
483356,2,1,0,0,0,0,0,0,0,0,0,0
483357,1,1,0,0,16,12,5,0,0,0,0,0
483357,2,1,0,0,0,0,0,0,7,0,5,0
483357,3,1,0,14,0,0,0,0,0,16,6,0
483358,0,1,0,0,0,0,20,19,25,0,0,15
483358,1,1,0,0,13,0,0,0,18,0,15,0
483358,2,1,0,0,0,0,0,0,0,0,0,0
483359,1,1,0,0,0,0,0,0,0,0,0,0
483359,2,1,14,0,0,0,0,0,0,0,0,0
483360,1,1,0,0,0,0,0,0,0,0,0,0
483361,1,1,0,0,0,0,0,0,5,0,0,0
483361,2,1,0,0,0,7,0,0,0,0,0,0
483361,3,1,0,0,17,0,0,0,0,0,0,0
483362,1,1,0,0,0,0,0,0,7,0,0,0
483362,2,1,16,16,16,16,16,16,16,16,16,16
483363,1,1,0,0,0,0,0,0,0,0,0,0
483363,2,1,0,15,0,0,0,0,0,0,0,0
483364,0,1,0,0,0,0,0,0,0,0,0,0
483364,1,1,0,4,0,28,3,0,0,27,2,9
483364,2,1,0,0,0,0,0,0,0,0,0,0
483365,1,1,12,12,12,12,12,12,12,12,12,12
483366,0,1,0,27,0,0,27,32,0,10,0,0
483366,1,1,24,0,7,12,9,25,11,9,26,11
483367,1,1,24,24,24,24,24,24,24,24,24,24
483368,1,1,27,0,0,0,8,17,0,0,11,17
483368,2,1,12,14,19,0,4,24,0,11,8,10
483369,1,1,0,0,0,0,0,0,0,0,0,0
483369,2,1,0,0,0,19,0,0,0,0,0,0
483370,0,1,5,22,0,0,27,18,31,0,16,0
483370,1,1,0,0,0,0,0,0,15,0,0,0
483371,1,1,0,0,0,0,0,0,0,0,0,0
483371,2,1,0,19,10,0,0,0,0,0,0,0
483372,1,1,0,0,0,0,14,0,0,0,0,0
483372,2,1,0,0,0,0,0,0,0,0,0,0
483373,0,1,29,0,0,0,0,0,59,0,0,0
483373,1,1,0,0,0,0,0,0,0,0,0,0
483374,0,1,0,0,0,22,20,28,31,0,34,0
483374,1,1,0,0,0,0,0,0,11,0,0,0
483375,0,1,2,2,2,2,2,2,2,2,2,2
483375,1,1,10,0,0,0,0,0,0,0,14,9
483377,1,1,24,24,24,24,24,24,24,24,24,24
483378,1,1,0,0,0,0,0,13,10,0,0,10
483378,2,1,10,10,10,10,10,10,10,10,10,10
483380,1,1,0,0,0,0,0,0,0,0,0,0
483380,2,1,0,17,0,0,0,0,0,0,0,0
483380,3,1,0,0,14,0,11,0,11,0,0,0
483381,1,1,0,0,0,0,0,0,0,0,0,0
483382,1,1,0,0,0,22,0,0,0,0,14,0
483383,1,1,11,8,10,22,25,30,22,23,17,23
483385,1,1,1,1,1,1,1,1,1,1,1,1
483386,1,1,17,29,21,19,40,14,16,15,0,21
483386,2,1,0,0,0,0,0,0,0,0,0,0
483387,0,1,2,2,2,2,2,2,2,2,2,2
483387,1,1,0,10,0,10,0,0,0,13,0,0
483387,2,1,0,0,0,0,0,0,0,0,0,0
483388,1,1,7,0,0,0,0,0,0,0,0,0
483388,2,1,0,0,0,0,0,0,0,0,0,0
483389,1,1,18,16,0,0,14,0,0,11,0,0
483390,0,1,0,0,14,0,0,0,12,19,0,17
483390,1,1,19,19,19,19,19,19,19,19,19,19
483391,0,1,0,0,0,0,0,0,0,0,0,0
483391,1,1,0,0,0,0,0,0,0,0,0,0
483392,1,1,0,0,12,0,0,0,0,0,0,0
483393,1,1,0,0,0,16,0,0,0,0,0,0
483393,2,1,19,0,0,0,19,0,0,0,8,0
483394,0,1,0,0,0,0,0,0,0,0,0,0
483394,1,1,0,23,0,0,12,0,0,12,0,0
483395,1,1,0,0,0,0,0,0,24,0,0,0
483395,2,1,0,0,0,0,0,0,0,0,0,0
483395,3,1,0,0,0,0,0,0,12,0,0,13
483396,0,1,0,0,0,0,0,0,0,0,0,0
483396,1,1,0,0,0,0,0,0,0,15,0,0
483397,1,1,9,15,0,0,0,0,0,14,0,4
483398,1,1,10,10,10,10,10,10,10,10,10,10
483398,2,1,0,0,0,0,0,0,0,0,0,24
483399,1,1,0,0,0,0,0,0,0,0,0,0
483399,2,1,0,0,0,0,0,0,0,0,0,0
483400,1,1,11,0,0,0,0,0,18,24,0,0
483401,1,1,18,14,18,9,3,7,11,14,1,18
483402,1,1,16,11,18,12,19,10,26,9,24,12
483403,1,1,18,0,0,9,0,12,3,0,18,20
483403,2,1,7,21,10,20,0,0,34,8,6,13
483404,1,1,0,0,0,0,0,0,0,0,0,19
483404,2,1,0,0,0,0,0,0,0,0,0,0
483405,1,1,0,0,0,0,0,0,0,0,0,0
483405,2,1,0,0,0,0,0,0,0,0,0,0
483406,1,1,0,0,21,0,9,6,0,0,0,33
483407,1,1,0,0,0,7,0,0,0,0,0,0
483407,2,1,21,0,21,0,0,19,0,26,0,0
483408,1,1,0,0,0,0,0,0,0,0,0,0
483408,2,1,0,4,0,0,0,0,0,0,0,0
483409,1,1,40,0,0,0,0,0,0,0,0,0
483410,1,1,25,25,25,25,25,25,25,25,25,25
483411,1,1,0,0,0,0,0,11,0,0,0,0
483411,2,1,0,0,0,0,13,0,0,0,14,0
483412,1,1,8,24,0,0,15,0,8,0,0,0
483413,1,1,16,15,11,26,21,10,16,12,16,21
483413,2,1,0,0,0,0,0,18,0,0,0,0
483414,1,1,0,0,0,0,0,0,0,0,0,0
483414,2,1,0,0,0,0,0,12,7,13,0,0
483415,1,1,0,0,0,0,0,0,0,0,2,0
483415,2,1,7,0,36,11,5,0,0,0,22,23
483416,1,1,0,0,0,0,0,0,0,0,0,0
483416,2,1,0,0,0,0,0,0,0,0,0,0
483417,1,1,19,0,7,17,8,14,21,12,10,20
483418,0,1,0,0,0,6,0,0,22,0,0,0
483418,1,1,12,12,12,12,12,12,12,12,12,12
483419,0,1,0,0,9,0,0,0,11,0,0,0
483419,1,1,0,0,0,0,0,0,0,23,0,0
483420,0,1,32,0,0,0,0,6,0,17,22,0
483420,1,1,0,8,12,15,0,0,0,6,22,0
483422,1,1,14,14,14,14,14,14,14,14,14,14
483422,2,1,1,1,1,1,1,1,1,1,1,1
483423,1,1,0,0,0,0,13,0,10,0,0,0
483423,2,1,0,0,0,0,7,10,2,0,16,0
483424,1,1,0,12,11,16,0,10,3,14,0,17
483425,1,1,0,0,0,0,0,0,0,0,0,0
483426,0,1,0,8,0,0,0,0,0,0,0,0
483426,1,1,14,0,14,23,12,4,22,12,0,13
483427,1,1,0,0,0,0,0,0,0,0,0,0
483428,1,1,21,21,21,21,21,21,21,21,21,21
483429,1,1,0,0,0,0,0,0,0,0,0,0
483429,2,1,0,0,19,0,0,0,0,22,0,0
483430,1,1,18,18,18,18,18,18,18,18,18,18
483431,1,1,6,6,6,6,6,6,6,6,6,6
483432,1,1,18,18,18,18,18,18,18,18,18,18
483432,2,1,2,2,2,2,2,2,2,2,2,2
483433,1,1,0,0,0,0,0,0,0,0,0,0
483434,1,1,0,0,0,0,0,0,0,0,0,0
483434,2,1,0,0,0,0,0,0,0,0,0,0
483435,0,1,0,0,0,0,0,0,0,0,36,0
483435,1,1,0,0,0,0,0,0,0,0,0,0
483437,1,1,0,0,0,14,0,17,0,0,0,20
483437,2,1,0,0,15,0,0,0,0,0,17,0
483438,1,1,0,0,0,10,0,0,0,0,12,0
483439,1,1,0,0,0,9,0,0,16,0,0,0
483439,2,1,37,0,10,0,0,0,0,0,44,10
483440,1,1,14,0,0,0,20,0,0,0,0,14
483441,1,1,0,0,13,0,0,0,0,9,6,0
483441,2,1,0,0,0,0,0,0,0,0,0,0
483442,0,1,0,0,0,0,0,0,0,0,0,0
483442,1,1,0,0,18,0,9,0,11,13,0,14
483443,1,1,0,0,17,0,0,0,0,0,0,0
483444,1,1,9,9,9,9,9,9,9,9,9,9
483445,1,1,0,0,0,0,0,0,0,0,0,0
483446,0,1,0,0,6,0,28,0,0,0,0,26
483446,1,1,19,0,0,0,0,12,0,0,0,0
483447,0,1,27,0,0,0,0,0,0,22,0,0
483447,1,1,0,0,24,0,0,0,0,15,0,0
483448,1,1,3,6,20,0,11,3,10,25,17,13
483448,2,1,0,0,20,10,0,0,0,0,0,10
483449,1,1,0,0,0,0,0,0,0,0,0,0
483450,1,1,0,0,0,0,0,25,0,0,0,0
483450,2,1,0,0,0,0,16,0,0,0,0,0
483451,0,1,0,0,0,0,0,0,0,0,0,0
483451,1,1,4,0,0,0,0,0,0,0,0,0
483452,1,1,9,9,9,9,9,9,9,9,9,9
483453,0,1,0,0,0,0,9,0,0,0,0,0
483453,0,2,0,0,0,0,0,0,0,0,0,0
483453,1,1,0,0,0,0,0,0,26,0,8,23
483455,1,1,0,0,8,0,0,14,6,0,0,0
483456,1,1,0,0,25,0,0,0,0,20,0,0
483457,0,1,0,21,23,18,18,0,0,0,0,0
483457,1,1,0,0,29,27,0,9,21,0,0,0
483458,0,1,31,0,15,11,0,16,26,25,0,7
483458,1,1,0,14,9,16,23,18,9,8,0,15
483459,1,1,7,7,7,7,7,7,7,7,7,7
483460,1,1,0,0,0,0,0,0,0,0,0,0
483460,2,1,0,0,0,0,0,0,0,0,0,0
483461,0,1,1,1,1,1,1,1,1,1,1,1
483461,1,1,0,0,0,0,0,0,19,0,0,0
483462,1,1,1,1,1,1,1,1,1,1,1,1
483463,1,1,0,0,0,0,0,0,0,0,0,0
483463,2,1,0,0,0,0,0,18,0,0,0,0
483464,1,1,0,17,0,30,0,0,0,0,0,0
483464,2,1,0,0,0,0,0,0,0,0,0,0
483465,1,1,0,0,0,0,0,0,0,0,5,29
483467,1,1,0,8,20,14,5,0,30,0,0,24
483468,0,1,0,0,0,0,0,0,0,0,0,0
483468,1,1,0,0,0,0,0,0,0,0,0,0
483469,1,1,13,0,0,0,11,15,0,20,0,10
483470,1,1,25,0,0,0,0,0,0,0,0,0