ST_CASE,VEH_NO,PER_NO,P1,P2,P3,P4,P5,P6,P7,P8,P9,P10
510565,1,1,0,0,0,0,0,0,0,0,0,0
510565,2,1,0,0,0,0,0,0,0,0,0,0
510566,1,1,0,0,0,0,0,0,0,0,0,0
510566,2,1,0,0,0,0,0,0,0,0,0,0
510566,3,1,15,0,0,0,15,0,0,0,0,0
510567,1,1,0,0,0,0,0,0,0,0,0,0
510568,1,1,0,0,0,0,0,0,0,0,0,0
510569,1,1,0,0,0,0,0,0,0,0,0,0
510570,1,1,8,8,8,8,8,8,8,8,8,8
510571,0,1,0,0,0,0,0,0,0,0,0,0
510571,1,1,0,0,0,0,0,0,0,0,11,0
510572,1,1,10,10,10,10,10,10,10,10,10,10
510572,2,1,0,0,0,0,0,0,0,0,0,0
510573,1,1,0,0,0,0,0,0,0,0,0,0
510574,1,1,0,0,0,0,0,0,0,0,0,0
510574,2,1,0,0,0,0,0,0,0,0,0,0
510574,3,1,0,0,0,0,0,0,0,0,0,0
510574,4,1,0,0,0,0,0,0,0,0,0,0
510575,1,1,9,18,36,27,12,29,11,23,14,22
510576,0,1,0,0,0,0,0,0,0,0,0,0
510576,1,1,0,0,0,12,0,0,0,0,0,0
510577,1,1,0,0,0,0,0,0,0,0,0,0
510577,2,1,11,0,0,0,0,0,0,0,0,0
510577,3,1,0,0,0,0,0,0,0,0,0,0
510577,4,1,0,0,0,0,0,0,0,0,0,0
510578,1,1,0,0,0,0,0,0,0,0,0,0
510578,2,1,0,0,0,0,0,0,0,0,0,0
510579,0,1,0,0,0,0,0,0,0,0,0,0
510579,1,1,0,0,0,0,0,0,20,0,0,0
510580,0,1,0,0,0,0,0,0,0,0,0,0
510580,1,1,0,0,0,0,0,0,0,0,0,0
510581,1,1,0,0,0,0,0,0,0,0,0,0
510582,1,1,0,0,0,0,0,0,0,0,14,0
510582,2,1,0,0,0,17,0,0,0,0,0,12
510583,0,1,0,0,0,0,0,0,0,0,0,0
510583,1,1,0,0,0,0,0,0,0,0,0,0
510584,1,1,0,0,0,0,0,0,0,0,0,0
510584,2,1,0,0,0,0,0,0,0,0,0,0
510584,3,1,0,0,0,0,0,0,0,0,0,0
510584,4,1,0,0,0,0,0,0,0,0,0,0
510585,0,1,34,0,0,0,0,0,0,0,0,0
510585,1,1,0,0,0,0,0,0,0,0,0,0
510586,1,1,0,0,0,0,0,0,0,0,0,0
510587,0,1,0,0,0,0,0,0,0,0,0,0
510587,1,1,0,0,0,0,0,0,0,0,0,0
510588,1,1,0,0,0,0,0,0,0,0,0,0
510589,1,1,27,27,27,27,27,27,27,27,27,27
510589,2,1,0,0,0,0,0,0,0,0,0,0
510590,1,1,0,0,0,0,0,0,0,0,0,0
510591,1,1,23,23,23,23,23,23,23,23,23,23
510592,0,1,35,35,35,35,35,35,35,35,35,35
510592,1,1,0,0,0,0,0,0,0,33,0,0
510593,1,1,0,0,0,0,0,0,0,0,0,0
510593,2,1,0,0,0,0,0,0,0,0,0,0
510594,1,1,39,39,39,39,39,39,39,39,39,39
510595,1,1,0,0,0,0,0,0,0,0,0,0
510595,2,1,0,0,0,0,0,0,0,0,0,0
510596,1,1,0,0,0,0,0,0,0,0,0,0
510596,2,1,0,0,0,0,0,0,0,0,0,0
510597,0,1,0,38,13,0,0,20,19,0,14,0
510597,1,1,0,0,0,0,0,0,0,0,0,0
510598,1,1,12,12,12,12,12,12,12,12,12,12
510598,2,1,0,0,0,0,0,0,0,0,0,0
510599,1,1,0,0,0,0,0,0,0,0,0,0
510600,1,1,0,0,0,0,0,0,0,0,0,0
510601,1,1,0,0,0,0,0,0,0,0,0,0
510601,2,1,0,0,0,0,0,0,0,0,0,8
510602,1,1,0,0,0,0,0,0,0,0,0,0
510602,2,1,0,0,0,0,0,0,0,0,0,0
510603,1,1,17,17,17,17,17,17,17,17,17,17
510604,1,1,0,0,0,0,0,0,0,0,0,0
510605,1,1,26,30,9,18,9,11,22,32,15,14
510605,2,1,0,0,0,0,0,0,0,0,0,0
510605,3,1,0,0,0,0,4,0,0,0,0,0
510606,1,1,0,0,0,0,0,0,0,0,0,17
510607,0,1,0,0,0,0,0,0,0,0,0,0
510607,1,1,0,6,0,0,0,0,0,0,0,0
510608,0,1,0,0,0,0,0,0,0,0,0,0
510608,1,1,0,0,0,0,0,0,7,0,0,9
510609,1,1,0,0,0,0,0,0,0,0,0,0
510609,2,1,0,0,19,0,0,0,0,0,0,0
510610,1,1,14,14,14,14,14,14,14,14,14,14
510611,1,1,0,0,0,19,0,12,12,0,0,20
510611,2,1,0,0,0,0,0,0,0,0,0,0
510612,1,1,10,20,16,9,10,0,13,26,19,17
510612,2,1,0,0,0,0,0,0,0,0,0,0
510613,1,1,36,14,13,17,42,16,14,0,20,18
510614,1,1,15,15,15,15,15,15,15,15,15,15
510615,1,1,0,0,0,8,7,0,0,12,0,13
510616,1,1,0,0,0,0,0,0,0,0,0,0
510616,2,1,0,0,0,0,0,0,0,0,0,0
510617,1,1,0,0,0,0,0,0,0,0,0,0
510618,0,1,0,0,0,0,0,0,0,0,0,0
510618,0,2,29,0,0,22,0,12,0,0,0,0
510618,0,3,0,0,0,0,0,0,0,0,28,0
510618,1,1,0,0,0,0,0,0,0,0,0,0
510619,1,1,0,0,0,0,0,0,0,0,0,0
510620,1,1,0,7,0,25,22,12,15,22,0,0
510620,2,1,0,8,14,0,19,0,0,0,0,0
510621,1,1,10,0,0,0,0,10,17,0,18,30
510622,1,1,25,0,10,0,0,0,14,0,0,0
510622,2,1,0,0,0,0,0,0,0,0,0,17
510623,1,1,32,18,8,10,18,32,17,16,10,7
510624,1,1,10,18,20,0,0,0,0,28,0,0
510625,1,1,0,0,0,0,0,0,0,0,0,0
510625,2,1,0,0,0,0,0,0,0,0,0,0
510626,1,1,0,0,0,0,0,0,0,0,0,3
510626,2,1,0,0,0,0,0,0,0,0,0,0
510627,1,1,0,0,0,0,0,0,0,0,0,0
510627,2,1,0,0,0,0,0,0,0,0,10,0
510628,1,1,0,0,0,0,0,0,0,0,0,0
510628,2,1,0,0,0,0,0,0,0,0,0,0
510629,1,1,22,22,22,22,22,22,22,22,22,22
510630,1,1,21,21,21,21,21,21,21,21,21,21
510631,1,1,0,0,0,8,0,0,0,0,0,0
510631,2,1,0,0,0,0,0,0,0,0,0,0
510632,1,1,29,29,29,29,29,29,29,29,29,29
510633,1,1,17,17,17,17,17,17,17,17,17,17
510634,1,1,0,0,0,0,0,0,0,0,0,0
510635,0,1,0,0,0,0,0,0,0,0,0,0
510635,1,1,0,0,0,0,0,0,0,0,0,0
510636,1,1,0,0,0,0,0,0,0,0,0,0
510636,2,1,0,0,0,0,0,0,0,0,11,0
510637,1,1,0,0,0,0,30,0,0,0,0,25
510637,2,1,0,0,0,0,0,0,0,0,0,0
510638,0,1,10,10,10,10,10,10,10,10,10,10
510638,1,1,0,0,0,0,0,0,0,0,0,0
510639,0,1,23,23,23,23,23,23,23,23,23,23
510639,1,1,0,3,1,0,0,0,0,0,0,15
510640,1,1,17,17,17,17,17,17,17,17,17,17
510640,2,1,0,0,0,0,0,0,0,0,0,0
510641,1,1,0,0,0,0,0,0,0,0,0,0
510641,2,1,15,4,14,0,13,0,7,0,8,0
510642,1,1,0,0,0,0,0,0,0,0,0,0
510642,2,1,0,0,0,0,0,0,0,0,0,0
510643,1,1,19,9,15,0,30,7,12,14,25,13
510644,1,1,0,0,0,0,0,0,0,0,0,0
510644,2,1,0,0,0,0,0,0,0,0,0,0
510644,3,1,0,0,0,0,0,0,0,0,0,0
510645,0,1,0,0,0,0,0,0,0,0,0,0
510645,1,1,0,0,0,0,0,0,0,0,0,0
510646,1,1,0,0,0,0,0,0,0,0,0,0
510647,1,1,45,45,45,45,45,45,45,45,45,45
510648,0,1,0,0,0,0,0,0,0,0,0,0
510648,2,1,0,0,0,15,27,0,0,0,0,0
510648,3,1,0,0,0,0,0,0,0,0,0,0
510649,1,1,0,0,0,0,0,0,0,0,0,2
510650,1,1,21,21,21,21,21,21,21,21,21,21
510651,1,1,21,21,21,21,21,21,21,21,21,21
510652,1,1,0,0,0,0,0,0,0,0,0,0
510652,2,1,0,0,0,0,0,0,0,0,0,0
510652,3,1,0,0,0,0,0,0,0,0,0,0
510653,1,1,9,9,9,9,9,9,9,9,9,9
510654,1,1,0,0,0,0,0,0,0,0,0,0
510655,1,1,0,0,0,0,0,0,0,0,0,0
510655,2,1,0,0,0,0,0,0,0,0,0,0
510656,1,1,0,0,0,0,0,0,0,0,0,0
510657,1,1,0,8,0,27,0,0,0,0,0,0
510658,1,1,0,0,0,0,0,0,0,0,0,0
510659,1,1,0,0,0,0,0,0,0,0,0,0
510660,1,1,18,18,18,18,18,18,18,18,18,18
510660,2,1,0,0,0,0,0,0,0,0,0,0
510661,1,1,0,0,0,0,0,0,0,0,0,0
510661,2,1,0,0,0,0,0,0,0,0,0,0
510661,3,1,0,0,0,0,0,0,0,0,0,0
510662,1,1,0,0,0,0,0,0,0,0,0,0
510662,2,1,0,0,0,0,0,0,0,0,0,0
510662,3,1,0,0,0,0,0,0,0,0,0,0
510663,1,1,1,1,1,1,1,1,1,1,1,1
510664,1,1,0,0,0,0,0,0,0,0,0,0
510665,0,1,0,0,0,0,0,0,0,0,0,0
510665,1,1,0,0,0,0,0,0,0,0,0,0
510666,0,1,8,8,8,8,8,8,8,8,8,8
510666,1,1,0,0,0,0,0,0,0,0,0,0
510667,1,1,0,0,0,0,0,0,0,0,0,0
510667,2,1,0,0,0,0,0,0,0,0,0,0
510667,3,1,0,0,0,0,0,0,0,11,0,0
510668,1,1,0,0,0,0,0,0,0,0,0,0
510668,2,1,0,15,0,0,0,0,0,0,0,0
510669,0,1,8,8,8,8,8,8,8,8,8,8
510669,1,1,0,0,0,0,0,20,0,0,0,0
510670,0,1,10,10,10,10,10,10,10,10,10,10
510670,1,1,0,0,0,0,0,0,0,0,0,0
510671,0,1,0,0,0,0,0,0,0,0,0,0
510671,1,1,0,0,0,0,0,0,0,0,0,0
510672,0,1,28,28,28,28,28,28,28,28,28,28
510672,1,1,0,0,0,0,0,0,0,0,0,0
510673,0,1,27,27,27,27,27,27,27,27,27,27
510673,1,1,0,0,0,0,0,0,0,0,0,0
510674,1,1,0,0,0,0,0,0,0,0,0,0
510674,2,1,0,0,0,14,0,0,0,0,0,0
510675,1,1,0,0,0,0,0,0,0,0,0,0
510675,2,1,0,0,0,0,0,0,0,0,0,0
510676,0,1,0,0,0,0,0,0,0,0,0,0
510676,1,1,0,0,0,0,9,0,0,0,0,0
510677,0,1,0,0,0,0,0,0,0,0,0,0
510677,1,1,0,0,11,0,0,0,0,0,0,0
510678,1,1,17,17,17,17,17,17,17,17,17,17
510679,1,1,0,0,0,0,0,0,0,0,0,0
510680,1,1,0,0,0,0,0,0,20,0,0,0
510681,1,1,32,32,32,32,32,32,32,32,32,32
510682,1,1,0,0,0,0,0,0,0,0,0,0
510682,2,1,0,0,0,0,0,0,0,0,0,0
510683,1,1,29,29,29,29,29,29,29,29,29,29
510684,0,1,0,0,0,0,0,0,0,0,0,0
510684,1,1,0,0,0,0,0,0,4,0,0,12
510685,1,1,0,0,0,0,0,0,0,0,0,0
510686,1,1,0,27,0,9,0,12,19,9,0,0
510687,0,1,0,0,15,0,0,0,0,0,0,0
510687,1,1,0,0,0,0,0,0,0,0,0,0
510688,1,1,0,0,0,0,0,0,0,0,0,0
510689,1,1,0,0,0,0,0,0,0,0,0,0
510689,2,1,0,0,0,0,0,0,0,0,0,0
510690,0,1,0,0,0,0,0,0,0,0,0,0
510690,1,1,0,0,13,0,0,9,22,0,0,0
510691,0,1,14,14,14,14,14,14,14,14,14,14
510691,1,1,0,0,0,0,0,0,15,0,0,0
510692,1,1,8,8,8,8,8,8,8,8,8,8
510693,1,1,0,0,0,0,0,0,0,0,0,0
510694,1,1,21,21,21,21,21,21,21,21,21,21
510695,0,1,0,0,0,0,0,0,0,0,0,0
510695,1,1,0,0,0,0,0,0,0,0,0,14
510696,1,1,0,0,0,26,0,14,0,0,0,8
510696,2,1,0,0,0,0,20,0,0,0,0,0
510697,1,1,0,0,0,0,0,0,0,0,0,0
510697,2,1,0,0,0,0,0,0,0,0,0,0
510697,3,1,13,0,0,0,0,0,0,0,0,0
510698,1,1,9,4,6,22,38,0,13,0,31,0
510699,1,1,8,8,8,8,8,8,8,8,8,8
510700,1,1,0,0,0,0,0,0,0,0,0,0
510700,2,1,0,0,0,0,0,0,6,0,0,0
510701,0,1,0,0,0,0,0,0,0,0,0,0
510701,1,1,0,0,0,0,0,0,0,0,0,0
510702,1,1,0,0,35,9,0,0,0,0,0,0
510703,1,1,0,0,0,0,0,0,0,0,0,0
510704,1,1,22,13,5,18,1,12,11,14,12,22
510704,2,1,3,19,30,0,6,11,8,0,17,13
510705,1,1,0,0,0,0,0,0,0,0,0,0
510705,2,1,15,0,0,0,0,19,17,34,0,0
510706,0,1,35,35,35,35,35,35,35,35,35,35
510706,1,1,13,0,0,0,0,0,0,18,0,0
510707,0,1,0,0,0,0,0,0,0,0,0,0
510707,1,1,0,0,0,0,0,0,0,0,16,0
510708,1,1,7,7,7,7,7,7,7,7,7,7
510709,1,1,16,15,13,0,10,11,9,7,17,0
510709,2,1,0,0,0,0,0,0,0,0,0,0
510710,0,1,18,15,40,23,8,32,10,3,24,17
510710,1,1,0,0,0,0,0,0,0,33,0,0
510711,1,1,25,30,20,11,18,11,13,17,13,21
510712,1,1,0,0,0,0,0,0,0,0,0,0
510713,1,1,0,0,0,0,0,0,0,10,0,0
510713,2,1,0,0,0,0,0,0,0,0,0,0
510714,1,1,0,0,0,0,0,0,0,0,0,0
510715,1,1,14,14,14,14,14,14,14,14,14,14
510716,1,1,0,0,0,0,0,0,0,0,0,0
510717,1,1,0,16,0,0,0,0,0,0,0,0
510718,1,1,0,0,0,0,0,0,0,0,0,0
510719,1,1,0,23,0,0,0,0,10,0,0,0
510720,0,1,35,35,35,35,35,35,35,35,35,35
510720,1,1,0,0,0,0,0,0,0,0,0,0
510721,1,1,0,0,0,0,0,0,0,0,0,0
510721,2,1,0,0,0,0,0,0,0,0,0,0
510722,1,1,0,0,0,0,0,0,0,0,0,0
510723,0,1,32,32,32,32,32,32,32,32,32,32
510723,1,1,0,0,0,0,0,0,0,0,0,0
510724,1,1,0,0,0,0,0,0,0,0,0,0
510725,0,1,17,17,17,17,17,17,17,17,17,17
510725,1,1,0,0,0,0,0,0,0,0,0,0
510726,0,1,0,0,0,0,0,0,0,0,0,0
510726,1,1,0,0,0,0,0,0,0,0,0,0
510727,0,1,0,0,0,0,0,0,0,0,0,0
510727,1,1,0,0,0,0,0,0,0,0,0,0
510728,1,1,0,0,0,0,0,0,0,0,0,0
510728,2,1,0,0,0,0,0,0,0,0,0,0
530001,1,1,0,0,0,0,0,0,0,0,0,0
530002,1,1,18,18,18,18,18,18,18,18,18,18
530002,2,1,0,0,0,0,0,0,0,0,0,12
530003,1,1,17,17,17,17,17,17,17,17,17,17
530003,2,1,0,0,0,0,0,9,0,8,0,0
530004,0,1,0,0,0,0,0,0,0,0,0,0
530004,1,1,0,0,0,0,0,0,0,0,0,17
530005,1,1,5,0,8,0,0,0,0,0,11,0
530005,2,1,0,0,0,0,0,0,0,0,0,0
530006,1,1,20,20,20,20,20,20,20,20,20,20
530007,1,1,0,0,0,0,0,0,0,0,0,0
530007,2,1,0,0,0,0,0,0,0,0,0,0
530008,1,1,27,27,27,27,27,27,27,27,27,27
530010,1,1,0,0,0,0,0,0,0,0,0,0
530010,2,1,0,0,0,0,0,0,0,0,0,0
530011,1,1,0,0,0,0,0,0,0,0,0,0
530011,2,1,0,0,0,0,0,0,0,0,0,0
530011,3,1,0,0,0,0,0,0,0,0,0,0
530012,1,1,0,0,0,0,0,0,0,0,0,0
530013,1,1,0,0,0,0,0,0,0,0,0,0
530013,2,1,0,0,0,0,0,0,0,0,0,0
530014,0,1,0,0,0,0,0,0,0,0,0,0
530014,1,1,13,13,13,13,13,13,13,13,13,13
530014,2,1,0,0,0,0,0,0,0,0,0,0
530015,0,1,0,0,0,0,0,0,0,0,0,0
530015,1,1,0,0,0,0,0,0,0,0,0,0
530016,0,1,29,29,29,29,29,29,29,29,29,29
530016,1,1,8,8,8,8,8,8,8,8,8,8
530017,1,1,0,0,0,0,0,0,0,0,0,0
530017,2,1,0,0,0,0,0,0,0,0,0,0
530018,1,1,28,28,28,28,28,28,28,28,28,28
530018,2,1,0,0,0,0,0,0,0,0,12,0
530019,1,1,0,0,0,0,0,0,0,0,0,0
530020,1,1,0,0,0,0,0,0,0,0,0,0
530020,2,1,0,0,0,0,0,0,0,0,0,0
530021,0,1,0,0,0,0,0,0,0,0,0,0
530021,1,1,0,0,0,0,0,0,0,0,0,0
530022,0,1,0,0,0,0,0,0,0,0,0,0
530022,1,1,0,0,0,0,0,0,0,0,0,0
530023,1,1,0,0,0,0,0,0,0,0,0,0
530023,2,1,0,0,0,0,0,0,0,0,0,0
530023,3,1,0,0,0,0,0,0,0,0,0,0
530024,1,1,14,8,0,16,13,12,0,0,0,9
530025,0,1,12,12,12,12,12,12,12,12,12,12
530025,1,1,0,0,0,0,0,0,0,0,0,0
530026,1,1,12,12,12,12,12,12,12,12,12,12
530027,1,1,5,5,5,5,5,5,5,5,5,5
530027,2,1,0,0,0,0,0,0,0,0,0,0
530028,0,1,0,0,0,0,0,0,0,0,0,0
530028,1,1,0,0,0,0,0,0,0,7,0,22
530029,1,1,14,14,14,14,14,14,14,14,14,14
530029,2,1,0,0,0,0,0,0,0,0,0,0
530030,1,1,24,24,24,24,24,24,24,24,24,24
530031,1,1,0,0,0,0,0,0,0,0,0,0
530033,1,1,9,9,9,9,9,9,9,9,9,9
530033,2,1,0,0,0,0,0,0,0,0,0,0
530034,1,1,0,0,0,0,0,0,0,0,0,0
530034,2,1,0,0,0,0,0,0,0,0,0,13
530035,0,1,0,0,0,0,0,0,0,0,0,0
530035,1,1,0,31,0,0,0,0,29,0,0,0
530036,0,1,0,0,0,17,0,0,0,0,0,0
530036,1,1,0,0,0,0,0,0,0,0,0,0
530037,1,1,0,0,0,0,0,0,0,0,0,0
530038,1,1,0,0,0,0,0,0,0,0,0,0
530038,2,1,26,0,0,0,0,0,0,8,0,0
530038,3,1,0,0,0,0,0,0,0,12,0,0
530039,1,1,0,0,0,0,0,0,0,0,0,0
530039,2,1,0,0,0,0,0,0,0,0,0,0
530040,0,1,0,0,0,0,0,0,0,0,0,0
530040,1,1,0,0,0,0,0,0,0,0,0,0
530041,1,1,19,19,19,19,19,19,19,19,19,19
530042,1,1,0,0,0,0,0,0,0,0,0,0
530043,1,1,0,0,0,0,0,0,0,0,0,0
530043,2,1,0,0,0,0,0,0,0,0,0,0
530043,3,1,0,0,0,0,0,0,0,0,0,0
530044,1,1,0,0,0,0,0,0,0,0,0,0
530044,2,1,7,0,21,0,0,25,27,38,11,0
530044,3,1,6,0,22,0,0,0,15,17,0,0
530045,0,1,14,14,14,14,14,14,14,14,14,14
530045,1,1,0,0,0,0,0,0,0,0,0,0
530046,0,1,0,0,0,0,0,0,0,0,0,0
530046,1,1,9,9,9,9,9,9,9,9,9,9
530047,0,1,25,25,25,25,25,25,25,25,25,25
530047,1,1,0,0,0,0,0,0,0,0,0,0
530048,1,1,0,0,0,0,0,0,0,0,0,0
530049,1,1,19,19,19,19,19,19,19,19,19,19
530050,1,1,17,17,17,17,17,17,17,17,17,17
530051,1,1,0,0,0,0,0,0,0,0,0,0
530052,1,1,28,28,28,28,28,28,28,28,28,28
530052,2,1,0,13,0,15,24,20,0,0,18,7
530053,0,1,0,0,0,0,0,0,0,0,0,0
530053,0,2,0,0,0,0,0,0,0,0,0,0
530053,1,1,0,0,0,0,0,0,0,0,0,0
530054,1,1,0,0,0,0,0,0,0,0,0,0
530054,2,1,10,10,10,10,10,10,10,10,10,10
530055,1,1,0,33,0,0,0,0,0,0,24,0
530055,2,1,10,10,10,10,10,10,10,10,10,10
530056,1,1,11,11,11,11,11,11,11,11,11,11
530056,2,1,0,0,0,0,0,0,0,0,0,0
530057,1,1,0,0,0,0,0,0,0,0,0,0
530058,1,1,25,25,25,25,25,25,25,25,25,25
530059,1,1,22,22,22,22,22,22,22,22,22,22
530060,0,1,0,0,0,0,0,0,0,0,0,0
530060,1,1,0,0,0,0,0,0,0,0,0,0
530061,1,1,30,30,30,30,30,30,30,30,30,30
530062,1,1,0,0,0,0,0,0,0,0,0,0
530063,0,1,25,25,25,25,25,25,25,25,25,25
530063,1,1,8,20,9,12,0,0,8,24,0,4
530064,1,1,0,0,0,0,0,0,0,0,0,0
530064,2,1,0,0,0,0,0,0,18,0,0,0
530065,1,1,22,22,22,22,22,22,22,22,22,22
530066,0,1,0,0,0,0,0,0,0,0,0,0
530066,1,1,0,0,0,0,0,0,0,0,0,0
530067,1,1,37,11,5,5,41,2,12,20,13,3
530068,0,1,0,0,0,0,0,0,7,0,0,0
530068,0,2,0,0,0,0,0,0,0,22,0,0
530068,1,1,0,0,0,0,0,0,0,0,0,0
530069,1,1,0,0,0,0,0,0,0,0,0,0
530069,2,1,0,0,0,0,0,0,0,0,0,0
530070,1,1,0,0,0,0,0,0,0,0,0,0
530070,2,1,0,0,0,0,0,0,0,0,0,0
530071,1,1,0,0,0,0,0,0,0,0,0,0
530071,2,1,14,0,0,0,0,0,0,3,0,0
530072,1,1,20,20,20,20,20,20,20,20,20,20
530072,2,1,0,0,0,0,0,0,0,0,0,0
530072,3,1,0,0,0,0,0,0,0,0,0,0
530073,1,1,0,0,0,0,0,0,0,0,0,0
530073,2,1,0,0,0,0,0,0,0,0,0,0
530074,0,1,24,24,24,24,24,24,24,24,24,24
530074,1,1,0,0,0,0,0,0,0,0,0,0
530075,1,1,23,23,23,23,23,23,23,23,23,23
530076,1,1,14,14,14,14,14,14,14,14,14,14
530076,2,1,0,0,0,0,20,0,0,0,0,0
530077,0,1,0,0,0,0,0,0,0,0,0,0
530077,1,1,1,1,1,1,1,1,1,1,1,1
530078,0,1,16,16,16,16,16,16,16,16,16,16
530078,1,1,0,0,0,0,0,0,0,0,0,0
530078,2,1,0,0,13,0,0,0,0,0,0,0
530079,1,1,0,0,0,0,0,0,0,0,0,0
530079,2,1,0,0,0,0,0,0,0,0,0,0
530079,3,1,0,0,0,0,0,0,0,0,0,0
530079,4,1,0,0,0,0,0,0,0,0,0,0
530079,5,1,0,0,0,0,0,0,0,0,0,0
530079,6,1,0,0,0,0,0,0,0,0,0,0
530080,0,1,0,0,0,0,0,0,0,0,0,0
530080,1,1,13,13,13,13,13,13,13,13,13,13
530081,0,1,0,0,0,0,0,0,0,0,0,0
530081,1,1,0,0,0,0,0,0,0,0,0,0
530082,1,1,0,0,0,0,0,0,0,0,0,0
530082,2,1,0,0,0,0,0,0,0,0,0,0
530084,1,1,0,0,0,0,0,0,0,0,0,0
530085,1,1,0,0,0,0,0,0,0,0,0,0
530086,1,1,18,18,18,18,18,18,18,18,18,18
530086,2,1,0,0,0,10,16,24,9,13,7,0
530087,1,1,0,0,0,0,0,0,0,0,0,0
530087,2,1,0,0,0,0,0,0,0,0,0,0
530088,0,1,0,0,0,0,0,0,0,0,0,0
530088,1,1,0,0,0,0,0,0,0,0,0,0
530089,1,1,0,0,0,0,0,0,0,0,0,0
530089,2,1,0,0,0,0,0,0,0,0,0,0
530090,0,1,12,12,12,12,12,12,12,12,12,12
530090,1,1,29,0,0,0,0,0,0,0,14,0
530091,1,1,0,0,0,0,0,0,0,0,0,0
530091,2,1,0,0,0,0,0,0,0,0,0,0
530092,1,1,0,0,0,0,0,0,0,0,0,0
530093,1,1,0,0,0,0,0,0,0,0,0,0
530094,1,1,0,0,0,0,0,0,0,0,0,0
530094,2,1,0,0,0,0,0,0,0,0,9,0
530094,3,1,0,0,0,0,0,0,0,0,0,0
530095,0,1,0,0,0,0,0,0,0,0,34,9
530095,1,1,0,0,0,0,0,13,0,0,0,15
530096,1,1,0,0,0,0,0,0,0,0,0,0
530097,1,1,0,0,0,0,0,0,0,0,0,0
530097,2,1,0,21,0,0,0,0,0,10,0,0
530097,3,1,0,0,0,0,0,0,0,0,0,0
530098,1,1,0,0,0,0,0,0,0,0,0,0
530098,2,1,0,0,0,0,0,0,0,0,0,0
530099,1,1,0,0,15,0,0,0,0,0,21,0
530100,1,1,0,0,0,0,0,0,0,0,0,0
530101,1,1,0,0,0,0,0,0,0,0,0,0
530102,1,1,0,0,0,0,0,0,0,0,0,0
530102,2,1,0,0,0,0,0,0,0,0,0,0
530103,1,1,0,0,0,0,0,0,0,0,0,0
530104,1,1,22,22,22,22,22,22,22,22,22,22
530106,1,1,19,19,19,19,19,19,19,19,19,19
530106,3,1,0,0,21,0,30,0,0,0,0,11
530106,4,1,6,6,6,6,6,6,6,6,6,6
530106,5,1,0,0,0,0,0,0,0,0,0,10
530107,1,1,0,0,0,0,0,0,0,0,0,0
530108,1,1,0,0,0,0,0,0,0,0,0,0
530109,1,1,20,20,20,20,20,20,20,20,20,20
530110,1,1,0,0,0,0,0,0,0,0,0,0
530110,2,1,0,0,0,0,0,0,0,0,0,0
530111,1,1,21,21,21,21,21,21,21,21,21,21
530112,1,1,0,0,0,0,0,0,0,0,0,0
530113,1,1,0,0,0,0,0,0,0,0,0,0
530113,2,1,0,0,0,0,0,0,0,0,0,0
530114,1,1,0,0,0,0,0,0,0,0,0,0
530114,2,1,0,0,0,0,0,0,0,0,0,0
530114,3,1,0,0,0,0,0,0,0,0,0,0
530116,1,1,24,24,24,24,24,24,24,24,24,24
530117,1,1,17,17,17,17,17,17,17,17,17,17
530117,2,1,0,0,0,0,0,0,0,0,0,17
530117,3,1,3,0,0,0,0,0,0,0,0,0
530118,1,1,0,0,0,0,0,0,0,0,0,0
530119,1,1,0,0,0,0,0,0,0,0,0,0
530120,1,1,0,0,0,0,0,0,0,0,0,0
530120,2,1,0,0,0,0,0,0,0,0,0,0
530121,0,1,35,35,35,35,35,35,35,35,35,35
530121,1,1,0,0,0,0,0,0,0,31,0,23
530122,1,1,0,0,0,0,0,0,0,0,18,0
530122,2,1,0,0,0,0,0,0,0,0,0,0
530123,1,1,0,0,0,0,0,0,0,0,0,0
530123,2,1,0,0,0,0,0,0,0,16,0,0
530124,0,1,0,0,0,0,0,0,0,0,0,0
530124,0,2,0,26,0,0,28,0,0,0,0,0
530124,1,1,0,0,0,0,0,0,0,0,0,0
530125,1,1,0,0,0,2,12,27,29,10,24,0
530126,0,1,3,3,3,3,3,3,3,3,3,3
530126,1,1,0,0,0,0,0,0,0,0,0,0
530127,1,1,0,0,0,0,0,0,0,0,0,0
530128,1,1,0,23,3,0,0,8,18,9,0,0
530128,2,1,0,0,0,0,0,0,0,0,0,0
530129,1,1,21,21,21,21,21,21,21,21,21,21
530130,1,1,20,20,20,20,20,20,20,20,20,20
530130,2,1,0,0,0,0,0,0,0,0,0,0
530131,1,1,0,0,0,0,0,0,0,0,0,0
530132,1,1,0,0,0,0,0,0,0,0,0,0
530132,2,1,0,0,0,0,0,0,0,0,0,0
530134,1,1,0,0,0,0,0,0,0,0,0,0
530134,2,1,0,28,0,0,0,0,0,0,0,0
530135,1,1,0,0,0,0,0,0,0,0,0,0
530137,1,1,0,0,0,0,0,0,0,0,0,0
530138,1,1,19,19,19,19,19,19,19,19,19,19
530139,0,1,23,23,23,23,23,23,23,23,23,23
530139,1,1,36,13,18,0,26,0,0,9,0,0
530140,1,1,0,0,0,0,0,0,0,0,0,0
530141,0,1,0,0,0,0,0,0,0,0,0,0