ST_CASE,VEH_NO,PER_NO,P1,P2,P3,P4,P5,P6,P7,P8,P9,P10
60001,1,1,0,0,0,0,0,0,0,0,0,0
60002,0,1,14,14,14,14,14,14,14,14,14,14
60002,1,1,10,0,0,0,0,0,0,0,0,0
60003,1,1,0,0,0,0,0,0,0,0,0,0
60003,2,1,5,5,5,5,5,5,5,5,5,5
60004,1,1,0,0,0,0,0,0,0,0,0,0
60005,1,1,0,0,0,0,0,0,0,0,0,0
60006,1,1,0,0,0,0,0,0,0,0,0,0
60006,2,1,16,16,16,16,16,16,16,16,16,16
60007,0,1,15,15,15,15,15,15,15,15,15,15
60007,1,1,7,12,17,24,12,0,16,19,3,10
60008,1,1,0,0,0,0,0,0,0,0,0,0
60008,2,1,13,13,13,13,13,13,13,13,13,13
60009,0,1,0,0,0,20,0,0,0,0,0,0
60009,1,1,0,0,0,0,0,8,0,0,0,0
60010,0,1,0,0,0,0,0,0,0,0,0,0
60010,1,1,3,3,3,3,3,3,3,3,3,3
60011,1,1,10,10,10,10,10,10,10,10,10,10
60012,1,1,0,0,0,0,0,0,0,0,0,0
60013,1,1,15,15,15,15,15,15,15,15,15,15
60014,1,1,0,0,0,0,0,0,0,0,0,0
60015,1,1,0,0,0,0,0,0,0,0,11,0
60015,2,1,0,0,0,0,0,0,0,0,0,0
60016,0,1,0,0,0,0,0,0,0,0,0,0
60016,1,1,14,14,14,14,14,14,14,14,14,14
60017,0,1,17,0,0,0,0,0,0,0,0,0
60017,1,1,0,0,0,0,0,0,0,0,0,0
60018,0,1,0,0,0,0,0,0,0,0,0,0
60018,1,1,0,0,0,0,0,0,0,0,0,0
60019,0,1,0,0,0,0,0,0,0,0,0,0
60019,1,1,0,0,0,0,0,0,0,0,0,0
60020,1,1,0,0,0,7,0,6,36,0,7,0
60021,1,1,0,0,0,0,0,0,0,0,0,0
60022,0,1,0,0,0,0,0,0,0,0,0,0
60022,1,1,0,0,0,0,0,0,0,7,6,0
60023,1,1,11,11,11,11,11,11,11,11,11,11
60023,2,1,0,0,0,0,0,0,0,0,0,0
60024,1,1,0,11,0,19,12,0,4,16,11,0
60024,2,1,0,0,0,0,0,0,0,0,0,0
60025,1,1,18,18,18,18,18,18,18,18,18,18
60026,1,1,7,7,7,7,7,7,7,7,7,7
60027,1,1,0,0,0,0,0,0,0,0,0,0
60028,1,1,0,0,0,0,0,0,0,0,0,0
60029,1,1,0,0,0,0,0,0,0,0,0,0
60029,2,1,4,4,4,4,4,4,4,4,4,4
60030,1,1,24,0,0,0,0,0,0,0,0,0
60031,1,1,3,3,3,3,3,3,3,3,3,3
60032,1,1,0,0,0,0,0,0,0,0,0,0
60032,2,1,0,0,0,0,0,0,0,0,0,0
60032,3,1,0,0,0,0,0,0,0,0,0,0
60033,1,1,0,0,0,0,0,0,0,0,0,0
60034,0,1,34,34,34,34,34,34,34,34,34,34
60034,2,1,0,0,0,0,0,0,0,0,0,0
60035,1,1,0,0,0,0,0,0,0,0,0,0
60035,2,1,0,0,0,0,0,0,0,0,0,0
60036,1,1,0,0,0,0,0,0,0,0,0,0
60036,2,1,0,0,0,0,0,0,25,0,0,0
60037,1,1,36,9,0,0,0,0,0,0,0,0
60038,1,1,0,0,0,0,0,0,0,0,0,0
60038,2,1,4,0,0,0,0,0,0,0,0,0
60039,0,1,0,0,0,0,0,0,0,0,0,0
60039,1,1,0,0,0,0,0,0,0,0,0,0
60040,1,1,23,23,23,23,23,23,23,23,23,23
60041,0,1,31,0,0,0,0,7,10,12,5,0
60041,0,2,0,0,15,0,9,12,12,13,0,14
60041,0,3,0,0,0,0,0,0,0,0,0,0
60041,1,1,15,15,15,15,15,15,15,15,15,15
60042,1,1,0,0,0,0,0,0,0,0,0,0
60043,1,1,0,0,0,0,0,0,0,0,0,0
60044,1,1,0,0,0,0,0,0,0,0,0,0
60045,1,1,0,0,0,0,0,0,0,0,0,0
60046,0,1,0,0,0,0,0,0,0,0,0,0
60046,1,1,0,0,0,0,0,6,0,13,11,3
60047,0,1,32,32,32,32,32,32,32,32,32,32
60047,1,1,0,0,0,0,0,0,0,0,0,0
60048,0,1,0,0,0,0,0,0,0,0,0,0
60048,1,1,0,0,0,4,0,0,0,0,0,0
60049,1,1,0,0,0,0,0,0,0,7,0,0
60049,2,1,0,0,0,0,0,0,0,0,0,0
60049,3,1,0,0,0,0,0,0,0,0,0,0
60050,0,1,0,0,0,20,30,27,25,0,0,0
60050,1,1,13,25,0,0,0,23,0,0,0,0
60051,1,1,0,0,0,0,0,0,0,0,0,0
60051,2,1,0,0,0,0,0,0,0,0,0,0
60051,3,1,0,0,0,0,0,0,0,0,0,0
60051,4,1,0,0,0,12,0,0,0,0,0,0
60052,0,1,30,30,30,30,30,30,30,30,30,30
60052,1,1,0,0,0,0,0,0,0,18,0,0
60053,1,1,0,0,0,0,0,0,0,0,0,0
60053,2,1,0,0,0,0,0,0,0,0,0,0
60054,1,1,19,19,19,19,19,19,19,19,19,19
60054,2,1,0,0,0,6,0,0,0,0,0,0
60055,0,1,0,0,0,0,0,0,0,0,0,0
60055,1,1,0,0,0,0,0,0,0,0,0,0
60056,1,1,0,0,0,0,0,0,0,0,0,0
60057,0,1,0,0,0,0,0,0,0,0,0,0
60057,1,1,0,0,0,0,0,0,0,0,0,0
60058,1,1,23,23,23,23,23,23,23,23,23,23
60059,0,1,0,0,0,0,0,0,0,0,0,0
60059,1,1,0,0,0,0,0,0,0,0,0,0
60060,1,1,0,0,0,0,0,0,0,0,0,0
60060,2,1,0,0,0,0,0,0,0,0,0,0
60060,3,1,0,0,0,0,0,0,0,0,0,0
60061,1,1,0,0,0,0,0,0,0,0,0,0
60061,2,1,0,0,0,0,0,0,0,0,0,0
60061,3,1,0,0,0,0,0,0,0,0,0,0
60062,1,1,18,18,18,18,18,18,18,18,18,18
60062,2,1,0,0,0,0,0,0,0,0,0,0
60063,0,1,0,0,0,0,0,0,0,0,0,0
60063,1,1,0,0,0,0,0,0,0,0,9,15
60064,0,1,0,0,0,0,0,0,0,0,0,0
60064,1,1,0,0,0,0,0,0,0,0,0,0
60065,0,1,5,5,5,5,5,5,5,5,5,5
60065,1,1,0,0,0,0,0,0,0,0,0,0
60066,0,1,0,0,0,0,0,0,0,0,0,0
60066,1,1,0,19,0,0,0,19,0,0,0,15
60067,1,1,14,14,14,14,14,14,14,14,14,14
60068,1,1,0,0,0,0,0,0,0,0,0,0
60069,1,1,28,28,28,28,28,28,28,28,28,28
60069,2,1,0,0,0,0,0,0,0,0,0,0
60070,1,1,0,0,0,0,0,0,0,0,0,0
60071,1,1,25,17,14,27,12,8,15,14,26,12
60071,2,1,0,0,0,0,0,0,0,0,0,0
60072,1,1,4,4,4,4,4,4,4,4,4,4
60073,0,1,0,0,0,0,0,0,0,0,0,0
60073,1,1,0,0,10,0,0,0,0,0,0,0
60074,0,1,18,9,25,12,15,33,31,25,24,18
60074,1,1,16,16,16,16,16,16,16,16,16,16
60075,1,1,0,0,0,0,0,0,0,0,0,0
60076,0,1,0,0,0,0,0,0,0,0,0,0
60076,1,1,0,0,0,0,0,0,0,0,0,0
60077,1,1,0,0,0,0,0,14,0,0,0,0
60077,2,1,0,0,0,0,0,0,28,0,17,0
60077,3,1,27,27,27,27,27,27,27,27,27,27
60078,1,1,23,23,23,23,23,23,23,23,23,23
60079,1,1,2,2,2,2,2,2,2,2,2,2
60080,1,1,20,20,20,20,20,20,20,20,20,20
60081,1,1,13,13,13,13,13,13,13,13,13,13
60082,1,1,0,0,0,0,0,0,0,0,0,0
60083,1,1,12,12,12,12,12,12,12,12,12,12
60084,1,1,0,0,0,0,0,0,0,0,0,0
60085,1,1,0,0,0,0,0,0,0,0,16,0
60086,1,1,0,0,0,0,0,0,0,0,0,0
60087,1,1,0,0,0,0,0,0,0,0,0,0
60087,2,1,0,0,0,0,0,0,0,0,0,0
60088,1,1,0,0,0,0,0,0,0,0,0,0
60089,0,1,41,41,41,41,41,41,41,41,41,41
60089,1,1,0,15,0,0,0,0,20,0,0,0
60090,1,1,7,7,7,7,7,7,7,7,7,7
60091,1,1,0,0,0,0,0,0,0,0,0,0
60091,2,1,0,0,0,0,0,7,0,0,0,0
60092,1,1,14,14,14,14,14,14,14,14,14,14
60093,1,1,0,0,0,0,0,0,0,0,0,0
60093,2,1,0,0,0,0,0,0,0,0,0,0
60094,1,1,7,7,7,7,7,7,7,7,7,7
60095,1,1,32,32,32,32,32,32,32,32,32,32
60095,2,1,0,0,0,0,0,0,0,0,0,0
60096,1,1,0,0,0,0,0,0,0,0,0,0
60097,1,1,10,10,10,10,10,10,10,10,10,10
60098,1,1,0,0,0,0,0,0,0,0,0,0
60099,1,1,0,0,0,0,0,0,0,0,0,0
60100,1,1,20,0,0,0,0,22,0,0,0,0
60101,1,1,23,23,23,23,23,23,23,23,23,23
60102,1,1,12,12,12,12,12,12,12,12,12,12
60102,2,1,0,0,16,0,0,0,0,0,0,0
60103,1,1,0,0,0,0,0,0,0,0,0,0
60104,1,1,0,0,0,0,0,0,0,0,0,0
60105,0,1,20,20,20,20,20,20,20,20,20,20
60105,1,1,0,0,0,0,0,0,17,0,0,0
60106,0,1,0,0,0,0,0,0,0,0,0,0
60106,1,1,0,0,0,0,0,0,0,0,0,0
60107,1,1,15,15,15,15,15,15,15,15,15,15
60108,0,1,0,0,0,0,0,0,0,0,0,0
60108,1,1,0,0,0,0,0,0,0,0,0,0
60109,0,1,0,0,0,0,0,0,0,0,0,0
60109,1,1,0,0,0,0,0,0,0,0,0,0
60110,0,1,0,0,0,0,0,0,0,0,0,0
60110,1,1,0,0,0,0,0,0,0,0,20,0
60111,0,1,25,0,0,0,0,0,0,0,8,0
60111,1,1,0,0,0,0,0,0,0,0,0,0
60112,1,1,0,20,0,0,0,0,0,0,0,0
60112,2,1,0,0,0,0,0,0,0,0,0,0
60113,1,1,17,0,0,0,18,17,0,23,23,0
60113,2,1,5,5,5,5,5,5,5,5,5,5
60113,3,1,0,0,0,0,0,0,0,0,0,0
60113,4,1,0,0,0,0,0,0,0,0,0,3
60114,1,1,0,0,0,0,0,0,0,0,0,0
60114,2,1,0,0,0,0,0,0,0,0,0,0
60115,1,1,0,0,0,0,0,0,0,0,0,0
60116,0,1,0,0,0,0,0,0,0,0,0,0
60116,1,1,0,0,0,0,0,0,0,29,13,0
60117,0,1,0,0,0,0,0,0,0,0,0,0
60117,1,1,0,0,0,0,0,0,0,16,0,0
60118,1,1,0,23,0,0,0,0,20,0,0,0
60118,2,1,0,0,0,0,0,0,8,0,0,0
60119,0,1,0,0,0,0,0,0,0,0,0,0
60119,1,1,0,0,0,0,0,0,0,0,0,0
60120,1,1,12,12,12,12,12,12,12,12,12,12
60120,2,1,0,0,0,0,0,0,0,0,0,0
60121,1,1,0,0,0,0,0,0,0,0,0,0
60121,2,1,0,0,0,0,0,0,0,0,0,0
60122,1,1,18,18,18,18,18,18,18,18,18,18
60122,2,1,0,0,0,0,0,0,0,0,0,0
60122,3,1,0,0,0,0,0,0,0,0,0,0
60123,0,1,10,10,10,10,10,10,10,10,10,10
60123,1,1,0,0,0,0,0,0,0,0,0,0
60124,0,1,0,0,0,0,0,0,0,0,0,0
60124,1,1,0,0,0,0,0,0,0,0,0,0
60125,0,1,0,0,0,0,23,0,0,31,0,0
60125,0,2,0,0,0,0,0,0,0,0,0,0
60125,1,1,0,0,0,0,0,0,0,16,0,0
60126,1,1,0,0,0,0,0,0,0,0,0,0
60126,2,1,0,0,0,0,0,0,0,0,0,0
60126,3,1,0,0,0,0,0,0,0,0,0,0
60127,1,1,0,0,0,0,0,0,0,0,0,0
60127,2,1,0,0,0,0,0,0,0,0,0,0
60127,3,1,0,0,0,0,0,0,0,0,0,0
60127,4,1,0,0,0,0,0,0,0,0,0,0
60128,1,1,0,0,0,0,0,0,0,0,0,0
60129,0,1,0,0,0,0,0,0,0,0,0,0
60129,1,1,0,0,0,0,0,0,0,0,0,8
60130,1,1,12,12,12,12,12,12,12,12,12,12
60130,2,1,0,0,0,0,0,0,0,0,0,0
60131,1,1,21,21,21,21,21,21,21,21,21,21
60131,2,1,0,0,0,0,0,0,0,0,0,0
60132,1,1,0,0,0,0,0,0,0,0,0,0
60132,2,1,0,0,0,0,0,0,0,0,0,0
60133,1,1,0,0,0,0,0,0,0,0,0,0
60134,1,1,0,0,0,0,0,0,0,0,0,0
60135,1,1,0,0,0,0,0,0,0,0,0,0
60135,2,1,0,0,0,0,0,0,0,0,0,0
60136,1,1,0,0,0,0,0,0,0,0,0,0
60136,2,1,0,0,0,0,0,0,0,0,0,0
60137,1,1,0,0,0,0,0,23,0,0,0,6
60138,0,1,7,7,7,7,7,7,7,7,7,7
60138,1,1,0,0,0,0,0,0,0,0,0,0
60138,2,1,0,0,0,0,11,0,0,0,0,8
60138,3,1,18,0,0,0,17,0,0,0,0,0
60139,1,1,0,0,0,0,0,0,0,0,0,0
60140,1,1,0,14,10,0,0,0,12,0,0,0
60141,1,1,0,0,0,0,0,0,0,0,0,0
60142,1,1,0,0,0,0,0,0,0,0,0,0
60142,2,1,0,0,0,0,0,0,0,0,0,0
60143,1,1,14,14,14,14,14,14,14,14,14,14
60144,1,1,0,0,0,0,0,0,0,0,0,0
60144,2,1,0,0,0,0,0,0,0,0,0,0
60144,3,1,0,4,0,0,0,0,0,0,0,0
60145,1,1,0,0,0,0,0,0,0,0,0,0
60146,1,1,0,0,0,0,0,0,0,0,0,0
60146,2,1,0,0,0,0,0,6,0,0,0,0
60146,3,1,0,0,0,0,0,0,0,0,0,0
60147,1,1,0,0,0,0,0,0,0,0,0,0
60147,2,1,0,0,0,0,0,0,0,0,0,0
60147,3,1,0,10,0,0,0,0,0,0,0,0
60147,4,1,0,0,0,0,0,0,0,0,0,0
60148,1,1,0,0,0,0,0,0,0,0,0,0
60149,1,1,15,15,15,15,15,15,15,15,15,15
60150,1,1,0,0,0,0,0,0,0,0,0,0
60151,1,1,38,38,38,38,38,38,38,38,38,38
60152,1,1,0,0,0,0,0,0,0,0,0,0
60153,0,1,0,0,0,0,0,0,0,0,0,0
60153,1,1,0,0,0,0,0,0,0,0,0,0
60154,1,1,0,0,0,0,0,0,0,0,0,0
60155,1,1,14,14,14,14,14,14,14,14,14,14
60156,0,1,22,22,22,22,22,22,22,22,22,22
60156,1,1,12,0,0,0,0,0,0,0,8,0
60157,1,1,0,0,0,0,0,0,0,0,0,0
60157,2,1,0,0,0,0,0,0,0,0,0,0
60157,3,1,0,0,0,0,0,7,0,0,0,0
60158,0,1,0,0,0,0,0,0,0,0,0,0
60158,1,1,0,0,0,0,0,0,0,0,21,0
60159,0,1,0,0,0,0,0,0,0,0,0,0
60159,1,1,0,7,0,0,0,0,0,0,0,8
60160,1,1,0,0,0,0,0,0,0,0,0,0
60160,2,1,0,0,0,0,0,0,0,0,0,0
60161,0,1,0,0,0,0,0,0,0,0,0,0
60161,1,1,0,0,0,0,0,0,0,0,0,0
60162,0,1,19,19,19,19,19,19,19,19,19,19
60162,1,1,4,0,15,12,11,0,0,8,11,18
60163,1,1,0,0,0,0,0,0,0,0,0,0
60164,1,1,2,2,2,2,2,2,2,2,2,2
60164,2,1,0,0,0,0,0,0,0,0,0,0
60165,0,1,0,0,0,0,0,0,0,0,0,0
60165,1,1,0,0,5,0,0,0,0,0,0,0
60166,1,1,17,17,17,17,17,17,17,17,17,17
60167,0,1,0,0,0,0,0,0,0,0,0,0
60167,1,1,0,0,0,0,0,0,0,0,0,0
60167,2,1,0,0,0,0,0,0,0,0,0,0
60168,1,1,3,3,3,3,3,3,3,3,3,3
60168,2,1,0,0,0,0,0,0,0,0,0,0
60169,1,1,0,0,0,0,0,0,0,0,0,0
60169,2,1,0,0,0,0,0,0,0,0,0,0
60170,0,1,0,0,0,0,0,0,0,0,0,0
60170,1,1,12,19,19,8,24,10,25,10,27,14
60171,1,1,0,0,0,0,0,0,0,0,0,0
60171,2,1,0,0,0,0,0,0,0,0,0,0
60172,0,1,25,25,25,25,25,25,25,25,25,25
60172,0,2,4,9,23,14,36,0,36,17,21,6
60172,1,1,0,0,0,0,0,0,23,0,0,6
60173,0,1,0,0,0,0,0,0,0,0,0,0
60173,1,1,0,0,0,0,0,0,0,0,0,0
60174,0,1,0,0,0,0,0,0,0,0,0,0
60174,0,2,0,0,0,0,0,0,0,0,0,0
60174,1,1,0,0,0,18,0,0,0,0,36,0
60175,1,1,19,19,19,19,19,19,19,19,19,19
60175,2,1,0,0,0,0,0,0,0,0,0,0
60176,0,1,0,0,0,0,0,0,0,0,0,0
60176,1,1,10,0,15,4,0,17,13,29,10,25
60177,1,1,14,21,32,16,16,24,23,17,9,15
60177,2,1,0,0,0,0,0,0,0,0,0,0
60178,0,1,17,17,17,17,17,17,17,17,17,17
60178,1,1,0,0,0,0,0,0,0,0,0,0
60179,1,1,14,14,14,14,14,14,14,14,14,14
60179,2,1,0,0,0,0,0,0,0,0,0,0
60180,1,1,0,0,0,0,0,0,0,0,0,0
60180,2,1,0,0,0,0,0,0,0,0,0,0
60181,0,1,0,0,0,0,0,0,0,0,0,0
60181,1,1,0,0,0,0,0,13,0,0,0,0
60182,1,1,0,0,0,0,0,0,0,0,0,0
60182,2,1,0,0,0,0,0,0,0,0,0,0
60183,1,1,24,0,0,0,0,0,0,4,0,0
60183,2,1,0,0,0,23,0,0,0,22,0,0
60184,1,1,0,0,0,0,0,0,0,0,0,0
60184,2,1,0,0,0,23,0,0,9,0,0,0
60185,1,1,0,0,0,0,0,0,0,0,0,0
60185,2,1,0,0,0,0,0,0,0,0,0,0
60185,3,1,0,0,3,0,0,0,0,0,0,0
60186,1,1,19,19,19,19,19,19,19,19,19,19
60186,2,1,0,0,0,0,0,0,40,0,0,0
60187,1,1,0,0,0,0,0,0,0,0,0,0
60187,2,1,0,0,0,0,0,0,0,0,0,0
60188,1,1,0,0,0,0,0,0,0,0,0,0
60188,2,1,0,0,0,0,16,0,0,0,0,0
60189,1,1,22,0,0,0,0,0,15,0,0,0
60189,2,1,2,2,2,2,2,2,2,2,2,2
60189,3,1,0,0,0,0,0,0,15,0,0,0
60190,0,1,0,0,0,0,0,0,0,0,0,0
60190,1,1,12,0,0,0,0,0,0,0,10,0
60191,1,1,0,0,0,0,0,0,0,0,0,0
60191,2,1,0,0,0,0,0,0,0,0,0,0
60191,3,1,0,0,0,0,0,0,0,0,0,0
60192,0,1,11,11,11,11,11,11,11,11,11,11
60192,1,1,14,0,0,0,0,0,4,0,0,0
60193,0,1,0,0,0,0,0,0,0,0,0,0
60193,1,1,0,0,20,0,11,0,0,0,0,0
60194,1,1,0,0,0,0,0,13,0,0,0,0
60194,2,1,0,0,0,0,0,0,0,0,0,0
60195,0,1,9,9,9,9,9,9,9,9,9,9
60195,1,1,0,0,0,0,0,10,8,0,23,7
60196,1,1,31,31,31,31,31,31,31,31,31,31
60197,1,1,0,0,0,0,0,0,0,0,0,0
60198,1,1,0,0,0,0,0,0,0,0,0,0
60199,1,1,34,0,0,0,0,0,0,0,0,0
60199,2,1,0,0,0,0,0,0,0,0,0,0
60199,3,1,0,0,0,0,0,0,0,0,13,0
60199,4,1,0,0,0,0,0,18,0,0,0,0
60199,5,1,0,0,0,0,0,0,0,0,0,0
60199,6,1,4,0,0,0,24,0,0,0,0,0
60200,1,1,30,30,30,30,30,30,30,30,30,30
60200,2,1,0,0,0,0,0,0,0,0,0,0
60200,3,1,19,0,0,0,0,0,0,0,10,0
60201,0,1,0,0,0,0,0,0,0,0,0,0
60201,1,1,0,0,0,0,0,0,0,0,0,0
60202,1,1,0,0,0,0,0,0,0,0,0,0
60202,2,1,0,0,0,0,0,0,0,0,0,0
60203,1,1,35,35,35,35,35,35,35,35,35,35
60203,2,1,0,0,0,0,27,0,0,0,0,0
60204,1,1,14,14,14,14,14,14,14,14,14,14
60205,1,1,6,6,6,6,6,6,6,6,6,6
60205,2,1,0,0,0,0,0,0,0,0,0,0
60205,3,1,0,0,0,0,0,0,0,0,0,0
60206,0,1,0,0,0,0,0,0,0,0,0,0
60206,1,1,0,0,0,0,0,0,0,0,0,0
60207,0,1,24,24,24,24,24,24,24,24,24,24
60207,1,1,0,0,0,14,25,0,0,0,0,0
60208,1,1,0,0,0,0,0,0,0,0,0,0
60208,2,1,0,0,0,0,0,0,0,0,0,0
60209,0,1,0,0,0,0,0,0,0,0,0,0
60209,1,1,0,0,0,0,0,0,0,0,0,0
60210,1,1,21,0,0,0,0,0,0,0,0,0
60210,2,1,0,0,0,0,0,0,0,0,0,0
60211,0,1,0,0,0,0,0,0,0,0,0,0
60211,1,1,0,0,0,0,0,34,0,0,0,0
60212,1,1,0,0,0,0,0,0,0,0,0,0
60213,1,1,41,41,41,41,41,41,41,41,41,41
60214,1,1,8,8,8,8,8,8,8,8,8,8
60215,1,1,0,0,0,0,0,0,0,0,0,0
60216,1,1,0,0,0,11,0,0,0,0,0,0
60217,1,1,0,0,0,0,0,0,0,0,0,0
60218,1,1,0,0,0,0,0,0,0,0,0,0
60219,1,1,0,0,0,0,0,0,0,0,0,0
60220,1,1,0,0,0,0,0,0,0,0,0,0
60221,1,1,0,0,0,0,0,0,0,0,0,0
60222,1,1,23,23,23,23,23,23,23,23,23,23
60223,1,1,0,0,0,0,0,0,0,0,0,0
60224,1,1,26,0,9,28,19,0,21,28,13,33
60225,1,1,0,0,0,0,0,0,0,0,0,0
60226,1,1,22,0,16,8,0,7,22,14,21,15
60227,0,1,0,0,0,0,0,0,0,0,0,0
60228,0,1,14,14,14,14,14,14,14,14,14,14
60228,1,1,0,0,0,0,0,0,0,0,0,0
60229,0,1,39,39,39,39,39,39,39,39,39,39
60229,1,1,0,0,0,0,0,0,0,0,0,0
60230,1,1,27,27,27,27,27,27,27,27,27,27
60230,2,1,0,0,0,0,0,0,0,0,0,0
60231,0,1,0,0,0,0,0,0,0,0,0,0
60231,0,2,0,0,0,0,0,0,0,0,0,0
60231,1,1,0,0,0,0,0,0,0,0,0,0
60232,1,1,0,0,0,0,0,0,0,0,0,0
60233,1,1,16,16,16,16,16,16,16,16,16,16
60234,1,1,0,0,0,0,0,0,0,0,0,0
60235,1,1,0,0,0,0,0,0,0,0,0,0
60236,0,1,0,0,0,0,0,0,0,0,0,0
60236,1,1,0,0,0,0,0,0,0,0,0,0
60237,0,1,0,0,0,0,0,0,0,0,0,0
60237,1,1,0,0,0,0,0,0,0,0,0,0
60238,1,1,0,0,0,0,0,0,0,0,0,0
60238,2,1,0,0,0,0,0,0,0,0,0,0
60239,1,1,25,25,25,25,25,25,25,25,25,25
60239,2,1,0,0,0,0,0,0,0,0,0,0
60240,0,1,0,0,0,0,0,25,0,0,0,0
60240,0,2,0,0,0,0,0,0,0,0,0,0
60240,1,1,5,5,5,5,5,5,5,5,5,5
60241,1,1,0,0,0,0,0,0,0,0,0,0
60241,2,1,0,0,0,0,0,0,0,0,0,0
60242,1,1,0,0,0,0,0,0,0,0,0,0
60243,1,1,0,0,0,0,0,0,0,0,0,0
60243,2,1,7,0,7,0,0,0,0,17,0,21
60244,0,1,14,14,14,14,14,14,14,14,14,14
60244,1,1,0,0,0,0,0,0,0,0,0,0
60245,0,1,0,0,0,0,0,0,0,0,0,0
60245,0,2,0,0,0,0,0,12,35,0,0,0
60245,1,1,5,39,11,12,26,3,0,0,10,39
60246,0,1,0,0,0,0,0,0,0,0,0,0
60246,1,1,0,0,0,0,0,0,0,0,0,0
60247,1,1,19,19,19,19,19,19,19,19,19,19
60248,1,1,12,12,12,12,12,12,12,12,12,12
60249,0,1,0,0,0,0,0,0,0,0,0,0
60249,1,1,0,0,0,0,0,0,0,0,0,0
60250,1,1,0,0,0,0,0,0,0,0,0,0
60250,2,1,0,0,0,0,0,0,0,0,0,0
60251,1,1,21,21,21,21,21,21,21,21,21,21
60251,2,1,0,0,0,0,0,0,0,0,0,0
60252,0,1,0,0,0,0,0,0,0,0,0,0
60252,1,1,0,0,0,0,0,0,0,0,0,0
60252,2,1,0,10,0,0,0,10,0,0,14,0
60253,1,1,17,17,17,17,17,17,17,17,17,17
60253,2,1,0,0,0,0,0,0,0,0,0,0
60254,1,1,9,9,9,9,9,9,9,9,9,9
60255,1,1,0,0,0,0,0,0,0,0,0,0
60256,0,1,6,6,6,6,6,6,6,6,6,6
60256,1,1,13,13,13,13,13,13,13,13,13,13
60257,1,1,6,15,15,0,24,19,28,4,0,21
60258,1,1,0,0,0,0,0,0,0,0,0,0
60259,0,1,20,20,20,20,20,20,20,20,20,20
60259,1,1,0,18,0,20,0,38,12,0,6,25
60260,1,1,0,0,0,0,0,0,0,0,0,0
60261,1,1,0,0,0,0,0,0,0,0,0,0
60261,2,1,0,0,0,0,0,0,0,0,0,0
60262,0,1,7,0,0,0,20,0,0,28,13,7
60262,1,1,0,0,0,0,0,0,0,0,0,0
60263,1,1,11,0,28,10,0,17,12,0,0,27
60264,1,1,28,28,28,28,28,28,28,28,28,28
60265,0,1,26,26,26,26,26,26,26,26,26,26
60265,1,1,0,0,7,0,0,0,0,0,0,0
60266,1,1,0,0,0,0,0,0,0,0,0,0
60266,2,1,0,0,0,0,0,0,0,0,0,0
60267,0,1,0,0,11,0,0,0,0,0,0,0
60267,1,1,0,0,0,0,0,0,0,0,0,0
60268,0,1,7,7,7,7,7,7,7,7,7,7
60268,1,1,0,0,11,0,0,0,0,22,0,19
60269,1,1,0,13,0,0,0,0,0,0,0,0
60269,2,1,0,0,0,8,0,0,0,0,0,0
60269,3,1,0,0,0,0,0,0,0,0,0,0
60269,4,1,0,0,0,0,0,16,0,0,0,0
60270,1,1,12,12,12,12,12,12,12,12,12,12
60271,1,1,17,1,14,15,17,7,21,23,29,29
60272,1,1,0,0,0,0,0,0,0,0,0,0
60273,1,1,21,21,21,21,21,21,21,21,21,21
60273,2,1,1,1,1,1,1,1,1,1,1,1
60274,0,1,6,6,6,6,6,6,6,6,6,6
60274,1,1,1,1,1,1,1,1,1,1,1,1
60275,0,1,0,0,0,0,0,0,0,0,0,0
60275,1,1,0,0,0,0,0,0,0,0,0,0
60276,1,1,0,0,0,0,0,0,0,0,0,0
60276,2,1,0,0,0,0,0,0,0,0,0,0
60276,3,1,0,0,0,0,0,0,0,0,0,0
60277,0,1,0,0,0,0,0,0,0,0,0,0
60277,1,1,0,0,0,0,0,14,0,0,0,0
60278,0,1,22,22,22,22,22,22,22,22,22,22
60278,1,1,0,0,0,0,2,0,1,0,0,0
60279,1,1,0,0,0,0,0,0,0,0,0,0
60280,1,1,20,20,20,20,20,20,20,20,20,20
60281,0,1,15,15,15,15,15,15,15,15,15,15
60281,1,1,0,0,0,0,0,0,3,0,12,9
60282,1,1,0,0,0,0,0,0,0,0,0,0
60283,1,1,0,0,0,0,0,0,0,0,0,0
60284,1,1,0,0,0,0,0,0,0,0,0,0
60285,1,1,0,0,0,0,0,0,0,0,0,0