ST_CASE,VEH_NO,PER_NO,P1,P2,P3,P4,P5,P6,P7,P8,P9,P10
60555,1,1,0,0,0,0,0,0,0,0,0,0
60556,1,1,2,2,2,2,2,2,2,2,2,2
60556,2,1,0,0,0,0,0,0,0,0,11,0
60556,3,1,0,0,0,0,0,0,0,0,0,0
60556,4,1,0,0,0,0,0,18,0,0,0,0
60557,1,1,0,0,0,0,0,0,0,0,0,0
60558,0,1,0,0,0,0,0,0,0,0,0,0
60558,2,1,0,0,0,0,0,0,0,0,0,0
60559,1,1,0,0,0,13,0,0,0,0,0,0
60560,0,1,0,0,0,0,0,0,0,0,0,0
60560,1,1,0,0,36,0,0,0,0,0,0,0
60561,0,1,0,0,0,0,0,0,0,0,0,0
60561,1,1,0,0,0,0,0,0,0,0,0,0
60562,0,1,0,0,0,0,0,0,0,0,0,0
60562,1,1,0,10,0,0,0,0,10,0,0,0
60563,1,1,28,28,28,28,28,28,28,28,28,28
60564,1,1,7,7,7,7,7,7,7,7,7,7
60565,1,1,0,0,0,0,0,0,0,0,0,0
60565,2,1,0,0,0,0,0,0,0,0,0,0
60566,0,1,0,0,0,0,0,0,0,0,0,0
60566,1,1,0,0,0,0,0,0,0,0,0,0
60567,0,1,0,0,0,0,0,0,0,0,0,0
60567,1,1,0,0,0,0,0,0,0,0,0,0
60568,1,1,0,0,0,0,0,0,0,0,0,0
60569,0,1,0,0,0,0,0,0,0,0,0,0
60569,1,1,0,0,0,0,0,0,0,0,0,0
60570,0,1,0,0,0,0,0,0,0,0,0,0
60570,1,1,0,14,0,13,0,0,6,11,3,0
60571,1,1,0,0,0,0,0,0,0,0,0,0
60572,1,1,23,23,23,23,23,23,23,23,23,23
60573,1,1,3,0,0,0,0,0,0,0,0,0
60573,2,1,0,21,0,34,0,0,0,0,0,0
60574,1,1,0,0,0,0,0,0,0,0,0,0
60575,1,1,0,0,0,0,0,0,0,0,0,0
60575,2,1,0,0,0,0,0,0,0,0,0,0
60576,0,1,0,0,0,0,0,0,0,0,0,0
60576,1,1,0,0,0,0,0,0,20,0,0,0
60577,0,1,0,0,0,0,0,0,0,0,0,0
60577,1,1,0,0,0,0,0,0,0,0,0,0
60578,1,1,9,9,9,9,9,9,9,9,9,9
60578,2,1,12,0,12,0,0,0,0,16,0,26
60579,1,1,13,13,13,13,13,13,13,13,13,13
60580,0,1,0,0,0,0,22,0,27,0,0,0
60580,1,1,0,0,0,0,0,0,0,0,0,0
60581,1,1,0,0,0,0,0,0,0,0,0,0
60582,1,1,2,2,2,2,2,2,2,2,2,2
60582,2,1,27,0,0,0,17,0,9,21,18,4
60583,1,1,22,22,22,22,22,22,22,22,22,22
60583,2,1,0,0,0,0,0,0,0,0,0,0
60584,1,1,25,25,25,25,25,25,25,25,25,25
60585,1,1,0,0,0,0,0,0,0,0,0,0
60586,0,1,0,0,0,0,0,0,0,0,0,0
60586,1,1,0,0,0,0,0,0,0,0,0,0
60587,0,1,0,0,0,0,3,0,0,0,0,0
60587,1,1,0,0,0,0,0,0,0,0,0,0
60587,2,1,0,0,0,0,0,0,0,0,0,0
60587,3,1,0,0,0,30,0,0,0,0,0,0
60588,1,1,1,1,1,1,1,1,1,1,1,1
60589,1,1,0,0,0,0,0,0,0,0,0,0
60589,2,1,0,0,0,0,0,0,0,0,0,0
60589,3,1,13,0,0,0,0,9,0,0,18,0
60590,1,1,0,0,0,0,0,0,0,0,0,0
60590,2,1,0,0,0,0,0,0,0,0,0,0
60591,0,1,26,26,26,26,26,26,26,26,26,26
60591,1,1,0,0,22,0,0,0,0,0,16,0
60592,0,1,11,11,11,11,11,11,11,11,11,11
60592,0,2,12,12,12,12,12,12,12,12,12,12
60592,1,1,0,0,25,27,0,0,13,0,0,19
60593,0,1,0,0,0,0,0,0,0,0,0,0
60593,1,1,4,0,0,0,0,0,0,0,0,0
60594,1,1,0,0,0,0,0,0,0,0,0,0
60594,2,1,0,0,0,0,0,0,0,0,0,0
60595,0,1,0,3,0,0,0,0,28,17,0,0
60595,1,1,0,0,0,0,0,0,0,0,0,0
60596,1,1,10,10,10,10,10,10,10,10,10,10
60597,0,1,17,17,17,17,17,17,17,17,17,17
60597,1,1,0,0,0,0,0,0,0,0,0,0
60598,0,1,17,17,17,17,17,17,17,17,17,17
60598,1,1,0,0,0,0,15,13,28,0,22,20
60599,1,1,0,0,0,0,0,0,0,0,0,0
60600,0,1,0,0,0,0,0,0,0,0,0,0
60600,1,1,11,0,0,0,0,0,14,0,0,0
60601,0,1,0,0,0,0,16,0,0,0,0,0
60601,1,1,0,0,0,0,28,0,0,0,0,0
60602,0,1,0,0,0,0,0,0,0,0,0,0
60602,1,1,0,0,0,0,0,0,0,0,0,0
60603,1,1,0,0,0,0,0,0,0,0,0,0
60604,0,1,17,17,17,17,17,17,17,17,17,17
60604,1,1,0,0,0,10,0,0,0,0,0,0
60605,1,1,18,18,18,18,18,18,18,18,18,18
60606,1,1,0,0,0,0,0,0,0,0,0,0
60607,1,1,14,14,14,14,14,14,14,14,14,14
60608,1,1,0,0,0,0,0,0,0,0,0,0
60609,1,1,19,19,19,19,19,19,19,19,19,19
60610,0,1,0,0,0,0,0,0,0,0,0,0
60610,1,1,0,0,0,0,0,0,0,0,0,0
60611,1,1,13,13,17,6,21,25,12,9,14,20
60611,2,1,0,0,0,0,0,0,0,0,0,0
60612,1,1,20,20,20,20,20,20,20,20,20,20
60612,2,1,0,0,0,0,0,0,0,0,0,0
60613,0,1,7,7,7,7,7,7,7,7,7,7
60613,1,1,0,0,0,0,0,0,0,0,0,0
60614,1,1,0,0,0,0,0,0,0,0,0,0
60614,2,1,0,0,0,0,0,0,0,0,0,0
60615,0,1,29,29,29,29,29,29,29,29,29,29
60615,1,1,0,0,0,0,0,0,0,0,0,0
60616,1,1,0,0,0,0,0,0,0,0,0,0
60616,2,1,0,0,0,0,0,0,0,0,0,0
60617,1,1,17,17,17,17,17,17,17,17,17,17
60617,2,1,0,0,0,0,0,0,0,0,0,0
60618,1,1,0,0,0,0,0,0,0,0,0,0
60618,2,1,0,0,0,0,0,0,0,0,0,0
60618,3,1,0,0,0,0,0,0,0,0,0,0
60619,1,1,9,9,9,9,9,9,9,9,9,9
60619,2,1,0,0,0,0,0,0,0,0,0,0
60620,1,1,0,0,0,0,0,0,0,0,0,0
60621,1,1,0,0,0,0,0,0,0,0,0,0
60622,1,1,0,0,0,0,0,0,0,0,0,0
60622,2,1,0,0,0,0,0,0,0,0,0,0
60623,1,1,25,25,25,25,25,25,25,25,25,25
60624,0,1,0,0,0,0,0,0,0,0,0,0
60625,1,1,0,0,0,0,0,0,0,0,0,0
60625,2,1,0,0,0,19,0,0,0,0,0,0
60626,1,1,0,0,0,0,0,0,0,0,0,0
60627,1,1,25,25,25,25,25,25,25,25,25,25
60627,2,1,0,0,0,0,0,0,0,0,0,0
60628,1,1,6,6,6,6,6,6,6,6,6,6
60629,1,1,0,0,0,0,0,0,0,0,0,0
60629,2,1,0,0,21,0,0,0,0,0,0,0
60629,3,1,0,0,0,0,0,0,0,0,0,0
60630,1,1,0,0,0,0,0,0,0,0,0,0
60630,2,1,0,0,0,0,0,0,0,0,0,0
60631,1,1,4,4,4,4,4,4,4,4,4,4
60631,2,1,0,0,0,0,0,0,0,0,7,0
60632,0,1,0,0,0,0,0,0,0,0,0,0
60632,1,1,0,0,14,0,0,0,0,0,0,0
60633,0,1,0,0,0,0,0,0,0,0,0,0
60633,1,1,0,0,0,13,21,59,0,0,0,20
60634,1,1,0,0,0,0,0,0,0,0,0,0
60635,1,1,0,0,0,0,0,0,0,0,0,0
60636,1,1,1,1,1,1,1,1,1,1,1,1
60636,2,1,0,0,0,22,0,0,0,0,0,0
60637,1,1,0,0,0,0,0,0,0,0,0,0
60637,2,1,0,0,0,0,0,0,0,0,0,0
60637,3,1,0,0,0,0,0,0,0,0,0,0
60638,1,1,0,0,0,0,0,0,0,0,0,0
60638,2,1,0,0,0,0,0,0,0,0,0,0
60639,1,1,0,0,0,0,0,0,0,0,0,0
60639,2,1,0,0,0,0,0,0,0,0,0,0
60640,1,1,0,0,0,0,0,0,0,0,0,0
60640,2,1,0,0,0,0,0,0,0,0,0,0
60641,0,1,0,0,0,0,0,0,0,0,0,0
60641,1,1,0,0,0,0,0,0,0,0,0,0
60642,1,1,11,11,11,11,11,11,11,11,11,11
60643,1,1,0,0,0,0,0,0,0,0,0,0
60643,2,1,0,0,14,0,0,0,0,0,0,0
60644,1,1,0,3,0,0,0,0,0,0,0,0
60645,1,1,0,0,0,0,0,0,0,0,0,0
60645,2,1,0,0,0,0,0,0,0,0,0,0
60646,0,1,15,11,15,31,0,0,37,22,0,0
60646,1,1,0,0,0,0,0,0,0,9,0,0
60647,1,1,10,10,10,10,10,10,10,10,10,10
60648,1,1,0,0,0,0,0,0,0,0,0,0
60648,2,1,0,0,0,0,0,0,0,0,0,0
60649,1,1,0,0,0,0,0,0,0,0,0,0
60649,2,1,0,0,0,0,0,0,0,0,0,0
60649,3,1,0,0,0,0,0,0,0,0,0,0
60650,1,1,13,13,13,13,13,13,13,13,13,13
60651,1,1,8,8,8,8,8,8,8,8,8,8
60651,2,1,0,0,0,0,0,0,0,0,0,0
60652,1,1,0,0,0,0,0,0,0,0,0,0
60653,1,1,15,15,15,15,15,15,15,15,15,15
60654,1,1,20,20,20,20,20,20,20,20,20,20
60655,1,1,8,8,8,8,8,8,8,8,8,8
60656,1,1,21,21,21,21,21,21,21,21,21,21
60657,1,1,22,22,22,22,22,22,22,22,22,22
60658,1,1,9,9,9,9,9,9,9,9,9,9
60659,1,1,4,4,4,4,4,4,4,4,4,4
60660,0,1,0,0,0,0,0,0,0,0,0,0
60660,1,1,0,0,0,2,0,0,0,0,0,0
60661,1,1,0,0,0,0,0,14,0,0,0,4
60662,1,1,0,0,0,0,0,0,0,0,0,0
60663,1,1,0,0,0,0,0,0,0,0,0,0
60663,2,1,0,0,0,0,0,0,0,0,0,0
60664,1,1,0,0,0,0,0,0,0,0,0,0
60665,1,1,19,19,19,19,19,19,19,19,19,19
60665,2,1,0,0,0,0,0,17,0,0,0,0
60666,1,1,9,9,9,9,9,9,9,9,9,9
60667,1,1,0,0,0,0,0,0,0,0,0,0
60667,2,1,0,0,0,0,0,0,0,0,0,0
60668,0,1,7,7,7,7,7,7,7,7,7,7
60668,1,1,0,24,0,0,0,0,0,0,0,8
60669,1,1,0,0,0,0,0,0,0,0,0,0
60670,1,1,18,18,18,18,18,18,18,18,18,18
60671,0,1,12,8,16,21,20,21,14,22,32,30
60671,1,1,0,0,0,0,0,0,0,0,0,0
60672,1,1,0,0,0,0,0,0,0,0,0,0
60672,2,1,0,0,0,0,0,0,16,0,0,0
60673,1,1,26,0,0,0,0,9,0,0,8,15
60673,2,1,16,0,14,36,0,21,0,16,25,0
60674,1,1,14,14,14,14,14,14,14,14,14,14
60674,2,1,0,0,0,0,0,0,0,0,0,0
60675,1,1,40,40,40,40,40,40,40,40,40,40
60676,1,1,0,0,0,0,0,0,0,0,0,0
60678,1,1,19,11,10,14,18,0,12,18,4,18
60678,2,1,0,0,0,0,0,0,0,0,0,0
60679,1,1,21,21,21,21,21,21,21,21,21,21
60679,2,1,0,0,0,0,0,0,0,0,0,0
60680,1,1,5,5,5,5,5,5,5,5,5,5
60681,0,1,0,0,0,0,0,0,0,0,0,0
60681,0,2,0,0,0,0,0,0,0,0,0,0
60681,1,1,0,0,0,0,0,0,0,0,0,0
60682,1,1,0,0,0,0,0,0,0,0,0,0
60682,2,1,0,0,0,0,0,0,0,0,0,0
60683,1,1,0,0,0,0,0,0,0,0,0,0
60685,1,1,8,8,8,8,8,8,8,8,8,8
60687,1,1,1,1,1,1,1,1,1,1,1,1
60688,1,1,0,0,0,0,0,0,0,0,0,0
60689,1,1,0,0,0,0,0,0,0,0,0,0
60689,2,1,0,0,0,0,0,0,0,0,0,0
60689,3,1,0,0,0,0,0,0,0,0,0,7
60690,1,1,18,18,18,18,18,18,18,18,18,18
60691,1,1,0,0,0,0,0,0,0,0,0,0
60692,0,1,0,0,0,0,0,0,0,0,0,0
60692,1,1,0,0,17,8,0,0,0,0,0,0
60693,0,1,19,19,19,19,19,19,19,19,19,19
60693,1,1,0,0,0,0,0,0,12,0,0,0
60694,1,1,0,0,0,0,0,0,0,0,0,0
60694,2,1,0,0,0,0,0,0,0,0,0,0
60695,0,1,0,0,0,0,0,0,0,0,0,0
60695,1,1,14,14,14,14,14,14,14,14,14,14
60696,1,1,11,11,11,11,11,11,11,11,11,11
60697,0,1,0,0,0,0,30,0,5,0,0,0
60697,1,1,0,0,0,0,0,0,13,0,0,0
60698,0,1,0,0,0,0,0,0,0,0,0,0
60698,1,1,0,6,0,0,0,29,0,0,0,0
60699,0,1,0,0,0,0,0,0,0,0,0,0
60699,1,1,0,0,0,0,0,0,0,0,0,0
60700,1,1,0,14,12,21,18,36,0,10,18,21
60701,1,1,20,20,20,20,20,20,20,20,20,20
60701,2,1,0,0,0,0,0,0,0,0,0,0
60703,0,1,0,0,0,0,0,0,0,0,0,0
60703,1,1,0,0,0,0,0,0,0,0,0,0
60704,1,1,0,0,0,0,0,0,0,0,0,0
60704,2,1,0,0,0,0,0,0,0,0,0,0
60705,0,1,0,0,0,0,0,0,0,0,0,0
60705,1,1,0,0,0,0,0,0,0,0,0,0
60706,1,1,0,0,0,0,0,0,0,0,0,0
60706,2,1,0,0,0,0,0,0,0,0,0,0
60707,1,1,21,21,21,21,21,21,21,21,21,21
60708,0,1,16,16,16,16,16,16,16,16,16,16
60708,1,1,0,0,0,0,0,0,0,0,0,15
60709,1,1,0,0,0,0,0,0,0,0,0,0
60709,2,1,0,0,0,0,0,0,0,0,0,0
60710,1,1,9,9,9,9,9,9,9,9,9,9
60710,2,1,0,0,0,0,0,0,0,0,0,0
60711,1,1,14,14,14,14,14,14,14,14,14,14
60712,1,1,19,15,10,18,17,6,22,20,10,13
60713,1,1,0,0,0,0,0,0,0,0,0,0
60713,2,1,0,0,0,0,0,0,0,0,0,0
60713,3,1,20,0,0,0,0,0,0,0,0,0
60713,4,1,0,0,0,0,0,0,0,10,0,0
60713,5,1,0,0,0,0,0,0,0,0,0,0
60714,1,1,2,2,2,2,2,2,2,2,2,2
60715,1,1,0,0,0,0,0,0,0,0,0,0
60716,1,1,21,21,21,21,21,21,21,21,21,21
60717,0,1,25,26,7,36,0,0,15,13,17,20
60717,1,1,8,0,0,0,0,0,0,0,0,0
60718,1,1,0,0,0,0,0,0,0,0,0,0
60718,2,1,0,0,0,0,0,15,15,0,0,0
60719,1,1,0,0,0,0,0,0,0,0,0,0
60720,1,1,19,19,19,19,19,19,19,19,19,19
60721,1,1,0,0,0,0,0,0,0,0,0,0
60723,0,1,34,34,34,34,34,34,34,34,34,34
60723,1,1,0,7,0,0,0,0,14,0,13,0
60724,1,1,0,0,0,0,0,0,0,0,0,0
60724,2,1,0,0,0,0,0,7,0,0,0,0
60725,1,1,21,21,21,21,21,21,21,21,21,21
60726,1,1,0,0,0,0,0,0,0,0,0,0
60727,0,1,0,0,0,0,0,0,0,0,0,0
60727,0,2,0,0,0,25,0,0,0,0,0,0
60727,1,1,20,20,20,20,20,20,20,20,20,20
60728,1,1,10,10,10,10,10,10,10,10,10,10
60728,2,1,3,3,3,3,3,3,3,3,3,3
60729,1,1,19,19,19,19,19,19,19,19,19,19
60729,2,1,0,0,0,0,0,0,0,0,0,0
60730,1,1,0,0,0,0,0,0,0,0,0,0
60730,2,1,0,0,0,0,0,0,0,0,0,0
60732,1,1,19,19,19,19,19,19,19,19,19,19
60732,2,1,0,0,0,0,0,0,0,0,0,0
60733,1,1,9,0,0,0,0,19,0,11,0,0
60734,1,1,0,0,0,0,0,0,0,0,0,0
60735,1,1,21,21,21,21,21,21,21,21,21,21
60735,2,1,0,0,0,0,0,0,0,0,0,0
60736,1,1,7,7,7,7,7,7,7,7,7,7
60737,1,1,0,0,0,0,0,0,0,0,0,0
60738,1,1,0,0,0,0,23,0,0,0,0,0
60738,2,1,0,0,0,0,0,0,0,0,0,0
60739,1,1,6,6,6,6,6,6,6,6,6,6
60742,1,1,0,0,0,0,0,0,0,0,0,0
60742,2,1,0,0,34,0,34,0,0,0,0,0
60743,1,1,0,0,0,0,0,0,0,0,0,0
60743,2,1,0,0,0,0,0,0,0,13,0,0
60744,1,1,0,0,0,0,0,0,0,0,0,0
60746,1,1,0,0,0,0,0,0,0,0,0,0
60746,2,1,0,0,0,0,0,0,0,0,0,0
60747,1,1,17,17,17,17,17,17,17,17,17,17
60749,1,1,0,0,0,0,0,0,0,0,0,0
60749,2,1,0,0,0,0,0,34,0,0,0,0
60750,1,1,0,0,0,0,0,0,0,0,0,0
60751,1,1,0,0,0,0,0,0,0,0,0,0
60752,1,1,0,0,0,0,0,0,0,0,0,0
60752,2,1,0,0,1,0,0,0,0,0,0,0
60753,1,1,0,0,0,0,0,0,0,0,0,0
60753,2,1,0,0,0,0,0,0,0,0,0,0
60754,1,1,12,12,12,12,12,12,12,12,12,12
60754,2,1,0,0,0,0,0,0,0,0,0,0
60754,3,1,0,0,0,0,0,0,0,0,0,0
60755,1,1,15,15,15,15,15,15,15,15,15,15
60757,1,1,27,16,13,28,12,10,18,8,5,7
60758,1,1,0,0,0,0,0,0,0,0,0,0
60758,2,1,0,0,0,0,0,0,0,0,0,0
60759,1,1,0,0,0,0,0,0,0,0,0,0
60759,2,1,0,15,0,0,0,0,0,0,0,0
60760,1,1,2,2,2,2,2,2,2,2,2,2
60761,0,1,0,0,0,0,0,0,0,0,0,0
60761,1,1,9,8,11,0,24,0,10,0,22,0
60763,1,1,0,0,0,0,0,0,0,0,0,0
60764,1,1,0,0,0,0,0,0,0,0,0,0
60764,2,1,0,0,0,0,0,0,0,0,0,0
60765,0,1,47,47,47,47,47,47,47,47,47,47
60765,1,1,0,0,0,5,0,0,0,0,0,0
60766,2,1,0,13,0,0,0,0,0,0,0,0
60766,3,1,0,0,0,0,0,20,0,0,0,0
60767,0,1,0,0,0,0,0,0,0,0,0,0
60767,1,1,0,0,0,0,0,0,0,0,0,0
60768,0,1,0,0,0,0,0,0,0,0,0,0
60768,1,1,0,0,0,0,21,0,0,7,0,0
60769,1,1,0,0,0,18,0,0,0,0,0,0
60769,2,1,0,0,0,0,0,0,0,0,0,0
60769,3,1,0,0,0,0,0,0,0,0,0,0
60770,1,1,0,0,0,0,0,0,0,0,0,0
60770,2,1,0,0,0,0,0,0,0,0,0,0
60770,3,1,0,0,0,0,0,0,0,0,0,0
60771,0,1,0,0,0,0,0,0,0,0,0,0
60771,1,1,0,0,0,0,0,0,0,0,5,0
60772,1,1,22,22,22,22,22,22,22,22,22,22
60773,1,1,13,13,13,13,13,13,13,13,13,13
60773,2,1,0,10,11,0,0,14,42,9,9,25
60774,1,1,0,0,0,0,0,0,0,0,0,0
60774,2,1,0,0,0,0,0,0,6,0,0,0
60775,1,1,0,0,0,0,0,0,0,0,0,0
60776,1,1,0,0,0,0,0,0,0,0,0,0
60776,2,1,0,0,0,0,0,0,0,0,0,0
60777,1,1,0,0,0,0,0,0,0,0,0,0
60779,0,1,0,0,0,0,0,0,0,0,0,0
60779,1,1,0,0,0,0,0,0,0,0,0,18
60780,1,1,0,0,0,0,0,0,0,0,0,0
60781,1,1,0,0,0,0,0,0,0,0,0,0
60781,2,1,0,0,0,0,0,0,0,0,0,0
60782,1,1,0,0,0,9,0,0,0,0,0,0
60782,2,1,0,0,0,0,0,0,0,0,0,0
60782,3,1,0,0,0,0,0,0,0,0,0,0
60783,1,1,19,19,19,19,19,19,19,19,19,19
60783,2,1,0,17,0,0,15,10,0,0,0,7
60784,1,1,0,0,0,0,0,0,0,0,0,0
60784,2,1,0,0,0,0,0,0,0,0,0,0
60785,1,1,0,0,0,0,0,0,0,0,0,0
60785,2,1,0,0,0,0,0,0,0,0,0,0
60786,0,1,0,0,0,0,0,0,0,0,0,0
60786,1,1,0,0,19,28,0,0,0,0,0,0
60786,2,1,0,0,0,0,0,0,0,0,0,0
60787,0,1,20,20,20,20,20,20,20,20,20,20
60787,1,1,0,0,0,0,0,0,0,0,0,0
60789,0,1,0,0,0,0,0,0,0,0,0,0
60789,1,1,0,0,11,0,0,0,0,0,0,0
60790,1,1,0,0,0,0,0,0,18,0,0,0
60790,2,1,5,5,5,5,5,5,5,5,5,5
60791,1,1,0,0,0,0,0,0,0,0,0,0
60791,2,1,0,0,0,0,0,0,5,0,0,0
60792,1,1,0,0,0,0,0,0,0,0,0,0
60792,2,1,0,0,0,0,0,0,0,0,0,0
60793,1,1,0,0,0,0,0,0,0,0,0,0
60795,1,1,18,18,18,18,18,18,18,18,18,18
60796,1,1,0,0,0,0,0,0,0,0,0,0
60796,3,1,0,0,0,0,0,0,0,0,0,0
60797,1,1,0,0,0,0,0,0,0,0,0,0
60797,2,1,0,0,0,0,0,0,0,0,0,0
60798,1,1,0,0,0,0,0,18,0,0,15,0
60798,2,1,0,0,0,0,0,0,0,0,0,34
60798,3,1,0,0,0,0,0,0,0,0,0,0
60799,1,1,0,0,0,0,0,0,0,0,0,0
60800,1,1,0,0,0,0,0,0,0,0,0,0
60801,1,1,8,8,8,8,8,8,8,8,8,8
60801,2,1,0,0,0,0,0,0,0,0,0,0
60802,1,1,0,0,0,0,0,0,0,0,0,0
60803,1,1,10,10,10,10,10,10,10,10,10,10
60804,1,1,14,14,14,14,14,14,14,14,14,14
60804,2,1,0,0,0,0,0,0,0,19,0,0
60805,1,1,24,24,24,24,24,24,24,24,24,24
60806,1,1,0,0,0,0,0,0,0,0,0,0
60806,2,1,0,0,0,0,0,0,0,0,0,0
60807,1,1,0,0,0,0,0,0,0,0,0,0
60807,2,1,0,0,0,0,0,0,0,0,0,0
60808,1,1,0,0,0,0,0,0,0,0,0,0
60809,1,1,0,10,0,0,0,0,0,0,0,9
60809,2,1,0,3,0,0,0,0,0,8,0,0
60810,1,1,3,3,3,3,3,3,3,3,3,3
60811,1,1,0,0,0,0,0,0,0,0,0,0
60812,1,1,0,0,12,0,0,0,4,0,0,0
60814,1,1,0,0,0,0,0,0,0,0,0,0
60815,1,1,0,0,0,0,0,0,0,0,0,0
60817,1,1,0,0,0,0,0,0,0,0,0,0
60818,1,1,0,0,0,0,0,0,0,0,0,0
60819,1,1,0,0,0,0,0,0,0,0,0,0
60820,0,1,16,16,16,16,16,16,16,16,16,16
60820,1,1,14,14,0,17,0,0,12,19,13,13
60821,1,1,25,25,25,25,25,25,25,25,25,25
60822,1,1,0,0,0,0,0,0,0,0,0,0
60822,2,1,0,0,0,0,0,0,0,0,0,0
60823,1,1,4,4,4,4,4,4,4,4,4,4
60824,1,1,0,0,0,0,0,0,0,0,0,0
60824,2,1,0,0,0,0,0,0,0,0,0,0
60824,3,1,0,0,0,0,0,0,0,0,0,29
60824,4,1,0,0,0,0,0,0,0,0,0,0
60826,0,1,20,20,20,20,20,20,20,20,20,20
60826,1,1,0,0,0,0,0,0,0,0,0,0
60827,1,1,0,0,0,0,0,0,0,0,0,0
60828,1,1,18,18,18,18,18,18,18,18,18,18
60829,1,1,0,0,0,0,0,0,0,0,0,0
60830,1,1,2,2,2,2,2,2,2,2,2,2
60830,2,1,0,0,0,0,0,0,0,0,0,0
60831,1,1,0,0,0,0,0,0,0,0,0,0
60832,0,1,34,34,34,34,34,34,34,34,34,34
60832,1,1,0,11,0,0,0,0,0,4,8,0
60833,0,1,0,0,0,0,0,0,0,0,0,0
60833,1,1,0,0,0,0,0,0,0,0,0,0
60834,1,1,24,24,24,24,24,24,24,24,24,24
60834,2,1,0,22,0,13,14,0,0,17,0,0
60835,1,1,0,0,0,0,0,0,0,0,0,0
60835,2,1,1,1,1,1,1,1,1,1,1,1
60836,1,1,0,0,0,0,0,0,0,0,0,0
60837,0,1,0,0,0,0,0,0,0,0,0,0
60837,1,1,8,0,0,0,0,7,0,0,0,0
60838,1,1,0,0,0,0,0,0,0,0,0,0
60839,1,1,0,0,0,9,0,0,0,0,12,0
60840,1,1,0,0,0,0,0,0,0,0,0,0
60840,2,1,0,0,11,0,0,0,0,0,0,0
60840,3,1,0,0,0,0,0,0,0,0,0,0
60841,0,1,21,0,0,0,0,0,0,17,0,0
60841,1,1,16,16,16,16,16,16,16,16,16,16
60842,1,1,2,2,2,2,2,2,2,2,2,2
60843,1,1,0,0,0,0,0,0,0,0,0,0
60844,1,1,0,0,0,0,0,0,0,0,0,0
60845,1,1,16,0,0,0,0,0,0,0,0,0
60846,1,1,23,23,23,23,23,23,23,23,23,23
60847,1,1,0,0,0,0,0,0,0,0,0,0
60847,2,1,0,0,0,0,0,0,0,0,0,0
60849,1,1,0,0,0,0,0,0,0,0,0,0
60849,2,1,0,0,0,0,0,0,3,0,0,0
60850,1,1,15,15,15,15,15,15,15,15,15,15
60851,1,1,0,0,0,0,0,0,0,0,0,13
60852,1,1,0,0,0,0,5,0,0,0,0,0
60853,1,1,12,12,12,12,12,12,12,12,12,12
60853,2,1,0,0,0,0,0,0,0,0,0,0
60854,1,1,0,0,0,0,0,0,0,0,0,0
60855,1,1,0,0,0,0,0,0,0,0,0,0
60855,2,1,16,0,0,0,0,0,0,0,0,0
60856,1,1,0,0,0,0,0,0,0,0,0,0
60856,2,1,0,0,0,0,0,0,0,0,0,0
60857,1,1,0,0,0,0,0,0,0,0,0,0
60858,1,1,20,0,0,17,0,0,23,0,0,0
60859,1,1,0,17,11,14,15,9,31,8,22,21
60860,1,1,9,9,9,9,9,9,9,9,9,9
60860,2,1,0,0,0,0,0,0,0,0,0,0
60860,3,1,0,0,0,0,0,0,0,0,0,0
60861,1,1,0,0,0,0,5,0,0,0,0,0
60861,2,1,0,0,0,0,0,0,0,0,0,18
60862,1,1,0,0,0,0,0,0,0,0,0,0
60862,2,1,0,0,0,0,0,0,0,0,0,0
60863,1,1,0,0,0,0,0,0,0,0,0,0
60863,2,1,0,0,0,0,0,0,0,0,0,0
60864,0,1,0,0,0,0,0,0,0,0,0,0
60864,0,2,4,0,0,0,0,0,16,0,0,0
60864,0,3,0,0,0,0,0,0,0,0,0,0
60864,0,4,0,0,0,0,0,0,0,0,0,0
60864,1,1,0,0,0,0,0,0,0,30,0,0
60864,2,1,0,0,0,0,0,0,0,0,0,0
60865,1,1,0,0,0,0,0,0,0,0,0,0
60866,1,1,0,0,0,0,0,0,0,0,0,0
60866,2,1,0,0,0,0,0,0,0,0,0,0
60867,1,1,0,0,0,0,0,0,0,0,0,0
60867,2,1,0,0,0,0,0,0,0,0,0,0
60867,3,1,0,0,0,0,0,0,0,0,0,0
60868,1,1,18,18,18,18,18,18,18,18,18,18
60869,1,1,23,23,23,23,23,23,23,23,23,23
60869,2,1,0,0,0,0,0,24,0,19,0,15
60869,3,1,0,0,0,0,0,0,0,0,0,0
60870,1,1,17,17,17,17,17,17,17,17,17,17
60871,1,1,17,17,17,17,17,17,17,17,17,17