ST_CASE,VEH_NO,PER_NO,P1,P2,P3,P4,P5,P6,P7,P8,P9,P10
61450,1,1,0,0,0,0,0,0,0,0,0,0
61451,1,1,0,0,0,24,0,0,8,24,0,0
61452,1,1,18,18,18,18,18,18,18,18,18,18
61452,2,1,0,0,0,0,0,0,0,0,0,0
61453,1,1,21,21,21,21,21,21,21,21,21,21
61454,1,1,0,0,0,0,0,0,0,0,0,0
61454,2,1,15,0,0,0,0,0,0,0,0,0
61454,3,1,0,0,0,0,0,0,0,0,0,0
61455,0,1,0,0,0,0,0,0,0,0,0,0
61455,1,1,0,0,0,0,0,0,0,0,0,0
61456,1,1,0,0,0,0,0,0,0,0,0,0
61457,1,1,6,6,6,6,6,6,6,6,6,6
61458,1,1,49,49,49,49,49,49,49,49,49,49
61459,1,1,0,0,0,0,0,0,0,0,0,0
61459,2,1,0,0,0,0,0,0,0,0,0,0
61460,1,1,0,0,0,0,0,0,0,0,0,0
61460,2,1,11,11,11,11,11,11,11,11,11,11
61461,1,1,0,0,0,0,0,0,0,0,0,0
61461,2,1,0,0,0,0,0,0,0,0,0,0
61461,3,1,0,0,0,0,0,0,0,0,0,0
61462,1,1,0,0,0,0,0,0,0,0,0,0
61462,2,1,0,0,0,0,24,0,0,0,0,0
61463,0,1,0,0,0,0,0,0,0,0,0,0
61463,2,1,0,0,0,0,0,0,0,0,0,0
61463,3,1,0,0,0,0,0,5,0,0,0,0
61464,1,1,26,26,26,26,26,26,26,26,26,26
61465,0,1,0,0,0,0,0,0,0,0,0,0
61465,1,1,16,13,22,9,0,16,0,0,0,5
61465,2,1,0,0,0,0,0,0,42,0,0,0
61466,1,1,0,0,0,0,0,0,0,0,0,0
61466,2,1,0,0,0,0,0,0,0,0,0,0
61466,3,1,0,15,0,14,0,0,0,0,0,0
61466,4,1,0,0,0,0,0,0,0,0,0,0
61466,5,1,0,0,0,0,0,0,0,0,0,0
61467,1,1,13,0,0,0,0,25,0,0,0,0
61467,2,1,0,0,0,0,13,0,0,0,0,0
61468,1,1,0,0,0,0,0,0,0,0,0,0
61468,2,1,0,0,0,0,0,0,0,0,0,0
61469,1,1,0,0,0,0,0,0,0,0,0,0
61470,1,1,7,7,7,7,7,7,7,7,7,7
61471,0,1,19,19,19,19,19,19,19,19,19,19
61471,1,1,0,0,0,0,0,0,0,0,29,0
61472,1,1,0,0,0,0,0,0,0,0,0,0
61473,1,1,0,0,0,0,0,0,0,0,0,0
61473,2,1,0,0,0,0,0,0,0,0,0,0
61473,3,1,0,0,0,0,0,0,0,0,0,0
61474,1,1,0,0,0,0,0,0,0,0,0,0
61475,1,1,11,11,11,11,11,11,11,11,11,11
61476,1,1,0,0,0,0,0,0,0,0,0,0
61476,2,1,0,0,0,0,0,0,18,0,0,0
61477,1,1,0,0,0,0,0,0,0,0,0,0
61478,1,1,0,0,0,0,0,29,0,0,0,0
61478,2,1,0,0,0,0,0,0,0,0,0,0
61479,1,1,19,19,19,19,19,19,19,19,19,19
61480,0,1,21,21,21,21,21,21,21,21,21,21
61480,1,1,0,0,0,9,0,17,22,26,10,4
61481,0,1,12,22,8,13,22,0,0,19,0,17
61481,1,1,0,0,0,0,0,0,0,0,0,0
61482,0,1,20,20,20,20,20,20,20,20,20,20
61482,1,1,0,0,0,0,0,0,0,0,0,0
61483,1,1,10,10,10,10,10,10,10,10,10,10
61484,1,1,0,0,0,0,0,0,0,0,0,0
61485,1,1,0,0,0,0,0,0,0,0,0,0
61486,0,1,0,0,0,0,0,0,0,0,0,0
61486,1,1,0,0,0,0,0,0,0,0,0,0
61487,1,1,0,0,0,0,0,0,0,0,0,0
61487,2,1,0,0,0,0,0,0,0,0,0,0
61489,1,1,12,12,12,12,12,12,12,12,12,12
61490,1,1,0,0,0,0,0,0,0,0,0,0
61491,1,1,0,0,0,0,0,0,0,0,0,0
61491,2,1,0,0,0,0,0,0,0,0,0,0
61491,3,1,0,0,0,0,0,0,0,0,0,0
61492,1,1,0,0,0,0,0,0,0,0,0,0
61492,2,1,0,0,0,0,0,0,0,0,0,0
61493,1,1,0,0,0,0,0,0,0,0,0,0
61493,2,1,0,0,0,0,0,5,0,0,0,0
61494,0,1,0,0,0,0,0,0,0,0,0,0
61494,1,1,0,8,17,0,0,0,0,8,0,7
61495,1,1,0,0,0,0,0,0,0,0,0,0
61495,2,1,0,0,0,0,0,0,0,0,0,0
61495,3,1,0,0,0,0,0,0,0,0,0,0
61496,1,1,0,0,0,0,0,0,0,0,0,0
61496,2,1,0,0,0,0,0,0,0,0,0,0
61497,1,1,0,0,0,0,0,0,0,0,0,0
61497,2,1,0,0,0,0,0,0,0,0,0,0
61498,1,1,29,29,29,29,29,29,29,29,29,29
61499,1,1,0,0,0,0,0,0,0,0,0,0
61500,1,1,0,0,0,0,0,0,0,0,0,0
61501,1,1,30,30,30,30,30,30,30,30,30,30
61502,1,1,24,24,24,24,24,24,24,24,24,24
61502,2,1,0,0,0,0,0,0,0,0,0,0
61503,1,1,0,0,0,0,0,0,0,0,0,0
61503,2,1,0,0,0,0,0,0,0,0,0,0
61504,1,1,13,13,13,13,13,13,13,13,13,13
61505,1,1,0,0,0,0,0,0,0,0,0,0
61505,2,1,14,14,14,14,14,14,14,14,14,14
61505,3,1,0,0,0,0,0,0,0,0,0,0
61505,4,1,0,0,0,0,0,0,0,0,0,0
61506,1,1,7,7,7,7,7,7,7,7,7,7
61507,1,1,25,25,25,25,25,25,25,25,25,25
61508,0,1,9,9,9,9,9,9,9,9,9,9
61508,1,1,7,12,15,13,23,31,18,9,30,30
61509,1,1,27,27,27,27,27,27,27,27,27,27
61510,1,1,15,15,15,15,15,15,15,15,15,15
61511,1,1,0,0,0,0,0,0,0,0,0,0
61511,2,1,0,0,0,0,0,0,0,0,0,0
61512,1,1,0,0,0,0,0,0,0,0,0,0
61512,2,1,0,0,0,0,0,0,0,0,0,0
61512,3,1,0,0,0,0,0,0,0,0,0,0
61513,1,1,0,0,0,0,0,0,0,0,0,2
61514,1,1,0,0,20,0,0,0,0,0,0,0
61514,2,1,0,0,0,0,0,0,0,0,0,0
61515,1,1,0,0,0,25,0,15,0,0,4,0
61516,1,1,0,0,0,0,21,0,0,0,0,0
61517,1,1,17,17,17,17,17,17,17,17,17,17
61517,2,1,0,0,0,0,0,0,0,0,0,0
61518,1,1,0,0,0,0,0,0,0,0,0,0
61519,1,1,0,0,0,0,0,0,0,0,0,0
61519,2,1,0,15,24,0,0,0,0,0,0,0
61520,1,1,0,0,0,0,0,0,0,0,0,0
61520,2,1,0,0,0,0,0,0,0,0,0,0
61521,1,1,0,0,0,0,0,0,0,0,0,0
61521,2,1,0,0,0,0,0,0,0,0,0,0
61521,3,1,0,0,0,0,0,0,0,0,0,0
61522,1,1,29,29,29,29,29,29,29,29,29,29
61522,2,1,0,0,0,0,0,0,0,0,0,0
61523,1,1,0,0,0,0,0,0,0,0,0,0
61523,2,1,0,0,0,0,0,0,0,0,0,0
61524,0,1,0,0,0,0,0,0,0,0,0,0
61524,1,1,0,5,0,0,0,0,0,0,0,0
61525,1,1,0,0,0,0,0,0,0,0,0,0
61525,2,1,0,0,0,0,0,0,0,0,0,0
61526,1,1,0,0,0,0,0,0,0,0,0,0
61527,0,1,5,5,5,5,5,5,5,5,5,5
61527,1,1,0,0,0,0,0,0,0,0,0,0
61527,2,1,7,0,0,0,0,0,0,9,0,0
61527,3,1,0,0,0,0,0,0,17,0,0,0
61528,0,1,19,19,19,19,19,19,19,19,19,19
61528,1,1,0,24,0,0,8,0,22,5,0,0
61529,0,1,0,0,0,10,15,0,0,0,21,0
61529,0,2,0,0,15,20,5,0,0,0,0,0
61529,1,1,0,0,0,8,0,0,0,0,0,0
61530,1,1,16,16,16,16,16,16,16,16,16,16
61531,0,1,0,0,0,0,0,0,0,0,0,0
61531,1,1,0,0,0,15,0,18,0,27,0,26
61532,1,1,22,22,22,22,22,22,22,22,22,22
61533,1,1,0,0,0,0,0,0,0,0,0,0
61534,0,1,0,0,0,0,0,0,0,0,0,0
61534,1,1,0,0,0,0,0,0,28,0,0,0
61535,1,1,15,15,15,15,15,15,15,15,15,15
61536,1,1,0,0,0,0,0,0,0,0,0,0
61537,0,1,9,9,9,9,9,9,9,9,9,9
61537,1,1,6,21,13,22,4,25,8,10,16,21
61538,0,1,0,0,0,0,0,0,0,0,0,0
61538,1,1,0,0,0,0,0,0,0,16,0,0
61539,0,1,17,17,17,17,17,17,17,17,17,17
61539,1,1,14,14,14,14,14,14,14,14,14,14
61540,1,1,22,22,22,22,22,22,22,22,22,22
61541,0,1,12,12,12,12,12,12,12,12,12,12
61541,1,1,0,0,0,0,0,16,19,0,5,10
61542,0,1,0,0,0,0,0,0,0,0,0,0
61542,1,1,22,0,11,9,9,2,12,3,20,5
61543,1,1,0,0,0,0,0,0,0,0,4,4
61544,1,1,0,0,0,0,0,0,0,0,0,0
61545,1,1,0,0,0,0,0,0,0,0,0,0
61545,2,1,8,0,0,0,0,0,0,0,0,0
61545,3,1,0,0,0,0,0,0,0,0,0,0
61546,1,1,0,0,0,0,0,0,0,0,0,0
61546,2,1,0,0,0,0,0,0,0,0,13,0
61547,1,1,0,0,0,0,0,0,0,0,0,0
61547,2,1,0,0,0,0,0,0,0,0,0,0
61548,1,1,19,19,19,19,19,19,19,19,19,19
61549,1,1,0,0,0,0,0,0,0,0,0,0
61549,2,1,14,0,0,0,0,0,0,0,0,0
61550,1,1,0,0,0,0,0,0,0,0,0,0
61550,2,1,0,0,0,0,0,0,0,0,0,7
61551,1,1,33,33,33,33,33,33,33,33,33,33
61552,1,1,8,8,8,8,8,8,8,8,8,8
61552,2,1,3,3,3,3,3,3,3,3,3,3
61553,1,1,0,0,0,0,0,0,0,0,0,0
61553,2,1,0,0,0,0,0,0,0,0,0,0
61553,3,1,24,0,0,0,0,0,20,0,0,0
61554,1,1,0,0,0,0,0,0,0,0,0,0
61554,2,1,0,0,0,0,0,0,0,0,0,0
61555,0,1,0,0,0,0,0,0,0,0,51,0
61555,1,1,0,0,0,0,0,0,0,0,25,0
61556,1,1,0,0,0,0,0,0,0,0,0,0
61556,2,1,0,0,0,0,0,0,0,0,0,0
61557,1,1,9,9,9,9,9,9,9,9,9,9
61557,2,1,19,17,25,15,0,16,12,22,11,16
61558,1,1,17,0,0,0,14,0,0,0,0,0
61559,0,1,0,0,0,0,0,0,0,0,0,0
61559,1,1,0,0,0,0,0,8,0,27,0,0
61560,1,1,0,0,0,0,0,0,19,0,0,0
61561,1,1,0,0,0,0,9,0,0,0,0,0
61562,1,1,0,0,0,0,0,0,0,0,0,0
61563,1,1,0,0,0,0,0,0,0,0,0,0
61563,2,1,0,0,0,0,0,0,0,0,0,0
61564,0,1,33,7,16,11,3,22,0,6,32,20
61564,1,1,0,0,0,16,0,0,26,0,0,16
61565,1,1,11,11,11,11,11,11,11,11,11,11
61565,2,1,0,0,0,0,0,0,0,0,0,0
61566,1,1,0,0,0,0,0,0,0,0,0,0
61567,1,1,0,0,0,0,0,0,0,0,0,9
61568,1,1,0,0,0,0,0,0,0,0,0,0
61568,2,1,0,0,0,0,0,0,0,0,0,25
61568,3,1,0,0,0,0,0,0,0,0,0,0
61568,4,1,0,0,0,0,0,0,0,0,0,0
61568,5,1,0,0,0,0,0,9,0,0,3,0
61569,1,1,0,0,0,0,0,0,0,0,0,0
61569,2,1,0,0,0,0,0,0,0,0,4,0
61570,1,1,0,0,0,0,0,21,0,0,0,0
61571,1,1,0,0,0,0,0,0,0,0,0,0
61571,2,1,0,0,0,0,0,0,0,0,0,0
61572,1,1,17,17,17,17,17,17,17,17,17,17
61573,1,1,0,0,0,0,0,0,0,0,0,0
61573,2,1,0,0,0,0,0,0,0,0,0,0
61574,1,1,0,0,0,0,0,0,0,0,0,0
61575,0,1,0,0,0,0,0,0,0,0,0,0
61575,1,1,0,0,0,0,0,0,0,0,0,0
61576,1,1,0,0,0,0,0,0,0,0,0,0
61577,1,1,17,17,17,17,17,17,17,17,17,17
61577,2,1,4,0,0,0,0,27,0,0,0,0
61578,1,1,0,0,0,0,0,0,0,0,0,0
61578,2,1,0,0,0,0,0,0,0,0,0,0
61579,1,1,0,0,0,0,0,0,0,0,0,0
61580,1,1,11,11,11,11,11,11,11,11,11,11
61580,2,1,0,0,0,0,0,0,0,0,0,0
61580,3,1,0,0,0,0,0,0,0,0,0,0
61580,4,1,0,0,8,0,0,0,28,0,0,0
61580,5,1,0,0,0,16,0,2,0,0,0,0
61581,1,1,4,4,4,4,4,4,4,4,4,4
61581,2,1,0,0,0,0,0,0,0,0,0,0
61581,3,1,0,0,0,0,0,0,0,3,0,0
61582,0,1,0,0,0,0,0,0,0,0,0,0
61582,1,1,15,0,0,0,0,0,0,0,0,0
61583,1,1,0,0,0,0,0,0,0,0,0,0
61583,2,1,16,16,16,16,16,16,16,16,16,16
61584,1,1,19,19,19,19,19,19,19,19,19,19
61584,2,1,7,7,7,7,7,7,7,7,7,7
61585,1,1,21,21,21,21,21,21,21,21,21,21
61586,1,1,0,0,0,0,0,0,0,0,0,0
61586,2,1,0,0,0,0,0,0,0,0,18,0
61587,1,1,45,45,45,45,45,45,45,45,45,45
61588,1,1,0,0,0,0,0,0,0,0,0,0
61589,1,1,0,0,0,0,0,0,0,0,0,0
61590,0,1,0,0,0,0,0,0,0,0,0,0
61591,1,1,12,0,0,0,0,0,0,0,0,0
61591,2,1,0,0,0,17,0,0,0,0,0,0
61591,3,1,0,0,0,0,0,0,0,0,0,0
61592,1,1,0,0,0,0,0,0,0,0,0,0
61593,0,1,0,0,0,0,0,0,0,0,0,0
61593,1,1,0,0,0,0,0,0,0,0,0,0
61594,1,1,0,0,0,0,0,0,0,0,0,0
61594,2,1,0,0,0,0,0,0,14,0,0,0
61594,3,1,0,0,0,0,0,0,0,0,0,0
61595,1,1,21,21,21,21,21,21,21,21,21,21
61596,1,1,0,0,0,0,0,0,0,0,0,0
61597,1,1,0,0,0,0,0,0,0,0,0,0
61597,2,1,0,0,0,0,0,0,0,0,0,0
61598,1,1,13,0,0,0,0,0,0,0,0,0
61598,2,1,17,17,17,17,17,17,17,17,17,17
61599,0,1,5,5,5,5,5,5,5,5,5,5
61599,1,1,8,8,8,8,8,8,8,8,8,8
61600,1,1,0,0,0,0,0,0,0,0,0,0
61601,1,1,0,0,0,0,0,0,0,0,0,0
61601,2,1,0,0,0,0,0,0,0,0,0,0
61601,3,1,0,0,0,0,0,0,0,0,0,0
61602,1,1,11,22,17,14,12,30,3,9,9,4
61603,1,1,0,0,0,0,0,0,0,0,0,0
61604,1,1,0,0,0,0,0,0,0,0,0,0
61605,1,1,0,0,0,0,0,0,0,0,0,0
61605,2,1,9,12,0,0,0,0,0,0,0,0
61605,3,1,0,8,0,0,0,0,0,0,0,0
61606,1,1,0,0,0,0,0,0,0,0,0,0
61607,0,1,14,14,14,14,14,14,14,14,14,14
61607,1,1,0,0,0,0,0,0,0,0,0,0
61608,1,1,11,11,14,34,7,11,9,0,18,14
61608,2,1,3,3,3,3,3,3,3,3,3,3
61609,1,1,11,11,11,11,11,11,11,11,11,11
61610,1,1,6,6,6,6,6,6,6,6,6,6
61611,1,1,18,18,18,18,18,18,18,18,18,18
61612,1,1,0,0,0,0,0,0,0,0,0,0
61612,2,1,0,0,0,0,0,0,0,0,0,0
61613,1,1,0,0,0,0,0,0,0,0,0,0
61613,2,1,0,0,0,0,0,0,0,0,0,0
61614,1,1,0,0,0,0,0,0,0,0,0,0
61614,2,1,0,0,0,0,0,0,0,0,0,0
61615,1,1,9,9,9,9,9,9,9,9,9,9
61615,2,1,0,0,0,0,0,0,0,0,0,0
61615,3,1,0,0,0,0,0,0,23,0,0,0
61615,4,1,0,10,0,10,0,0,0,0,5,0
61616,1,1,0,0,0,0,0,0,0,0,0,0
61617,1,1,28,7,21,21,13,16,18,12,15,29
61618,1,1,0,0,0,0,0,0,0,0,0,0
61618,2,1,0,0,0,0,0,0,0,0,0,0
61619,1,1,17,17,17,17,17,17,17,17,17,17
61620,1,1,20,0,0,0,0,0,13,10,0,0
61621,1,1,8,8,8,8,8,8,8,8,8,8
61621,2,1,0,0,0,0,0,0,0,0,27,0
61622,1,1,3,3,3,3,3,3,3,3,3,3
61623,1,1,0,0,0,0,0,0,0,0,0,0
61624,1,1,0,0,0,0,0,0,0,0,0,0
61625,1,1,9,9,9,9,9,9,9,9,9,9
61626,0,1,0,0,0,0,0,0,0,0,0,0
61626,1,1,0,0,0,0,0,0,0,0,0,0
61627,1,1,0,0,0,0,0,0,0,0,0,0
61627,2,1,0,0,0,0,0,0,0,0,0,0
61627,3,1,0,0,0,0,0,0,0,0,0,0
61628,1,1,32,32,32,32,32,32,32,32,32,32
61629,1,1,0,0,0,0,0,0,0,0,0,0
61629,2,1,0,0,15,0,0,0,0,0,0,0
61629,3,1,0,0,0,0,0,0,0,0,0,0
61629,4,1,0,0,7,0,0,0,0,0,0,0
61631,1,1,0,0,0,0,0,0,0,0,0,0
61631,2,1,0,0,0,0,0,0,0,0,0,0
61632,1,1,0,0,0,0,0,0,0,0,0,0
61632,2,1,0,0,0,0,0,0,0,0,0,0
61633,1,1,16,16,16,16,16,16,16,16,16,16
61634,1,1,0,17,17,0,0,20,0,0,24,0
61634,2,1,0,0,0,0,0,0,0,0,0,22
61635,1,1,0,0,0,0,0,0,0,0,0,0
61635,2,1,9,9,9,9,9,9,9,9,9,9
61636,1,1,0,0,0,0,0,0,0,0,0,0
61637,1,1,0,0,0,0,0,0,0,0,0,0
61637,2,1,0,0,0,0,0,0,8,0,0,0
61638,1,1,17,17,17,17,17,17,17,17,17,17
61639,1,1,13,15,15,12,14,14,16,37,0,20
61640,1,1,0,0,0,0,0,0,0,0,0,0
61641,1,1,29,29,29,29,29,29,29,29,29,29
61641,2,1,0,0,0,0,0,0,0,0,0,0
61642,1,1,0,0,0,0,0,0,0,0,0,0
61642,2,1,0,0,0,0,0,0,22,0,0,0
61643,0,1,0,0,0,0,0,0,0,0,0,0
61643,1,1,0,0,0,0,0,0,0,0,0,0
61644,1,1,0,0,0,0,0,0,0,0,0,0
61645,1,1,26,26,26,26,26,26,26,26,26,26
61645,2,1,0,0,0,0,0,0,0,0,0,0
61645,3,1,0,0,0,0,23,0,0,0,0,0
61645,4,1,7,0,0,0,0,0,0,0,13,0
61646,0,1,0,0,0,0,0,0,0,0,0,0
61646,0,2,0,24,0,0,0,0,0,0,0,0
61646,1,1,0,0,0,0,0,0,0,0,0,0
61647,0,1,7,7,7,7,7,7,7,7,7,7
61647,1,1,0,0,0,0,0,11,0,20,0,0
61647,2,1,0,0,0,0,0,0,0,0,22,0
61648,1,1,0,0,0,0,0,0,0,0,0,0
61649,1,1,0,0,0,0,0,0,0,0,0,0
61650,1,1,23,23,23,23,23,23,23,23,23,23
61651,1,1,0,0,0,0,0,0,0,0,0,0
61651,2,1,0,0,0,0,0,0,0,0,0,0
61652,1,1,0,0,0,0,0,0,0,0,0,0
61652,2,1,0,0,0,0,0,0,0,0,0,0
61653,1,1,0,0,6,0,0,0,38,0,0,0
61653,2,1,0,18,0,0,25,0,28,13,12,12
61654,0,1,30,30,30,30,30,30,30,30,30,30
61654,1,1,0,0,0,0,0,0,0,0,0,0
61655,1,1,0,0,0,0,0,0,0,0,0,0
61655,2,1,0,0,0,0,0,5,0,0,0,0
61655,3,1,0,0,0,0,0,0,0,0,0,0
61655,4,1,0,0,0,0,0,0,0,0,0,0
61655,5,1,0,0,0,0,0,0,0,0,0,0
61656,1,1,26,26,26,26,26,26,26,26,26,26
61657,0,1,24,24,24,24,24,24,24,24,24,24
61657,1,1,0,15,0,0,0,0,0,0,0,0
61658,0,1,0,0,0,0,0,0,0,0,0,0
61658,1,1,0,0,0,0,0,0,0,0,0,0
61659,0,1,0,0,0,0,0,0,0,0,0,0
61659,1,1,8,0,0,0,0,0,0,0,0,0
61660,1,1,0,0,0,0,0,0,0,0,0,0
61660,2,1,0,0,0,0,0,0,0,0,0,0
61661,0,1,0,0,0,0,0,0,0,0,0,0
61661,1,1,0,3,0,22,0,0,0,0,12,12
61662,1,1,0,0,0,0,0,0,0,0,0,0
61662,2,1,0,0,0,0,0,0,0,0,0,0
61663,1,1,0,0,0,0,0,0,0,0,0,0
61664,1,1,0,0,0,0,0,0,0,0,0,0
61664,2,1,0,0,0,0,0,0,0,0,0,0
61665,1,1,0,0,0,0,0,0,0,0,0,0
61666,1,1,0,0,0,0,0,0,0,0,0,0
61666,2,1,0,0,0,0,0,0,0,0,0,0
61667,0,1,0,0,0,0,0,0,0,0,0,0
61667,1,1,0,0,0,0,0,0,0,0,0,0
61668,0,1,0,0,0,0,0,0,0,0,0,0
61668,1,1,0,0,0,0,0,0,0,0,0,0
61669,1,1,0,0,0,0,0,0,0,0,0,0
61669,2,1,0,0,0,0,0,0,0,0,0,0
61669,3,1,0,0,0,0,0,0,0,0,0,0
61670,1,1,18,18,18,18,18,18,18,18,18,18
61670,2,1,0,0,0,0,0,0,0,0,0,0
61671,1,1,16,16,16,16,16,16,16,16,16,16
61672,1,1,10,24,18,9,0,8,11,19,22,4
61672,2,1,0,0,0,0,0,0,0,0,0,0
61673,0,1,0,0,0,0,0,0,0,0,0,0
61673,1,1,0,0,0,0,15,0,0,0,0,0
61674,1,1,0,0,0,0,0,0,0,0,0,0
61674,2,1,0,0,0,0,0,0,0,0,0,0
61675,1,1,19,19,19,19,19,19,19,19,19,19
61675,2,1,0,0,0,0,0,0,0,0,0,0
61676,1,1,10,10,10,10,10,10,10,10,10,10
61676,2,1,0,0,0,0,0,0,0,0,0,0
61677,0,1,8,8,8,8,8,8,8,8,8,8
61677,1,1,0,0,0,0,0,0,0,0,0,0
61678,0,1,3,3,3,3,3,3,3,3,3,3
61678,1,1,0,0,0,0,0,0,0,0,0,0
61679,1,1,0,0,0,0,0,0,0,0,0,0
61679,2,1,0,0,0,0,0,0,0,0,0,0
61679,3,1,0,0,0,0,0,0,0,0,0,0
61679,4,1,0,0,0,0,0,0,0,0,0,0
61680,1,1,8,8,8,8,8,8,8,8,8,8
61681,1,1,25,18,24,4,30,8,12,0,15,12
61681,2,1,0,0,0,0,15,0,19,0,0,0
61681,3,1,0,0,0,0,0,0,0,0,0,8
61681,4,1,0,0,0,0,0,29,14,0,0,0
61682,1,1,2,2,2,2,2,2,2,2,2,2
61683,0,1,0,0,0,0,0,0,17,0,0,0
61683,1,1,16,13,0,14,6,14,8,19,12,7
61684,1,1,0,0,0,0,0,0,0,0,0,0
61684,2,1,0,0,0,0,0,0,0,0,0,7
61685,1,1,19,19,19,19,19,19,19,19,19,19
61685,2,1,0,0,0,0,0,0,0,0,0,0
61686,0,1,0,0,0,0,0,0,0,0,0,0
61686,1,1,0,0,0,0,0,0,0,0,0,0
61687,1,1,0,21,0,0,0,0,0,0,0,0
61687,2,1,0,0,0,0,0,0,0,0,0,0
61688,1,1,0,0,0,0,0,0,0,0,0,0
61689,1,1,12,12,12,12,12,12,12,12,12,12
61690,0,1,0,0,0,0,0,0,0,0,0,0
61690,1,1,0,0,0,0,0,0,0,0,0,0
61691,1,1,30,30,30,30,30,30,30,30,30,30
61692,0,1,0,0,0,0,0,0,0,0,0,0
61692,1,1,0,0,0,0,0,0,0,0,0,0
61693,1,1,11,11,11,11,11,11,11,11,11,11
61694,0,1,2,2,2,2,2,2,2,2,2,2
61694,1,1,0,0,0,0,0,30,0,0,7,3
61695,1,1,0,0,0,0,0,0,0,0,0,0
61695,2,1,0,0,0,0,0,0,0,0,0,0
61695,3,1,0,0,0,0,0,0,0,0,0,0
61695,4,1,0,0,0,0,0,0,0,0,0,0
61696,1,2,0,0,46,0,0,15,0,0,18,0
61697,0,1,21,0,0,0,0,0,0,0,0,0
61697,1,1,0,0,0,0,0,0,0,5,0,0
61698,0,1,19,41,21,16,0,30,0,11,34,19
61698,1,1,0,0,0,0,16,15,0,0,0,23
61699,0,1,10,23,7,12,12,30,27,0,15,42
61699,0,2,24,0,0,41,15,0,0,0,0,9
61699,1,1,3,0,35,0,0,0,0,0,0,13
61700,1,1,0,0,0,0,0,0,0,0,2,0
61701,1,1,17,17,17,17,17,17,17,17,17,17
61701,2,1,0,0,0,0,0,0,0,0,0,0
61702,1,1,0,0,0,0,0,0,0,0,0,0
61702,2,1,0,0,0,0,0,0,0,0,0,0
61703,1,1,0,0,0,0,0,0,0,13,0,0
61703,2,1,0,0,0,0,0,0,0,0,0,0
61704,1,1,0,0,0,0,0,0,0,0,0,0
61705,0,1,16,16,16,16,16,16,16,16,16,16
61705,0,2,6,6,6,6,6,6,6,6,6,6
61705,1,1,13,0,0,0,19,8,0,0,0,29
61706,1,1,34,34,34,34,34,34,34,34,34,34
61706,2,1,0,0,0,0,19,0,0,0,0,0
61707,1,1,0,0,0,0,0,0,0,0,0,0
61708,1,1,13,13,13,13,13,13,13,13,13,13
61709,1,1,0,0,0,0,0,0,0,0,0,0
61710,1,1,0,10,0,21,20,0,0,12,0,0
61710,2,1,0,0,0,0,0,0,0,0,0,0
61710,3,1,0,0,0,0,0,0,0,0,9,0
61710,4,1,0,0,0,0,0,0,0,17,0,35
61710,5,1,0,0,0,20,0,0,0,0,0,0
61711,0,1,0,0,0,0,0,0,0,0,0,0
61711,1,1,0,0,0,0,0,0,0,0,0,0
61712,1,1,0,0,0,0,0,0,0,0,0,0
61713,1,1,0,0,0,0,0,0,0,0,0,0
61714,1,1,22,22,22,22,22,22,22,22,22,22
61715,1,1,0,0,0,0,0,0,0,0,0,0
61715,2,1,0,0,0,0,0,0,0,0,0,0
61716,1,1,0,0,0,0,0,0,0,0,0,0
61716,2,1,0,0,0,0,0,0,0,0,0,0
61716,3,1,0,0,0,0,1,0,0,0,0,0
61716,4,1,0,0,0,0,0,0,0,0,0,0
61716,5,1,0,0,0,0,0,0,0,0,0,0
61716,6,1,0,0,0,0,0,0,0,0,0,0
61717,1,1,21,21,21,21,21,21,21,21,21,21
61717,2,1,0,0,21,15,15,0,2,0,9,0
61717,3,1,0,0,0,0,0,0,0,0,0,0
61718,0,1,0,0,0,0,0,0,0,0,0,0
61718,1,1,0,0,0,0,0,0,0,0,0,0
61718,2,1,11,17,0,1,12,32,3,9,0,19
61719,1,1,0,0,0,0,0,0,0,0,0,0
61719,2,1,0,0,0,0,0,0,0,0,0,0
61720,1,1,10,10,10,10,10,10,10,10,10,10
61721,1,1,11,11,11,11,11,11,11,11,11,11
61721,2,1,0,0,0,0,0,0,0,0,0,0
61723,0,1,0,0,0,0,0,0,0,0,0,0
61723,1,1,0,0,0,0,0,0,0,0,0,0
61724,1,1,0,0,0,0,0,0,0,0,0,0
61724,2,1,0,0,0,0,0,0,0,0,0,0
61725,1,1,11,11,11,11,11,11,11,11,11,11
61726,1,1,0,0,0,0,0,0,0,0,0,0
61726,2,1,0,0,0,0,0,0,0,0,0,0
61727,1,1,17,17,17,17,17,17,17,17,17,17