ST_CASE,VEH_NO,PER_NO,P1,P2,P3,P4,P5,P6,P7,P8,P9,P10
61727,2,1,0,0,0,0,0,0,0,0,0,0
61728,0,1,18,18,18,18,18,18,18,18,18,18
61728,1,1,0,0,0,0,15,0,0,0,14,0
61729,1,1,15,15,15,15,15,15,15,15,15,15
61729,2,1,0,0,16,0,0,0,0,0,0,0
61730,1,1,12,12,12,12,12,12,12,12,12,12
61731,0,1,0,0,0,0,0,0,0,0,0,0
61731,1,1,0,9,0,0,0,0,0,0,0,0
61732,1,1,5,32,0,0,0,28,0,0,0,0
61732,2,1,0,3,0,0,0,0,20,0,0,17
61733,1,1,12,0,0,0,0,0,0,0,17,0
61733,2,1,13,13,13,13,13,13,13,13,13,13
61734,0,1,0,0,0,0,0,0,0,0,0,0
61734,1,1,0,0,0,0,0,0,0,12,9,0
61735,1,1,0,0,0,0,0,0,0,0,0,0
61736,1,1,0,0,0,0,0,0,0,0,0,0
61736,2,1,0,0,0,0,13,0,0,0,0,0
61737,1,1,0,0,0,0,0,0,0,0,0,0
61738,1,1,18,18,18,18,18,18,18,18,18,18
61739,1,1,21,21,21,21,21,21,21,21,21,21
61739,2,1,0,0,0,0,0,0,0,0,0,0
61740,1,1,0,0,0,0,0,0,0,0,0,0
61741,0,1,13,0,0,0,0,0,0,0,0,0
61741,1,1,0,0,0,0,0,0,0,5,0,0
61742,1,1,0,0,0,0,0,0,0,0,0,0
61742,2,1,0,7,0,0,0,0,30,0,0,24
61743,1,1,0,0,0,0,0,0,0,0,0,0
61744,1,1,0,0,0,0,0,0,0,0,0,0
61744,2,1,0,0,0,0,0,0,0,0,0,29
61745,0,1,10,10,10,10,10,10,10,10,10,10
61745,1,1,0,5,0,9,0,0,13,0,0,0
61746,1,1,28,28,28,28,28,28,28,28,28,28
61747,1,1,0,0,0,0,0,0,0,0,0,0
61747,2,1,0,0,0,0,0,0,0,0,0,0
61748,0,1,0,0,0,0,0,0,0,0,15,0
61748,1,1,0,0,0,0,0,0,0,0,0,3
61749,1,1,8,8,8,8,8,8,8,8,8,8
61749,2,1,0,0,0,0,0,0,0,0,0,0
61750,1,1,32,32,32,32,32,32,32,32,32,32
61750,2,1,0,0,0,0,0,0,0,0,0,9
61751,0,1,0,0,0,0,0,0,0,0,0,0
61751,1,1,0,0,0,0,0,0,0,0,0,0
61752,1,1,7,7,7,7,7,7,7,7,7,7
61753,1,1,0,0,0,0,0,15,0,0,0,0
61753,2,1,0,0,0,0,0,0,0,9,13,0
61753,3,1,0,0,0,0,0,0,0,0,0,0
61754,1,1,0,0,0,0,0,0,0,0,0,0
61754,2,1,32,0,0,0,0,0,0,0,0,0
61755,1,1,25,25,25,25,25,25,25,25,25,25
61756,1,1,3,3,3,3,3,3,3,3,3,3
61756,2,1,0,0,0,0,0,16,0,0,0,0
61756,3,1,0,23,0,10,0,21,20,12,8,3
61757,0,1,0,0,0,0,0,0,0,0,0,0
61757,0,2,0,0,14,24,9,0,0,0,0,0
61757,1,1,0,0,0,0,0,0,0,0,0,0
61758,0,1,0,0,0,0,0,0,0,0,0,0
61758,1,1,0,0,0,16,29,0,0,20,10,12
61759,1,1,0,0,0,0,0,0,0,0,0,0
61759,2,1,0,0,0,0,0,0,0,0,0,0
61759,3,1,0,0,0,0,0,0,0,0,0,0
61759,4,1,0,20,0,0,0,0,0,0,0,0
61760,1,1,22,22,22,22,22,22,22,22,22,22
61760,2,1,0,0,0,0,0,0,0,0,0,0
61761,1,1,8,8,8,8,8,8,8,8,8,8
61761,2,1,0,0,0,0,0,0,0,0,0,0
61762,1,1,0,0,0,0,0,0,0,0,0,0
61762,2,1,0,0,0,0,0,0,0,0,0,0
61763,1,1,32,21,0,36,7,0,3,12,11,10
61764,1,1,0,0,0,0,0,0,0,0,0,0
61764,2,1,0,0,0,0,0,0,0,0,0,0
61765,1,1,0,0,0,0,0,0,0,0,0,0
61765,2,1,0,0,4,44,0,0,0,0,0,0
61765,3,1,0,0,0,0,0,5,0,8,0,0
61766,1,1,0,0,0,0,0,0,0,0,0,0
61766,2,1,0,0,0,0,0,0,0,0,0,0
61766,3,1,0,0,0,0,0,0,0,0,0,0
61767,1,1,10,18,7,16,25,14,15,14,23,14
61767,2,1,0,0,8,0,0,0,15,0,0,0
61767,3,1,0,0,0,10,0,0,0,0,0,14
61768,1,1,0,0,0,0,0,0,0,0,0,0
61769,1,1,30,30,30,30,30,30,30,30,30,30
61770,1,1,0,0,0,0,0,0,0,0,0,0
61771,1,1,0,0,0,0,0,0,0,0,15,0
61771,2,1,0,0,0,0,0,11,26,0,0,0
61772,0,1,0,0,0,0,0,0,0,0,0,0
61772,1,1,0,20,0,0,0,0,0,19,0,0
61772,2,1,0,0,0,0,0,0,0,0,0,0
61772,3,1,0,0,0,0,0,0,0,0,4,31
61773,0,1,0,0,0,0,0,0,0,0,0,0
61773,1,1,0,0,0,0,0,0,14,0,0,0
61774,0,1,0,0,0,0,0,0,0,0,0,0
61774,1,1,0,0,24,0,0,11,13,0,0,29
61775,1,1,27,27,27,27,27,27,27,27,27,27
61775,2,1,0,0,0,0,11,0,0,0,0,0
61776,1,1,10,10,10,10,10,10,10,10,10,10
61776,2,1,0,0,0,0,0,0,0,0,0,0
61777,0,1,0,0,0,0,0,0,0,0,0,0
61777,1,1,0,16,0,0,0,15,0,35,11,0
61778,1,1,0,0,0,0,0,0,0,0,0,0
61778,2,1,0,0,0,0,0,0,0,0,0,0
61779,1,1,17,17,17,17,17,17,17,17,17,17
61780,0,1,0,0,0,0,0,0,0,0,0,0
61780,0,2,0,0,0,0,0,0,0,0,0,0
61780,0,3,0,0,0,0,0,0,0,0,0,0
61780,1,1,0,15,4,0,0,0,0,0,0,0
61781,1,1,7,7,7,7,7,7,7,7,7,7
61783,0,1,0,0,0,0,0,0,0,0,0,0
61783,1,1,0,0,0,0,0,0,0,12,0,0
61784,1,1,25,0,0,9,0,0,14,3,0,0
61784,2,1,0,0,0,0,0,0,0,0,0,0
61785,1,1,0,0,0,0,0,0,0,0,0,0
61785,2,1,0,0,0,0,0,0,0,0,0,0
61786,1,1,30,16,25,12,28,8,12,16,33,20
61787,0,1,0,0,0,0,0,0,0,0,0,0
61787,1,1,0,0,0,0,0,0,0,0,0,0
61788,1,1,11,11,11,11,11,11,11,11,11,11
61788,2,1,0,0,0,0,0,0,0,17,0,0
61789,1,1,0,11,0,7,16,22,0,5,0,10
61790,0,1,0,0,0,0,0,0,0,0,0,0
61790,1,1,0,0,0,0,0,0,21,0,0,0
61791,1,1,0,0,15,20,0,0,16,0,0,25
61792,1,1,9,9,9,9,9,9,9,9,9,9
61792,2,1,0,0,0,0,0,0,0,0,0,0
61793,0,1,0,0,0,0,0,0,0,0,0,0
61793,1,1,5,0,0,9,10,0,7,0,11,0
61794,1,1,0,0,0,0,0,0,0,0,0,0
61794,2,1,0,0,0,0,0,0,0,0,0,0
61795,1,1,25,13,27,18,27,18,6,13,14,26
61796,1,1,0,0,0,0,0,0,0,0,0,0
61796,2,1,0,0,0,5,0,0,0,0,0,0
61796,3,1,0,0,22,0,0,0,0,0,0,8
61797,1,1,0,0,0,0,0,0,0,0,0,0
61798,0,1,0,0,0,0,0,0,0,0,0,0
61798,1,1,0,0,17,8,0,0,0,0,0,0
61799,1,1,0,0,0,0,0,0,0,0,0,0
61800,1,1,0,0,0,0,0,0,0,0,0,0
61801,1,1,0,0,0,0,0,0,0,0,27,0
61801,2,1,0,0,0,0,0,0,0,0,0,0
61802,1,1,0,0,0,0,0,0,0,0,0,0
61802,2,1,0,0,0,0,0,0,0,0,0,0
61803,1,1,0,0,0,0,0,0,0,0,0,0
61803,2,1,0,0,0,0,0,0,0,0,0,0
61804,1,1,0,0,0,0,0,0,20,10,0,12
61805,0,1,0,0,0,0,0,0,0,0,0,0
61805,1,1,0,19,0,0,0,0,0,0,0,0
61806,1,1,0,0,0,0,0,0,0,0,0,0
61807,1,1,0,0,0,0,0,0,0,0,0,0
61807,2,1,0,0,0,0,0,0,0,0,0,0
61808,1,1,1,1,1,1,1,1,1,1,1,1
61808,2,1,0,0,0,0,0,0,0,0,0,0
61809,1,1,15,15,15,15,15,15,15,15,15,15
61809,2,1,0,0,0,0,0,0,0,0,33,0
61810,1,1,0,0,0,0,0,0,0,0,0,0
61810,2,1,0,0,0,0,0,0,0,0,0,0
61811,1,1,0,0,0,0,0,0,0,0,0,0
61811,2,1,0,0,0,0,0,0,0,0,0,0
61812,1,1,0,0,0,0,0,0,0,0,0,0
61813,1,1,26,26,26,26,26,26,26,26,26,26
61814,0,1,0,0,0,0,0,0,0,0,0,0
61814,1,1,0,0,0,0,0,0,0,0,0,0
61815,1,1,0,0,0,0,0,0,0,0,0,0
61816,1,1,3,3,3,3,3,3,3,3,3,3
61816,2,1,0,0,0,0,0,0,17,0,0,0
61818,1,1,0,0,0,0,0,0,0,0,0,0
61818,2,1,0,0,0,0,0,0,0,0,0,0
61818,3,1,0,0,0,0,0,0,0,0,0,0
61819,1,1,0,0,0,0,0,0,0,0,0,0
61820,1,1,0,0,0,0,0,0,0,0,0,0
61821,1,1,0,0,0,0,0,0,0,0,0,0
61822,0,1,20,20,20,20,20,20,20,20,20,20
61822,1,1,25,0,0,0,0,0,0,36,0,0
61823,1,1,0,0,0,0,0,0,0,0,0,0
61823,2,1,0,0,0,0,0,0,0,0,0,0
61824,1,1,0,0,0,0,0,0,0,17,0,0
61825,1,1,0,0,0,0,0,0,0,0,25,0
61825,2,1,0,0,0,0,0,0,0,0,0,0
61826,1,1,3,3,3,3,3,3,3,3,3,3
61826,2,1,0,0,0,0,0,0,0,0,0,0
61827,1,1,0,0,0,0,0,0,0,0,0,0
61828,1,1,0,0,0,0,0,0,0,0,0,0
61828,2,1,0,0,0,0,0,0,0,0,0,0
61829,1,1,0,0,0,0,0,0,0,0,0,0
61829,2,1,0,0,0,0,0,0,0,0,0,0
61830,1,1,0,0,0,0,0,0,0,0,0,0
61830,2,1,17,0,0,0,0,0,0,0,0,0
61831,1,1,0,0,0,0,0,0,0,0,0,0
61831,2,1,0,0,0,0,0,0,0,0,0,0
61831,3,1,0,0,0,0,0,0,0,0,0,0
61832,1,1,0,0,0,0,0,0,0,0,0,0
61833,1,1,0,0,0,0,0,0,0,0,0,0
61833,2,1,0,0,0,0,0,0,0,0,0,0
61834,0,1,0,0,0,0,0,0,0,0,0,0
61834,1,1,22,22,22,22,22,22,22,22,22,22
61835,1,1,23,29,17,12,34,22,10,5,12,8
61837,1,1,0,0,0,0,0,0,0,0,0,0
61837,2,1,0,0,0,0,0,0,0,0,0,0
61838,1,1,0,0,0,0,0,0,0,0,0,0
61839,1,1,0,0,0,0,0,0,0,0,0,0
61839,2,1,0,0,0,0,0,0,0,0,12,0
61840,1,1,0,0,0,0,0,0,0,0,0,0
61841,1,1,0,0,0,0,0,0,0,0,0,0
61842,1,1,0,0,0,0,0,0,0,0,0,0
61842,2,1,0,0,0,0,0,0,0,0,0,0
61842,3,1,0,0,0,0,0,0,0,0,0,0
61843,1,1,0,0,0,0,0,0,0,0,0,0
61844,1,1,0,0,0,0,0,0,0,0,0,0
61845,1,1,0,0,0,0,0,0,0,0,0,0
61845,2,1,0,0,0,0,0,0,0,0,0,0
61846,1,1,5,0,0,0,0,0,0,24,10,20
61847,1,1,0,0,0,0,0,0,0,0,0,0
61847,2,1,17,7,0,7,0,5,0,9,0,10
61848,1,1,10,10,10,10,10,10,10,10,10,10
61848,2,1,0,0,0,0,0,0,0,0,0,0
61849,1,1,0,0,0,0,0,0,0,0,0,0
61849,2,1,0,0,0,0,0,0,0,0,0,0
61850,1,1,0,0,0,0,0,0,0,0,0,0
61851,1,1,48,48,48,48,48,48,48,48,48,48
61852,0,1,32,32,32,32,32,32,32,32,32,32
61852,1,1,0,0,0,0,0,0,0,24,0,0
61853,1,1,0,0,0,20,0,0,0,31,0,0
61853,2,1,18,0,19,19,14,0,0,11,11,0
61854,1,1,0,0,0,0,0,0,0,0,0,0
61855,1,1,10,10,10,10,10,10,10,10,10,10
61856,1,1,17,17,17,17,17,17,17,17,17,17
61857,1,1,27,27,27,27,27,27,27,27,27,27
61857,2,1,0,0,0,0,5,20,0,0,0,0
61858,1,1,0,0,0,0,0,0,0,0,0,0
61859,1,1,0,0,0,0,0,0,0,0,0,0
61860,1,1,0,0,0,0,0,0,0,0,0,0
61860,2,1,0,0,0,0,0,0,0,0,0,0
61860,3,1,0,0,0,0,0,0,0,0,0,0
61861,0,1,0,0,0,0,0,0,0,0,0,0
61861,1,1,0,0,0,0,0,0,0,0,0,0
61862,0,1,14,14,14,14,14,14,14,14,14,14
61862,1,1,0,0,0,0,0,0,0,0,0,0
61863,1,1,0,0,0,0,0,0,0,0,0,0
61864,1,1,8,8,8,8,8,8,8,8,8,8
61864,2,1,0,0,0,0,0,0,0,0,0,0
61865,1,1,8,8,8,8,8,8,8,8,8,8
61866,1,1,0,0,0,0,0,0,0,0,0,0
61866,2,1,0,0,0,0,0,0,0,0,0,0
61867,0,1,0,0,0,0,0,0,0,0,0,0
61867,1,1,0,0,17,12,23,14,0,0,0,0
61868,1,1,6,14,13,18,4,20,14,0,0,15
61869,1,1,0,0,0,0,0,0,0,0,0,0
61869,2,1,0,0,0,0,0,0,0,0,0,0
61870,0,1,2,2,2,2,2,2,2,2,2,2
61870,0,2,0,0,0,0,0,0,0,0,0,0
61870,0,3,27,24,18,24,18,0,32,8,21,24
61870,1,1,0,0,0,0,0,0,0,0,0,0
61871,0,1,14,13,16,0,0,17,0,33,0,12
61871,1,1,6,0,38,13,0,3,15,0,0,4
61873,1,1,0,0,0,0,0,0,0,0,0,0
61874,0,1,13,13,13,13,13,13,13,13,13,13
61874,1,1,0,0,0,0,0,0,0,0,0,0
61875,0,1,26,26,26,26,26,26,26,26,26,26
61875,1,1,0,0,0,0,0,0,0,0,0,0
61876,0,1,30,30,30,30,30,30,30,30,30,30
61876,1,1,0,0,0,0,0,0,0,0,0,0
61877,0,1,49,49,49,49,49,49,49,49,49,49
61877,1,1,7,0,0,17,0,0,24,37,10,12
61877,2,1,0,0,0,0,0,0,0,0,4,41
61878,0,1,11,11,11,11,11,11,11,11,11,11
61878,1,1,0,0,0,0,0,0,0,0,0,0
61878,2,1,0,0,0,0,0,0,0,0,0,0
61879,1,1,0,0,0,0,0,0,0,0,0,0
61879,2,1,0,0,0,0,0,0,0,0,0,0
61880,1,1,0,0,0,0,0,0,0,0,0,0
61881,1,1,0,0,0,0,0,0,0,0,0,0
61881,2,1,0,0,0,0,0,0,0,0,0,0
61881,3,1,0,0,19,0,20,0,0,0,0,0
61882,0,1,20,20,20,20,20,20,20,20,20,20
61882,1,1,1,1,1,1,1,1,1,1,1,1
61883,1,1,0,0,0,0,0,0,0,0,0,0
61883,2,1,0,0,17,0,0,0,0,0,0,0
61884,1,1,0,0,0,0,0,0,0,0,0,0
61885,1,1,0,0,0,0,0,0,0,0,0,0
61885,2,1,0,0,0,0,9,0,0,0,0,0
61886,1,1,0,0,0,0,0,0,0,0,0,0
61887,1,1,0,0,0,0,0,0,0,0,0,0
61888,1,1,0,0,0,0,0,0,0,0,0,0
61888,2,1,0,0,0,0,0,0,0,0,0,0
61889,1,1,20,20,20,20,20,20,20,20,20,20
61890,1,1,0,0,0,0,0,0,0,0,0,0
61891,1,1,2,2,2,2,2,2,2,2,2,2
61892,1,1,0,0,0,0,0,0,0,0,0,0
61892,2,1,14,10,15,0,0,0,0,0,17,0
61893,1,1,7,7,7,7,7,7,7,7,7,7
61894,1,1,0,0,0,0,0,0,0,0,0,0
61895,1,1,0,0,17,27,31,35,0,0,21,0
61896,1,1,0,0,0,0,0,0,0,0,0,0
61896,2,1,0,0,0,0,0,0,0,0,0,0
61897,1,1,0,0,0,9,0,0,0,0,0,0
61898,1,1,15,15,15,15,15,15,15,15,15,15
61899,1,1,0,0,0,0,0,0,0,0,0,0
61899,2,1,0,0,0,0,0,0,0,0,0,0
61900,1,1,13,13,13,13,13,13,13,13,13,13
61901,1,1,0,0,0,10,0,0,0,15,0,14
61901,2,1,0,0,0,0,0,0,0,0,0,0
61902,1,1,7,7,7,7,7,7,7,7,7,7
61902,2,1,0,0,0,0,0,0,0,0,0,18
61902,3,1,0,0,0,0,0,0,0,0,0,0
61902,4,1,0,0,0,0,0,0,0,0,0,0
61903,0,1,15,15,15,15,15,15,15,15,15,15
61903,1,1,0,0,0,0,0,0,0,0,0,0
61904,1,1,19,19,19,19,19,19,19,19,19,19
61904,2,1,0,0,0,0,0,0,15,36,35,0
61905,1,1,8,8,8,8,8,8,8,8,8,8
61906,1,1,0,0,0,0,0,0,0,0,0,0
61907,1,1,0,0,0,0,0,0,0,0,0,0
61908,1,1,0,0,0,0,0,0,0,0,0,0
61908,2,1,6,0,0,0,0,0,0,0,0,0
61909,1,1,0,0,0,0,0,0,0,0,0,0
61909,2,1,0,0,0,0,0,0,0,0,0,0
61910,1,1,0,0,0,0,0,0,0,0,0,0
61911,1,1,0,0,0,0,0,0,0,0,0,0
61912,0,1,0,0,0,0,0,0,0,0,0,0
61912,1,1,0,0,0,0,0,0,0,0,0,0
61913,1,1,0,22,0,0,0,0,0,0,0,0
61913,2,1,20,20,20,20,20,20,20,20,20,20
61913,3,1,0,11,0,0,0,0,0,0,0,0
61914,1,1,11,11,11,11,11,11,11,11,11,11
61915,1,1,0,0,0,0,0,0,0,0,0,0
61915,2,1,0,0,0,0,0,0,0,0,0,0
61915,3,1,0,0,0,0,0,0,0,0,0,0
61916,1,1,0,0,0,0,0,0,16,0,0,0
61916,2,1,12,0,0,0,0,0,0,0,0,0
61917,1,1,0,0,0,0,0,0,0,0,0,0
61918,1,1,0,0,0,0,0,0,0,0,0,0
61918,2,1,0,0,0,0,0,0,0,0,0,0
61919,1,1,0,0,0,0,0,0,0,0,0,0
61920,1,1,19,19,19,19,19,19,19,19,19,19
61921,1,1,0,0,0,0,0,0,0,0,0,0
61921,2,1,0,0,0,0,0,0,0,0,0,0
61922,1,1,0,0,0,0,0,0,0,0,0,0
61923,1,1,1,1,1,1,1,1,1,1,1,1
61924,1,1,0,21,0,0,8,0,0,0,0,0
61924,2,1,10,0,8,0,0,0,0,0,0,0
61924,3,1,0,0,0,0,0,0,0,0,0,0
61925,1,1,0,0,0,0,0,0,0,0,0,0
61926,1,1,0,0,0,0,0,0,0,0,0,0
61927,1,1,0,0,0,0,0,0,0,0,0,0
61927,2,1,0,0,0,0,0,0,0,0,0,0
61928,1,1,0,0,0,0,0,0,0,0,0,0
61928,2,1,0,0,0,0,0,0,0,0,0,0
61929,1,1,19,19,19,19,19,19,19,19,19,19
61930,1,1,0,0,0,0,0,0,0,0,0,0
61930,2,1,0,0,0,0,0,0,0,19,0,0
61931,1,1,18,18,18,18,18,18,18,18,18,18
61932,0,1,0,0,0,0,0,0,0,0,0,0
61932,1,1,0,0,0,0,0,0,0,0,0,0
61933,1,1,0,0,0,0,0,0,0,0,0,0
61934,1,1,0,0,0,0,0,0,0,0,0,0
61934,2,1,0,0,0,0,0,0,0,0,0,0
61935,1,1,0,0,0,0,0,0,0,0,0,0
61935,2,1,0,0,0,0,0,0,0,0,0,0
61936,1,1,0,0,0,0,0,0,0,0,0,0
61936,2,1,0,0,0,0,0,0,0,0,0,0
61937,1,1,22,22,22,22,22,22,22,22,22,22
61937,2,1,15,0,7,0,1,17,17,0,10,0
61938,0,1,21,21,21,21,21,21,21,21,21,21
61938,1,1,0,0,0,0,0,0,0,0,0,0
61939,1,1,0,0,0,0,0,0,0,0,0,0
61940,1,1,11,11,11,11,11,11,11,11,11,11
61941,1,1,0,0,0,0,0,0,0,22,0,0
61942,1,1,0,0,0,0,0,0,0,0,0,0
61943,0,1,0,0,0,0,0,0,0,0,0,0
61943,1,1,0,0,0,0,0,0,0,0,0,0
61943,2,1,0,0,0,0,18,0,0,0,0,0
61944,1,1,0,15,0,0,0,0,18,0,0,17
61945,1,1,0,0,0,0,0,0,0,0,0,0
61946,0,1,30,30,30,30,30,30,30,30,30,30
61946,1,1,0,0,0,23,14,0,0,0,5,0
61947,0,1,0,0,0,0,0,0,0,0,0,0
61947,1,1,0,0,0,0,0,0,0,0,0,0
61947,2,1,0,0,0,0,13,0,0,21,6,0
61947,3,1,12,11,9,10,6,26,37,13,0,16
61948,1,1,26,26,26,26,26,26,26,26,26,26
61949,1,1,0,0,0,0,0,0,0,0,0,0
61949,2,1,0,0,0,0,0,0,0,0,0,0
61950,0,1,0,0,0,0,0,0,0,0,0,0
61950,1,1,0,0,0,0,0,0,0,0,0,0
61951,1,1,0,0,0,0,0,0,0,0,13,0
61952,1,1,0,0,0,0,0,0,0,0,0,0
61953,1,1,31,31,31,31,31,31,31,31,31,31
61954,1,1,0,0,0,0,0,0,0,0,0,0
61954,2,1,0,0,0,0,7,0,0,0,0,0
61955,1,1,2,2,2,2,2,2,2,2,2,2
61955,2,1,0,0,0,0,0,0,0,0,0,0
61956,1,1,16,16,16,16,16,16,16,16,16,16
61957,0,1,0,0,0,0,0,0,0,0,0,0
61957,1,1,0,0,0,0,0,0,0,0,0,0
61958,1,1,0,0,0,0,0,0,0,0,0,0
61959,1,1,5,14,18,0,21,7,7,6,17,16
61959,2,1,0,0,0,0,0,0,0,0,0,0
61960,1,1,23,23,23,23,23,23,23,23,23,23
61961,1,1,0,0,0,0,0,0,0,0,0,0
61961,2,1,0,0,0,0,0,0,0,0,0,0
61962,0,1,0,0,0,0,0,0,0,0,0,0
61962,0,2,29,29,29,29,29,29,29,29,29,29
61962,1,1,0,0,0,0,0,0,0,0,0,0
61963,1,1,0,0,0,0,0,0,0,0,0,0
61963,2,1,0,0,0,0,0,0,0,0,0,0
61963,3,1,0,0,0,0,0,0,0,0,0,0
61964,1,1,10,10,10,10,10,10,10,10,10,10
61965,1,1,0,0,0,0,0,0,0,0,0,0
61965,2,1,0,0,0,0,0,0,0,0,0,0
61965,3,1,0,0,0,0,0,0,0,0,0,0
61966,1,1,0,0,0,11,0,0,0,0,0,0
61966,2,1,0,0,0,0,11,0,0,16,0,0
61966,3,1,24,24,24,24,24,24,24,24,24,24
61967,1,1,0,0,0,0,0,0,0,0,0,0
61967,2,1,0,0,0,0,0,0,0,0,0,0
61967,3,1,0,0,0,0,0,0,0,0,0,0
61968,1,1,0,0,0,0,0,0,0,0,0,0
61969,1,1,0,0,0,0,0,0,0,0,0,0
61969,2,1,0,0,0,0,0,0,0,0,0,0
61969,3,1,0,0,0,0,0,0,0,0,0,0
61969,4,1,0,0,0,0,0,0,0,0,0,0
61969,5,1,0,0,0,10,0,0,0,0,0,0
61970,1,1,0,0,0,0,0,0,0,0,0,0
61971,1,1,0,0,0,16,0,3,0,0,8,0
61971,2,1,0,0,0,0,0,0,0,0,0,0
61972,1,1,0,0,0,0,0,0,0,0,0,0
61973,1,1,0,0,0,0,0,0,0,0,0,11
61974,1,1,13,0,0,0,0,0,0,0,0,0
61974,2,1,0,0,0,26,27,0,0,0,0,0
61975,1,1,0,0,0,0,0,0,0,0,0,0
61975,2,1,0,0,0,27,0,0,0,0,0,0
61976,1,1,0,0,0,0,0,0,0,0,0,0
61977,1,1,7,7,7,7,7,7,7,7,7,7
61977,2,1,0,0,0,0,0,0,0,0,0,18
61978,1,1,0,0,0,0,0,0,0,0,0,0
61978,2,1,0,0,0,0,0,0,0,0,0,0
61978,3,1,0,0,0,0,0,19,0,0,0,0
61979,0,1,0,0,0,0,0,0,0,0,0,0
61979,1,1,0,0,0,0,0,0,0,0,0,0
61980,1,1,18,18,18,18,18,18,18,18,18,18
61981,1,1,5,5,5,5,5,5,5,5,5,5
61982,1,1,0,0,29,0,0,13,0,0,0,0
61983,1,1,0,0,0,0,0,0,0,0,0,0
61984,1,1,3,3,3,3,3,3,3,3,3,3
61985,1,1,0,0,0,0,0,0,0,0,0,0
61985,2,1,0,0,0,0,0,0,0,0,0,0
61986,1,1,0,0,22,0,0,5,0,0,0,0
61986,2,1,3,0,14,0,0,10,1,0,11,0
61988,1,1,0,0,0,0,0,0,0,0,0,0
61988,2,1,0,0,0,0,0,0,0,0,0,0
61989,1,1,0,0,0,0,0,0,0,0,0,0
61989,2,1,0,0,0,0,0,0,0,0,0,0
61990,1,1,0,0,0,0,0,0,0,0,0,0
61992,1,1,14,14,14,14,14,14,14,14,14,14
61993,0,1,0,0,0,0,0,0,0,0,0,0
61993,1,1,0,0,0,0,0,0,0,0,0,27
61994,1,1,0,0,0,0,0,0,0,0,0,0
61995,0,1,10,10,10,10,10,10,10,10,10,10
61995,2,1,0,0,0,0,0,0,0,0,0,0
61996,1,1,16,16,16,16,16,16,16,16,16,16
61996,2,1,0,0,0,0,0,0,0,0,0,0
61997,1,1,0,0,0,0,0,0,0,0,0,0
61997,2,1,0,0,0,0,0,0,0,0,0,0
61997,3,1,0,0,0,0,0,0,0,0,0,0
61997,4,1,0,0,0,0,0,0,0,0,0,0
61998,1,1,15,15,15,15,15,15,15,15,15,15
61999,0,1,0,0,0,0,0,0,0,0,0,0
61999,1,1,28,21,10,16,26,9,19,17,12,14
62000,1,1,0,0,0,0,0,0,0,0,0,0
62000,2,1,0,0,0,0,0,0,0,0,0,0
62001,1,1,22,22,22,22,22,22,22,22,22,22
62002,1,1,17,17,17,17,17,17,17,17,17,17
62002,2,1,0,0,0,0,0,0,0,0,0,0
62002,3,1,21,0,0,0,0,0,0,0,0,0
62003,1,1,6,6,6,6,6,6,6,6,6,6
62004,1,1,15,7,17,0,0,0,0,0,0,0
62004,2,1,0,0,0,0,0,0,0,0,0,0
62005,1,1,25,25,25,25,25,25,25,25,25,25
62006,1,1,0,0,0,0,0,0,0,0,0,0
62006,2,1,0,0,0,0,0,0,0,0,0,0
62007,0,1,0,0,0,0,0,0,0,0,0,0
62007,1,1,0,0,0,0,0,0,0,0,0,0
62008,1,1,0,0,0,24,0,0,0,0,0,0
62008,2,1,8,8,8,8,8,8,8,8,8,8
62009,0,1,20,20,20,20,20,20,20,20,20,20
62009,1,1,0,0,0,0,0,0,0,0,0,0
62010,1,1,0,0,0,0,0,0,0,0,0,0
62011,1,1,0,0,0,0,0,0,0,0,0,0
62012,1,1,0,0,0,0,0,0,0,0,0,0
62012,2,1,0,0,0,0,0,0,0,0,0,0
62012,3,1,0,0,0,0,0,0,0,0,0,0
62013,1,1,0,0,0,0,0,0,0,0,0,0
62013,2,1,0,0,0,0,0,0,0,0,0,0
62013,3,1,0,0,0,0,0,0,0,0,0,0
62014,1,1,30,30,30,30,30,30,30,30,30,30
62015,1,1,0,0,0,0,0,0,0,0,0,0
62016,1,1,0,0,0,0,0,0,0,0,0,0
62016,2,1,0,0,0,0,0,0,0,0,0,0
62017,1,1,0,0,14,0,0,0,0,0,0,0
62017,2,1,0,6,23,0,16,0,0,9,8,0
62018,1,1,0,0,0,0,0,0,0,0,0,0
62018,2,1,0,0,0,0,0,0,0,0,0,0
62018,3,1,3,0,0,0,0,0,0,0,0,0
62018,4,1,0,0,0,0,0,0,15,0,0,0
62019,0,1,0,0,0,0,0,0,0,0,0,0