ST_CASE,VEH_NO,PER_NO,P1,P2,P3,P4,P5,P6,P7,P8,P9,P10
62820,1,1,0,0,0,0,0,0,0,0,0,0
62820,2,1,0,0,0,0,0,0,0,0,0,0
62821,0,1,0,0,0,0,0,0,0,0,0,0
62821,1,1,0,0,0,0,0,0,0,0,0,0
62822,1,1,0,0,0,0,0,0,0,0,0,0
62823,0,1,0,0,0,0,0,0,0,0,0,0
62823,1,1,0,0,0,0,0,0,0,0,0,0
62824,0,1,0,0,0,0,0,0,0,0,0,0
62824,1,1,0,0,0,0,0,0,0,0,0,0
62825,1,1,0,0,0,0,0,0,0,0,0,0
62826,0,1,17,0,0,21,0,27,0,0,15,26
62826,1,1,0,0,0,0,0,0,0,0,0,0
62826,2,1,0,0,10,0,0,0,0,0,20,0
62826,3,1,0,0,0,17,0,0,0,0,0,0
62827,1,1,0,0,0,0,0,0,0,0,0,0
62828,1,1,0,21,0,0,12,0,0,20,0,0
62828,2,1,0,0,0,0,0,0,0,0,0,0
62829,0,1,0,0,0,0,24,0,0,0,0,0
62829,1,1,0,0,0,0,0,0,0,0,0,0
62830,0,1,12,12,12,12,12,12,12,12,12,12
62830,1,1,0,0,0,0,0,0,0,0,0,0
62831,0,1,0,0,0,0,0,0,0,0,0,0
62831,1,1,0,0,0,0,0,0,0,0,4,0
62832,0,1,29,29,29,29,29,29,29,29,29,29
62832,1,1,0,0,21,0,20,0,30,26,0,0
62833,0,1,0,0,0,0,0,0,0,0,0,0
62833,1,1,11,11,11,11,11,11,11,11,11,11
62834,0,1,0,0,29,0,21,11,13,0,0,11
62834,1,1,0,0,0,0,0,0,0,0,0,0
62835,0,1,0,0,0,0,0,0,0,0,0,0
62835,1,1,0,0,0,30,0,0,0,0,0,0
62836,0,1,0,0,0,0,0,0,0,0,0,0
62836,1,1,13,9,0,24,8,18,0,49,0,9
62837,1,1,13,13,13,13,13,13,13,13,13,13
62837,2,1,0,0,0,0,0,0,0,0,0,0
62838,1,1,0,0,0,0,0,0,0,0,0,0
62839,0,1,0,0,0,0,0,0,0,0,0,0
62839,1,1,0,0,0,0,0,0,0,0,0,0
62840,0,1,34,34,34,34,34,34,34,34,34,34
62840,1,1,0,0,0,0,0,0,0,0,0,0
62841,0,1,0,0,0,0,0,0,0,0,0,0
62841,1,1,0,0,0,0,0,0,0,0,10,0
62842,0,1,0,0,0,0,0,0,0,0,0,0
62842,1,1,0,0,0,0,0,0,0,0,0,0
62843,1,1,0,0,0,0,0,0,0,0,0,0
62843,2,1,0,0,0,0,0,0,0,0,0,0
62843,3,1,0,0,0,0,0,0,0,0,0,0
62844,1,1,0,0,0,0,0,0,0,0,0,0
62844,2,1,0,0,0,0,0,0,0,0,0,0
62845,1,1,0,0,0,0,0,0,0,0,0,6
62845,2,1,9,20,8,0,17,17,0,18,0,0
62846,1,1,16,16,16,16,16,16,16,16,16,16
62847,0,1,0,0,0,0,0,0,0,0,0,0
62847,1,1,0,0,0,0,0,0,0,0,0,0
62848,1,1,0,0,0,0,0,20,0,0,22,7
62848,2,1,0,0,0,0,0,0,0,0,0,0
62848,3,1,0,0,0,0,0,0,0,0,0,0
62848,4,1,0,0,0,0,0,0,0,0,0,0
62848,5,1,0,0,0,0,0,0,0,0,0,0
62848,6,1,0,0,0,0,0,0,0,0,0,0
62849,0,1,0,0,0,0,0,0,0,0,0,0
62849,1,1,0,0,10,0,0,0,0,0,0,0
62850,1,1,0,0,0,0,0,0,0,0,0,0
62850,2,1,0,0,0,0,0,0,0,0,0,0
62851,0,1,0,0,0,0,0,0,0,0,0,0
62851,1,1,0,0,0,0,0,0,0,0,0,0
62852,1,1,0,0,0,0,0,0,0,0,0,0
62853,0,1,0,0,0,0,0,0,0,0,0,0
62853,1,1,0,0,0,0,0,0,0,0,0,0
62854,1,1,29,29,29,29,29,29,29,29,29,29
62854,2,1,0,0,0,0,10,0,0,0,0,0
62855,0,1,0,0,0,0,0,0,0,0,0,0
62855,1,1,0,0,0,0,0,0,0,0,0,0
62856,1,1,0,0,0,0,0,0,0,0,0,0
62856,2,1,0,0,0,0,0,0,0,0,0,0
62857,1,1,0,0,0,0,0,0,0,0,0,0
62857,2,1,0,0,0,0,0,0,0,0,0,0
62857,3,1,0,0,0,0,0,0,0,0,0,0
62858,1,1,0,0,0,0,0,0,0,0,0,0
62858,2,1,0,0,0,0,0,0,0,0,0,0
62859,1,1,0,0,0,0,0,3,0,0,0,0
62859,2,1,14,14,14,14,14,14,14,14,14,14
62860,0,1,0,0,0,0,13,0,0,12,34,0
62860,1,1,0,0,0,0,0,0,0,0,0,0
62861,0,1,1,1,1,1,1,1,1,1,1,1
62861,1,1,0,0,0,0,0,0,1,0,0,0
62862,0,1,0,0,0,0,0,0,0,0,0,0
62862,1,1,0,0,0,0,0,0,0,0,0,0
62863,0,1,0,0,0,0,0,0,0,0,0,0
62863,1,1,0,0,0,0,0,0,0,0,0,0
62864,1,1,0,0,0,0,0,0,0,0,0,0
62865,1,1,0,0,0,0,0,0,0,0,0,0
62866,0,1,0,18,0,0,0,0,0,0,0,0
62866,1,1,0,0,0,11,0,0,0,0,0,0
62867,0,1,0,0,0,0,0,0,0,0,0,0
62867,1,1,0,0,0,0,0,0,0,0,0,0
62867,2,1,0,0,0,0,0,0,0,0,0,0
62868,1,1,0,0,0,0,0,0,0,0,0,0
62868,2,1,0,0,0,0,0,0,0,0,0,0
62869,0,1,0,0,0,0,0,0,0,0,0,0
62869,1,1,0,0,0,0,0,0,0,0,0,0
62869,2,1,0,0,0,0,0,0,0,0,0,0
62870,0,1,0,0,0,0,0,0,0,0,0,0
62870,1,1,5,17,0,34,3,0,0,12,4,4
62871,0,1,0,0,0,0,0,0,0,0,0,0
62871,1,1,0,0,20,0,0,0,0,0,0,0
62872,1,1,0,0,0,0,0,0,0,0,0,0
62872,2,1,0,0,0,0,0,0,0,0,0,0
62872,3,1,0,0,0,0,0,0,0,0,0,0
62872,4,1,0,0,0,0,0,0,0,0,0,0
62873,1,1,0,0,0,0,0,0,0,0,0,22
62873,2,1,0,0,0,0,0,0,0,0,0,0
62873,3,1,0,0,0,0,0,0,0,0,0,0
62874,1,1,0,0,0,0,0,0,0,0,0,0
62874,2,1,0,0,0,0,0,0,0,0,0,0
62875,0,1,0,0,0,0,0,0,0,0,0,0
62875,1,1,0,0,0,0,0,0,0,0,0,13
62876,1,1,0,0,0,0,0,0,0,0,0,0
62876,2,1,0,0,0,0,0,0,0,0,0,0
62876,3,1,0,0,0,0,0,0,0,0,0,0
62877,0,1,0,0,0,0,0,0,0,0,0,0
62877,1,1,0,0,0,0,11,0,0,0,0,0
62878,1,1,14,14,14,14,14,14,14,14,14,14
62878,2,1,0,0,0,0,0,0,0,0,0,0
62878,3,1,0,0,0,0,0,0,0,0,0,0
62879,0,1,0,0,0,0,0,0,0,0,0,0
62879,1,1,0,0,16,0,0,0,0,0,0,0
62880,0,1,0,0,0,0,0,0,0,0,0,0
62880,1,1,0,0,0,0,0,0,0,0,0,0
62881,1,1,19,19,19,19,19,19,19,19,19,19
62881,2,1,0,0,0,0,0,0,0,0,0,0
62882,0,1,0,0,0,0,0,0,0,0,0,0
62882,1,1,0,0,0,0,0,0,0,0,0,0
62883,1,1,0,0,0,0,0,0,0,0,0,0
62883,2,1,0,0,0,0,0,0,14,0,0,0
62883,3,1,0,0,0,0,0,0,0,0,0,0
62883,4,1,5,0,0,0,0,19,0,0,0,0
62883,5,1,0,0,0,0,0,0,0,0,0,17
62883,6,1,0,0,0,0,0,20,18,0,0,19
62884,1,1,0,0,0,0,0,0,0,0,0,0
62884,2,1,0,0,0,0,0,0,0,0,0,0
62884,3,1,0,0,0,0,0,0,0,0,0,0
62884,4,1,0,0,0,0,0,0,0,17,0,0
62884,5,1,0,0,0,0,0,0,0,0,13,0
62885,0,1,9,9,9,9,9,9,9,9,9,9
62885,1,1,0,0,12,0,0,0,0,0,16,0
62886,1,1,1,1,1,1,1,1,1,1,1,1
62887,0,1,20,20,20,20,20,20,20,20,20,20
62887,1,1,0,13,0,16,0,0,0,5,5,29
62888,1,1,22,22,22,22,22,22,22,22,22,22
62889,0,1,0,0,0,0,0,0,0,0,0,0
62889,1,1,20,0,19,10,0,0,0,9,0,0
62890,0,1,0,0,0,0,0,0,0,0,0,0
62890,1,1,0,0,0,0,0,0,0,0,0,0
62891,0,1,0,0,0,0,0,0,0,0,0,0
62891,1,1,0,0,0,0,0,0,0,0,0,0
62892,0,1,44,12,0,0,31,49,31,26,10,0
62892,1,1,0,0,5,11,0,6,29,15,4,0
62893,0,1,4,4,4,4,4,4,4,4,4,4
62893,1,1,21,21,21,21,21,21,21,21,21,21
62894,0,1,0,0,0,0,0,0,0,0,0,0
62894,1,1,3,3,3,3,3,3,3,3,3,3
62895,1,1,0,0,0,0,0,0,0,0,0,0
62896,0,1,0,0,0,0,0,0,0,0,0,0
62896,0,2,0,0,0,0,0,0,0,0,0,0
62896,0,3,0,0,0,0,0,0,0,0,0,0
62896,0,4,20,31,0,14,28,33,24,0,32,0
62896,0,5,0,0,21,25,35,30,9,25,0,17
62896,0,6,0,0,0,0,0,0,0,0,7,0
62896,1,1,2,9,0,13,10,33,8,13,7,19
62896,2,1,11,20,23,17,4,10,6,24,13,16
62897,0,1,0,14,5,0,31,0,26,0,0,0
62897,1,1,0,0,11,0,0,0,13,7,0,0
62898,0,1,39,0,0,0,12,0,19,0,0,0
62898,1,1,0,0,0,0,0,0,0,0,0,0
62898,2,1,26,0,0,0,0,0,0,0,0,0
62899,0,1,0,0,0,0,0,0,0,0,0,0
62899,1,1,0,0,0,0,0,0,0,0,0,0
62900,1,1,24,24,24,24,24,24,24,24,24,24
62900,2,1,0,0,0,0,0,0,0,0,0,0
62901,0,1,32,10,29,37,18,14,29,16,28,16
62901,1,1,0,0,0,0,0,0,0,0,0,0
62902,1,1,0,0,0,0,0,0,0,0,0,0
62902,2,1,17,0,0,0,0,0,0,0,0,0
62903,0,1,30,30,30,30,30,30,30,30,30,30
62903,1,1,0,0,0,0,0,0,0,0,0,0
62904,0,1,23,23,23,23,23,23,23,23,23,23
62904,1,1,0,0,0,0,0,0,0,0,0,0
62905,1,1,0,0,0,0,0,0,0,0,0,0
62906,0,1,0,0,0,0,0,0,0,0,0,0
62906,1,1,0,0,0,0,0,0,0,0,0,0
62907,1,1,0,0,0,0,0,0,0,0,0,0
62907,2,1,0,0,0,0,0,0,0,0,0,0
62908,1,1,0,0,0,0,0,0,0,0,0,0
62908,2,1,0,0,0,0,0,0,0,0,0,0
62909,1,1,9,9,9,9,9,9,9,9,9,9
62910,0,1,0,0,0,0,0,0,0,0,0,0
62910,1,1,0,0,0,0,0,0,0,0,0,0
62911,1,1,24,24,24,24,24,24,24,24,24,24
62912,1,1,0,0,0,0,0,0,0,0,0,0
62913,1,1,0,0,0,0,0,0,0,0,0,0
62913,2,1,0,0,0,0,0,0,13,0,0,0
62914,1,1,0,0,0,0,0,0,0,0,0,0
62914,2,1,0,0,23,0,0,0,0,0,0,0
62915,1,1,0,0,0,0,0,0,0,0,0,0
62915,2,1,0,0,0,0,0,0,0,0,0,0
62916,1,1,40,40,40,40,40,40,40,40,40,40
62917,0,1,26,26,26,26,26,26,26,26,26,26
62917,1,1,0,0,0,0,0,0,0,0,16,0
62918,1,1,35,35,35,35,35,35,35,35,35,35
62919,0,1,0,0,0,0,0,0,0,0,0,0
62919,1,1,0,0,0,0,0,0,0,0,0,0
62920,0,1,0,0,0,0,0,0,0,0,0,0
62920,1,1,0,0,0,0,0,0,0,0,0,0
62921,1,1,0,0,0,0,0,0,0,0,0,0
62922,1,1,0,0,0,0,0,0,0,0,0,0
62922,2,1,0,0,0,0,0,0,0,0,0,0
62922,3,1,0,0,0,0,0,0,0,0,0,0
62923,1,1,0,0,0,0,0,0,0,0,0,0
62923,2,1,0,0,0,0,0,0,0,0,0,0
62924,1,1,0,0,0,0,0,0,0,16,0,0
62924,2,1,0,0,0,0,0,0,0,0,0,0
62924,3,1,0,0,0,0,0,25,0,0,0,0
62925,1,1,18,18,18,18,18,18,18,18,18,18
62926,0,1,6,6,6,6,6,6,6,6,6,6
62926,1,1,6,0,0,0,5,0,9,4,5,10
62927,0,1,0,0,0,0,0,0,0,0,0,0
62927,1,1,0,0,0,0,0,0,0,0,0,0
62928,0,1,15,13,0,0,13,29,24,13,0,24
62928,1,1,3,3,3,3,3,3,3,3,3,3
62929,0,1,0,0,0,0,0,0,0,0,0,0
62929,1,1,0,0,0,0,0,0,38,0,10,6
62930,0,1,0,0,0,0,0,0,0,0,0,0
62930,0,2,16,0,15,0,1,0,0,31,38,13
62930,1,1,0,0,0,0,0,0,0,0,0,0
62930,3,1,0,0,0,10,0,0,0,0,0,14
62930,4,1,0,0,0,0,0,0,0,0,0,0
62930,5,1,0,0,17,0,0,19,0,0,17,0
62930,6,1,0,8,0,0,0,0,0,0,0,0
62931,1,1,0,0,0,0,0,0,0,0,0,0
62932,0,1,42,42,42,42,42,42,42,42,42,42
62932,1,1,0,0,0,0,5,2,0,23,0,12
62933,1,1,0,0,0,0,0,0,0,0,0,0
62933,2,1,0,0,0,0,0,0,0,0,14,0
62934,1,1,0,0,0,0,0,0,0,0,0,0
62934,2,1,0,0,0,0,0,0,0,0,0,0
62934,3,1,0,0,0,0,0,0,0,0,0,0
62934,4,1,0,0,0,0,0,0,0,0,0,0
62935,1,1,0,0,0,0,0,0,0,0,0,0
62935,2,1,0,0,0,0,0,0,0,0,0,0
62936,0,1,0,0,0,0,0,0,0,0,0,0
62936,1,1,0,21,0,0,0,0,11,16,0,0
62937,0,1,0,0,0,0,0,0,0,0,0,0
62937,1,1,0,0,0,0,0,0,0,0,0,0
62938,0,1,19,0,0,3,0,20,11,24,24,0
62938,1,1,0,0,0,0,0,0,0,0,0,0
62939,0,1,13,0,0,2,0,30,0,0,0,0
62939,1,1,0,0,0,0,0,0,0,0,0,0
62940,0,1,0,0,0,0,0,0,0,0,0,0
62940,1,1,11,0,0,0,0,0,0,0,0,0
62941,0,1,0,0,0,0,0,0,0,0,0,0
62941,0,2,27,16,0,0,0,0,0,0,0,0
62941,1,1,0,0,0,0,0,0,0,0,0,0
62942,0,1,0,0,0,0,0,0,0,0,0,0
62942,1,1,0,0,0,0,0,0,0,0,0,0
62943,1,1,7,7,7,7,7,7,7,7,7,7
62943,2,1,0,0,0,0,0,0,0,0,0,0
62944,1,1,0,0,0,0,0,0,0,0,0,0
62944,2,1,0,0,0,0,0,0,0,0,0,0
62945,1,1,0,0,0,0,0,0,0,0,0,0
62945,2,1,0,0,0,0,0,0,0,0,0,0
62945,3,1,0,0,0,0,0,0,0,0,0,0
62946,1,1,0,0,0,0,0,0,0,0,0,0
62946,2,1,0,0,0,0,0,0,0,0,0,0
62947,1,1,20,20,20,20,20,20,20,20,20,20
62948,0,1,18,18,18,18,18,18,18,18,18,18
62948,1,1,0,0,0,0,10,0,10,0,0,0
62949,0,1,0,0,0,0,0,0,0,0,0,0
62949,1,1,0,0,0,0,0,0,0,0,0,0
62950,1,1,0,0,0,0,0,0,30,22,0,0
62951,1,1,0,0,0,0,0,0,0,0,0,0
62951,2,1,0,0,0,0,0,0,0,0,0,0
62951,3,1,0,0,0,10,0,0,0,0,0,0
62951,4,1,0,0,0,0,0,0,0,0,0,0
62951,5,1,0,0,0,0,0,0,0,0,0,0
62952,1,1,0,0,0,15,0,0,0,0,0,35
62953,0,1,0,0,0,0,0,0,0,0,0,11
62953,1,1,0,0,0,0,0,0,0,0,0,0
62954,1,1,15,15,15,15,15,15,15,15,15,15
62955,0,1,0,0,0,0,0,0,0,0,0,0
62955,1,1,0,0,0,0,0,0,0,0,0,0
62956,0,1,18,31,8,21,14,21,11,0,6,25
62956,1,1,0,14,0,0,0,0,0,0,0,0
62957,0,1,44,44,44,44,44,44,44,44,44,44
62957,1,1,0,0,0,0,0,0,0,0,0,0
62958,0,1,0,0,0,0,0,0,0,0,0,0
62958,1,1,0,0,0,0,0,0,0,0,0,0
62959,0,1,0,0,0,0,0,0,0,0,0,0
62959,1,1,0,0,0,0,0,0,0,0,0,0
62960,1,1,0,0,0,0,0,0,0,0,0,0
62961,0,1,0,0,0,0,0,0,0,0,0,0
62961,1,1,0,0,0,0,0,0,0,0,0,0
62962,0,1,0,0,0,0,0,0,0,0,0,0
62962,1,1,0,0,0,0,0,0,0,0,0,0
62963,0,1,0,0,0,0,0,0,0,0,0,0
62963,1,1,0,0,0,0,0,0,0,0,0,0
62964,1,1,0,0,0,0,0,0,0,0,0,0
62965,0,1,0,0,24,0,0,12,0,39,0,0
62965,1,1,11,0,13,0,12,0,9,0,0,6
62966,0,1,0,0,0,0,0,0,0,0,0,0
62966,1,1,0,0,0,0,0,0,0,0,0,0
62967,0,1,0,0,0,15,14,0,0,0,14,0
62967,1,1,0,0,0,0,0,0,0,0,0,0
62968,0,1,0,0,0,0,0,0,0,0,0,0
62968,1,1,0,0,0,0,0,0,0,0,0,0
62969,0,1,0,0,0,0,0,0,0,0,0,0
62969,1,1,0,0,0,0,0,0,0,0,0,0
62969,2,1,0,0,0,0,10,0,0,0,0,0
62970,0,1,0,0,0,0,0,0,0,0,0,0
62970,1,1,0,0,0,0,0,0,0,0,0,0
62971,0,1,0,0,0,0,0,0,0,0,0,0
62971,1,1,0,0,0,0,0,0,0,0,0,0
62972,1,1,18,18,18,18,18,18,18,18,18,18
62973,1,1,0,0,28,0,0,0,0,0,17,10
62974,0,1,0,0,0,0,0,0,0,0,0,0
62974,1,1,21,0,29,7,0,0,0,0,0,0
62975,0,1,0,0,0,0,0,0,0,0,0,0
62975,1,1,5,0,7,0,0,12,0,0,0,0
62976,0,1,0,0,0,0,0,0,0,0,0,0
62976,1,1,0,5,10,19,0,0,13,19,22,0
62977,1,1,0,0,0,0,0,0,0,0,0,0
62977,2,1,4,4,4,4,4,4,4,4,4,4
62978,0,1,0,0,0,0,0,0,0,0,0,0
62978,1,1,0,0,0,0,0,0,0,0,0,0
62979,0,1,0,0,0,0,0,0,0,0,0,0
62979,1,1,0,0,0,0,0,0,0,0,0,0
62980,0,1,16,16,16,16,16,16,16,16,16,16
62980,1,1,0,15,24,0,29,0,11,7,5,11
62981,0,1,0,0,0,0,0,0,0,0,0,0
62981,1,1,0,0,0,0,0,0,0,0,0,0
62982,1,1,0,0,0,0,0,0,0,0,0,0
62983,1,1,25,25,25,25,25,25,25,25,25,25
62983,2,1,0,0,0,0,0,7,0,0,0,0
62983,3,1,0,0,0,0,0,0,0,0,0,0
62984,1,1,21,29,0,9,17,18,43,9,20,28
62984,2,1,11,11,11,11,11,11,11,11,11,11
62985,0,1,0,0,0,0,0,0,0,0,0,0
62985,1,1,0,0,0,0,0,0,0,0,0,0
62986,1,1,9,9,9,9,9,9,9,9,9,9
62987,0,1,0,0,0,0,0,0,0,0,0,0
62987,1,1,0,0,0,0,0,0,0,0,0,0
62988,1,1,0,0,0,0,0,0,0,0,0,0
62988,2,1,0,0,0,0,0,0,0,0,0,0
62989,0,1,0,0,0,0,0,0,0,0,0,0
62989,1,1,0,0,0,0,0,0,0,0,0,0
62990,1,1,17,17,17,17,17,17,17,17,17,17
62991,1,1,0,0,0,0,0,0,0,0,0,0
62991,2,1,0,0,0,0,0,0,0,0,0,0
62991,3,1,16,16,16,16,16,16,16,16,16,16
62992,1,1,0,0,0,0,0,0,0,0,0,0
62992,2,1,0,0,0,0,0,0,0,0,0,0
62992,3,1,0,0,0,0,0,0,0,0,0,0
62992,4,1,0,0,0,0,0,0,0,0,0,0
62993,0,1,0,0,0,0,0,0,0,0,0,0
62994,0,1,0,0,16,9,18,0,0,0,0,0
62994,1,1,19,32,18,13,25,14,0,39,9,16
62995,0,1,0,0,0,0,0,0,0,0,0,0
62995,1,1,0,0,0,0,0,0,0,0,0,0
62996,0,1,0,0,0,0,0,0,0,0,0,0
62996,1,1,0,0,0,0,0,0,0,0,0,0
62997,0,1,0,0,0,0,0,0,0,0,0,0
62997,1,1,0,0,0,0,0,0,0,0,0,0
62998,0,1,0,0,0,0,0,0,0,0,0,0
62998,1,1,0,0,0,0,0,0,0,0,0,0
62998,2,1,0,0,0,0,0,0,0,0,0,0
62999,1,1,0,0,0,0,0,0,0,0,0,0
63000,0,1,11,11,11,11,11,11,11,11,11,11
63000,1,1,4,4,4,4,4,4,4,4,4,4
63001,1,1,11,11,11,11,11,11,11,11,11,11
63001,2,1,0,0,0,0,0,0,0,0,0,0
63002,1,1,0,0,0,0,0,0,0,0,0,0
63002,2,1,0,0,0,0,0,0,0,0,0,0
63003,1,1,24,19,21,20,14,27,9,13,8,19
63004,0,1,32,32,32,32,32,32,32,32,32,32
63004,0,2,31,0,11,0,32,0,37,52,0,0
63004,1,1,0,0,25,21,18,9,0,19,0,0
63005,1,1,6,6,6,6,6,6,6,6,6,6
63006,0,1,0,0,0,0,0,0,0,0,0,0
63006,0,2,0,0,0,0,0,0,0,0,0,0
63006,1,1,0,0,0,0,0,0,0,0,0,0
63007,1,1,0,0,0,4,0,14,14,0,25,24
63007,2,1,0,0,16,11,22,0,0,0,0,0
63008,1,1,0,0,0,0,0,0,0,0,0,0
63009,1,1,0,0,0,0,0,0,0,0,0,0
63009,2,1,17,15,5,4,5,4,13,7,21,18
63010,1,1,11,11,11,11,11,11,11,11,11,11
63010,2,1,0,0,0,0,0,0,0,0,0,0
63011,0,1,0,0,0,0,0,0,0,0,0,0
63011,1,1,0,0,0,0,0,0,0,0,0,0
63012,0,1,0,0,0,0,0,0,0,0,0,0
63012,1,1,0,0,0,0,0,0,0,0,0,0
63013,0,1,0,0,0,0,0,0,0,0,0,0
63013,1,1,0,0,0,0,23,0,0,23,0,14
63014,1,1,25,22,0,5,14,22,27,48,23,23
63015,0,1,0,0,0,0,0,0,0,0,0,0
63015,1,1,7,20,22,14,9,6,26,2,14,11
63016,1,1,13,13,13,13,13,13,13,13,13,13
63016,2,1,0,0,0,0,0,0,4,0,0,0
63017,0,1,17,27,0,0,0,19,0,0,0,0
63017,1,1,0,0,0,0,0,0,0,0,0,0
63018,1,1,12,12,12,12,12,12,12,12,12,12
63019,0,1,0,0,0,0,0,0,0,0,0,0
63019,0,2,0,0,0,0,0,0,0,0,0,0
63019,1,1,0,0,16,0,0,0,0,0,0,0
63020,1,1,2,2,2,2,2,2,2,2,2,2
63021,0,1,21,21,21,21,21,21,21,21,21,21
63021,1,1,0,0,0,0,0,0,0,0,0,0
63022,0,1,1,1,1,1,1,1,1,1,1,1
63022,1,1,0,0,0,0,0,0,0,0,0,0
63023,0,1,0,0,0,0,0,0,0,0,0,0
63023,1,1,0,0,0,0,0,0,0,0,0,0
63024,1,1,0,0,0,0,0,0,0,0,0,0
63025,0,1,0,0,0,0,0,0,0,0,0,0
63025,1,1,2,7,0,7,0,0,0,1,0,8
63026,1,1,0,0,0,0,0,0,0,0,0,0
63027,0,1,2,2,2,2,2,2,2,2,2,2
63027,0,2,0,0,0,0,0,0,0,0,0,0
63027,0,3,2,2,2,2,2,2,2,2,2,2
63027,0,4,6,6,6,6,6,6,6,6,6,6
63027,0,5,0,0,0,0,0,0,0,0,0,0
63027,0,6,0,0,0,0,0,0,0,0,0,0
63027,0,7,0,0,0,0,0,0,0,0,0,0
63027,0,8,0,0,0,0,0,0,0,0,0,0
63027,0,9,0,0,0,0,0,0,0,0,0,0
63027,0,10,0,0,0,0,0,0,20,0,0,0
63027,0,11,0,0,0,0,0,0,0,0,0,0
63027,1,1,20,20,20,20,20,20,20,20,20,20
63028,0,1,0,0,0,0,0,0,0,0,0,0
63028,1,1,0,0,0,0,0,0,0,0,0,0
63029,1,1,24,24,24,24,24,24,24,24,24,24
63030,0,1,0,0,0,0,0,0,0,0,0,0
63030,1,1,0,0,0,0,0,0,0,0,0,0
63031,1,1,0,0,0,0,0,0,0,0,0,0
63031,2,1,0,0,0,0,0,0,0,0,0,0
63032,1,1,0,0,11,0,0,0,0,0,0,0
63032,2,1,0,0,0,0,0,0,0,0,0,0
63033,1,1,0,0,0,0,0,0,0,0,0,0
63034,0,1,0,0,0,0,0,0,0,0,0,0
63034,0,2,23,0,0,0,0,0,0,0,0,0
63034,1,1,0,0,0,0,0,0,0,0,0,0
63035,0,1,0,0,0,0,0,0,0,0,0,0
63035,1,1,0,4,0,36,0,3,0,0,6,0
63036,1,1,0,0,0,0,0,0,0,0,0,0
63036,2,1,0,0,23,0,11,0,0,0,0,0
63037,1,1,20,20,20,20,20,20,20,20,20,20
63037,2,1,0,0,0,0,0,0,0,0,0,0
63038,1,1,0,0,0,0,0,0,0,0,0,0
63038,2,1,0,0,0,0,0,0,0,0,0,0
63038,3,1,0,0,0,0,10,0,0,0,0,0
63039,1,1,0,0,0,0,0,0,0,0,0,0
63039,2,1,0,27,0,0,0,6,0,0,0,0
63040,1,1,0,0,0,0,0,0,0,0,0,0
63040,2,1,0,0,0,0,0,0,0,0,0,0
63041,1,1,0,0,0,0,0,0,0,0,0,0
63042,1,1,9,9,9,9,9,9,9,9,9,9
63042,2,1,0,27,0,17,0,0,0,0,0,0
63043,0,1,0,0,0,23,0,0,0,0,0,0
63043,1,1,0,0,0,0,14,0,0,0,0,0
63044,1,1,28,28,28,28,28,28,28,28,28,28
63044,2,1,8,8,8,8,8,8,8,8,8,8
63045,1,1,19,19,19,19,19,19,19,19,19,19
63045,2,1,0,0,0,0,0,0,0,0,0,0
63046,0,1,0,0,0,0,0,0,0,0,0,0
63046,1,1,0,0,0,0,11,0,0,17,0,0
63047,0,1,0,0,0,0,0,0,0,0,0,0
63047,1,1,0,0,0,0,0,0,0,0,0,0
63048,0,1,0,0,0,0,0,0,0,0,0,0
63048,1,1,21,0,0,0,0,0,0,0,0,0
63049,1,1,0,0,0,0,0,0,0,0,0,0
63049,2,1,8,0,0,0,0,0,0,0,0,0
63050,1,1,0,0,0,0,0,0,0,0,0,0
63050,2,1,0,0,0,0,0,0,0,0,0,0
63051,1,1,17,3,9,6,12,9,6,19,19,4
63051,2,1,0,0,0,0,0,0,0,0,0,0
63052,0,1,21,21,21,21,21,21,21,21,21,21
63052,1,1,0,0,0,0,0,0,0,0,0,0
63052,2,1,0,0,0,0,0,0,0,0,0,0
63053,0,1,6,6,6,6,6,6,6,6,6,6
63053,1,1,0,0,0,0,0,0,0,0,0,0
63054,0,1,33,33,33,33,33,33,33,33,33,33
63054,1,1,0,0,0,0,0,0,0,0,0,0
63055,0,1,0,0,0,0,0,0,0,0,0,0
63055,1,1,0,0,0,0,0,0,0,0,0,0
63056,1,1,0,0,0,0,0,0,0,0,0,0
63056,2,1,0,0,0,0,0,0,0,0,0,0
63056,3,1,0,16,0,12,5,11,0,8,7,12
63057,1,1,16,16,16,16,16,16,16,16,16,16
63057,2,1,0,0,0,0,0,0,0,0,0,0
63058,1,1,0,0,0,0,0,0,0,0,0,0
63058,2,1,0,0,0,0,0,0,0,0,0,0
63058,3,1,0,0,0,0,0,0,0,0,12,0
63059,0,1,0,0,0,0,15,0,0,0,0,0
63059,1,1,0,0,0,0,0,0,0,0,0,0
63060,0,1,0,0,0,0,0,0,0,0,0,0
63060,1,1,13,13,13,13,13,13,13,13,13,13
63061,0,1,0,0,0,0,0,0,0,0,0,0
63061,1,1,0,16,18,18,21,10,20,19,20,30